signal_id,trade_id,side,entry_id,signal_time,entry_time,exit_time,expiry_time,option_type,strike,entry_spot,exit_spot,direction_return_pct,entry_tte_hours,exit_tte_hours,entry_rv_base,exit_rv_base,entry_iv_used,exit_iv_used,entry_theoretical_mid,exit_theoretical_mid,entry_intrinsic,exit_intrinsic,entry_bid,entry_ask,exit_bid,exit_ask,entry_worst_model_price,exit_worst_model_price,entry_price_after_binance_slippage,exit_price_after_binance_slippage,contracts,entry_underlying_notional,exit_underlying_notional,entry_premium_value,exit_premium_value,entry_fee,exit_fee,total_cost,pnl,return_on_cost,won
509,509,short,Short1,2025-07-11 00:15:00,2025-07-11 00:30:00,2025-07-11 06:30:00,2025-07-11 08:00:00,put,115500.0,115444.84,117969.0,-2.1864641156763787,7.5,1.5,0.5602984051818498,0.48916732831634535,1.0624326875136823,0.25,1459.7748679256765,2.857035275027897e-09,55.16000000000349,0.0,1255.406386416082,1664.1433494352714,0.8,1.2,1763.9919504013878,0.7360000000000001,1781.6318699054018,0.7286400000000001,0.05612831791413208,6479.724681066112,6621.401536012248,100.0,0.0408973375649532,1.9439174043198333,0.00408973375649532,101.94391740431983,-101.90710980051138,-0.9996389426191807,False
510,510,short,Short1,2025-07-11 08:45:00,2025-07-11 09:00:00,2025-07-11 15:00:00,2025-07-12 08:00:00,put,118000.0,118033.16,117644.22,0.32951756946946187,23.0,17.0,0.5014506017712663,0.5225227333609567,0.9771033725683361,0.25,2340.4599688382878,714.88993366879,0.0,355.77999999999884,2223.4369703963735,2457.482967280202,679.1454369853506,750.6344303522295,2604.931945317014,624.8138020265226,2630.981264770184,618.5656640062573,0.03800863249732604,4486.279000938084,4471.4959234145745,100.0,23.51083499867829,1.3458837002814252,1.3414487770243722,101.34588370028142,-79.1764974786275,-0.7812502549465424,False
513,513,short,Short2,2025-07-14 07:45:00,2025-07-14 08:00:00,2025-07-14 14:00:00,2025-07-15 08:00:00,put,122500.0,122400.0,121787.73,0.5002205882353006,24.0,18.0,0.4208733113661608,0.3936397599777781,0.9,0.25,2351.3889188298563,979.8811270058068,100.0,712.2700000000041,2233.819472888363,2468.9583647713494,930.8870706555164,1028.875183356097,2617.0958666576303,856.4161050030751,2643.266825324207,847.8519439530444,0.03783197331496589,4630.633533751825,4607.470151450271,100.0,32.07591211867353,1.3891900601255474,1.3822410454350813,101.38919006012554,-70.6955189868871,-0.6972688009931179,False
514,514,short,Short1,2025-07-17 21:30:00,2025-07-17 21:45:00,2025-07-18 03:45:00,2025-07-18 08:00:00,put,120500.0,120272.19,120223.09,0.04082406747561995,10.25,4.25,0.46434799023106066,0.4233934615590829,0.9233045858350379,0.25,1633.4086856314243,425.61351832356013,227.80999999999767,276.9100000000035,1551.738251349853,1715.0791199129956,366.0276257582617,485.1994108888586,1817.9838671077755,336.7454156976008,1836.1637057788532,333.37796154062477,0.05446137492276735,6550.18883237231,6547.514778863601,100.0,18.15622215445188,1.9650566497116928,1.815622215445188,101.9650566497117,-85.624456710705,-0.8397431387191516,False
516,516,short,Short1,2025-07-22 23:15:00,2025-07-22 23:30:00,2025-07-23 05:30:00,2025-07-23 08:00:00,put,120000.0,119994.0,118665.72,1.106955347767391,8.5,2.5,0.41285401681445183,0.38318194614173756,0.9,0.25,1345.044269779879,1334.9136215929902,6.0,1334.2799999999988,1277.792056290885,1412.2964832688729,1314.2657999999988,1521.8015286160091,1497.0342722650053,1314.2657999999988,1512.0046149876553,1301.1231419999988,0.06613736427042351,7936.0868882651985,7848.23795005208,100.0,86.05285520313188,2.3808260664795595,2.354471385015624,102.38082606647956,-18.6824422483633,-0.18247989361047076,False
518,518,short,Short1,2025-07-27 22:15:00,2025-07-27 22:30:00,2025-07-28 04:30:00,2025-07-28 08:00:00,put,120000.0,119766.64,119280.0,0.4063234970940188,9.5,3.5,0.3184443836487647,0.31572717743148077,0.9,0.25,1537.1774066207,753.2462159495335,233.36000000000058,720.0,1460.3185362896647,1614.036276951735,709.2,858.7006861824683,1710.8784535688392,709.2,1727.9872381045275,702.1080000000001,0.05787079776682408,6930.991002652023,6902.828757626776,100.0,40.631550078469324,2.0792973007956066,2.0708486272880324,102.0792973007956,-63.51859584961431,-0.6222475813332156,False
520,520,long,Long1,2025-08-02 13:30:00,2025-08-02 13:45:00,2025-08-02 19:45:00,2025-08-03 08:00:00,call,113500.0,113457.85,112229.42,-1.0827192653483309,18.25,12.25,0.33352882189453903,0.3487997447712544,0.9,0.25,1838.588573284731,58.689061692541145,0.0,0.0,1746.6591446204943,1930.5180019489676,55.754608607914086,61.623514777168204,2046.3490820659058,51.29423991928096,2066.812572886565,50.78129752008815,0.04838368089678174,5489.508409634928,5430.0724445108945,100.0,2.4569860947364788,1.6468525228904782,0.24569860947364788,101.64685252289048,-99.43556503762765,-0.978245391466845,False
521,521,short,Short1,2025-08-07 10:45:00,2025-08-07 11:00:00,2025-08-07 17:00:00,2025-08-08 08:00:00,put,116500.0,116482.42,116393.12,0.0766639292006488,21.0,15.0,0.3014189445138477,0.30322076919159957,0.9,0.25,2056.5107718871805,535.9132334687165,17.580000000001746,106.88000000000466,1953.6852332928213,2159.3363104815394,509.11757179528064,562.7088951421523,2288.896489110432,468.38816605165823,2311.7854540015364,463.70428439114164,0.04325660922682384,5038.63452373477,5034.771708530814,100.0,20.058275026711602,1.5115903571204308,1.510431512559244,101.51159035712043,-82.96374684296806,-0.8172834900044363,False
525,525,short,Short1,2025-08-13 14:15:00,2025-08-13 14:30:00,2025-08-13 20:30:00,2025-08-14 08:00:00,put,121500.0,121649.7,122807.27,-0.951560094270687,17.5,11.5,0.41236736287513726,0.43925564874837664,0.9,0.25,1876.9593008859738,64.47003279742603,0.0,0.0,1783.111335841675,1970.8072659302725,61.24653115755473,67.69353443729733,2089.055701886089,56.34680866495035,2109.94625890495,55.783340578300844,0.04739457205507188,5765.535472127877,5820.398006901668,100.0,2.6438275545108945,1.729660641638363,0.26438275545108947,101.72966064163836,-99.35021584257855,-0.9766101175994104,False
526,526,short,Short1,2025-08-13 20:15:00,2025-08-13 20:30:00,2025-08-14 02:30:00,2025-08-14 08:00:00,put,123000.0,122807.27,123579.26,-0.6286191363100713,11.5,5.5,0.43925564874837664,0.4418292810810429,0.9,0.25,1697.0160371042875,101.296726663757,192.72999999999593,0.0,1612.165235249073,1781.866838959502,87.11518493083102,115.47826839668299,1888.7788492970722,80.14597013636454,1907.6666377900428,79.3445104350009,0.05242006020289063,6437.564486752645,6478.0322490286735,100.0,4.159244013771631,1.9312693460257935,0.41592440137716313,101.9312693460258,-98.18794973363133,-0.9632760424116075,False
527,527,long,Long1,2025-08-15 14:00:00,2025-08-15 14:15:00,2025-08-15 20:15:00,2025-08-16 08:00:00,call,118000.0,117892.0,117193.56,-0.5924405387982223,17.75,11.75,0.3433403248087662,0.3456838625831188,0.9,0.25,1852.6198782168503,141.47675357245316,0.0,0.0,1759.9888843060078,1945.250872127693,134.4029158938305,148.55059125107582,2061.9659244553545,123.65068262232407,2082.585583699908,122.41417579610082,0.04801723433729943,5660.847790492904,5627.310633342361,100.0,5.877990165408741,1.698254337147871,0.5877990165408742,101.69825433714787,-96.40806318828001,-0.9479814950281257,False
530,530,long,Long1,2025-08-19 17:15:00,2025-08-19 17:30:00,2025-08-19 23:30:00,2025-08-20 08:00:00,call,113500.0,113473.97,112964.0,-0.4494158440036977,14.5,8.5,0.3307061521811512,0.33096972324604146,0.9,0.25,1644.718980336409,146.8431770201969,0.0,0.0,1562.4830313195885,1726.9549293532295,139.50101816918703,154.18533587120675,1830.5722251144234,128.34093671565208,1848.8779473655677,127.05752734849555,0.054086858541683706,6137.4505635532605,6109.867888302758,100.0,6.872142508354188,1.841235169065978,0.6872142508354189,101.84123516906598,-95.65630691154722,-0.9392689194386615,False
531,531,long,Long1,2025-08-21 17:15:00,2025-08-21 17:30:00,2025-08-21 23:30:00,2025-08-22 08:00:00,call,112500.0,112441.83,112280.01,-0.1439144133460024,14.5,8.5,0.337498170643082,0.2984457937188024,0.9,0.25,1613.9386173111707,250.14455603979877,0.0,0.0,1533.241686445612,1694.6355481767293,237.63732823780882,262.6517838417887,1796.3136810673332,218.62634197878413,1814.2768178780066,216.44007855899628,0.05511838051095248,6197.611571287833,6188.69231495355,100.0,11.929826607835205,1.8592834713863498,1.1929826607835206,101.85928347138635,-91.12243952433467,-0.8945914051116627,False
532,532,short,Short1,2025-08-22 15:45:00,2025-08-22 16:00:00,2025-08-22 22:00:00,2025-08-23 08:00:00,put,116500.0,116593.48,116784.12,-0.1635082853689518,16.0,10.0,0.6889741845562468,0.584201523009972,1.2490125676065578,0.25,2435.1492398636547,267.22458631376503,0.0,0.0,2313.3917778704717,2556.9067018568376,253.86335699807677,280.5858156294533,2710.321103968248,233.55428843823063,2737.4243150079305,231.21874555384832,0.03653069034703533,4259.240314363256,4266.204525171015,100.0,8.446580396257584,1.2777720943089768,0.8446580396257585,101.27777209430897,-93.67584973767714,-0.9249398737804679,False
533,533,long,Long1,2025-08-25 00:45:00,2025-08-25 01:00:00,2025-08-25 07:00:00,2025-08-25 08:00:00,call,113000.0,112807.33,112049.1,-0.6721460387370204,7.0,1.0,0.4949829625647308,0.43706879314324915,0.9677252957188596,0.25,1138.1832095347418,0.06365376516062327,0.0,0.0,978.8375601998779,1297.5288588696058,0.86,1.1400000000000001,1375.3805904017822,0.7912,1389.1343963058,0.783288,0.07198727514482069,8120.692303062585,8066.109391429528,100.0,0.056386768773636305,2.436207690918775,0.005638676877363631,102.43620769091878,-102.38545959902251,-0.9995045883380476,False
535,534,long,Long2,2025-08-25 21:15:00,2025-08-25 21:30:00,2025-08-26 03:30:00,2025-08-26 08:00:00,call,110000.0,110047.83,109866.03,-0.16520089491997014,10.5,4.5,0.5094113042507045,0.46573633678123094,0.9886463911635215,0.25,1526.346100308001,187.2434583660288,47.830000000001746,0.0,1450.028795292601,1602.663405323401,161.02937419478476,213.45754253727284,1698.8232096428053,148.147024259202,1715.8114417392333,146.66555401660997,0.05828146238413875,6413.748464601095,6403.152894739659,100.0,8.547882969467924,1.9241245393803283,0.8547882969467925,101.92412453938033,-94.2310298668592,-0.9245213563786976,False
537,537,long,Long1,2025-08-29 17:15:00,2025-08-29 17:30:00,2025-08-29 23:30:00,2025-08-30 08:00:00,call,108500.0,108443.99,108540.0,0.08853418248442324,14.5,8.5,0.37281008078586614,0.35921834892551896,0.9,0.25,1556.6001533217277,357.52215156320744,0.0,40.0,1478.7701456556413,1634.4301609878141,339.6460439850471,375.3982591413678,1732.4959706470831,312.4743604662433,1749.8209303535539,309.34961686158084,0.05714870491336211,6197.433584137591,6202.920431296324,100.0,17.678929969084113,1.8592300752412774,1.7678929969084114,101.85923007524127,-85.94819310306556,-0.8437938617794131,False
539,539,short,Short1,2025-09-02 14:00:00,2025-09-02 14:15:00,2025-09-02 20:15:00,2025-09-03 08:00:00,put,111500.0,111483.87,111252.0,0.20798524486097536,17.75,11.75,0.47377716803104997,0.43959756638116637,0.9369768936450225,0.25,1883.9227015569631,542.7959253913286,16.130000000004657,248.0,1789.7265664791148,1978.1188366348115,515.6561291217622,569.9357216608951,2096.8059668329,474.40363879202124,2117.774026501229,469.659602404101,0.047219391091130644,5264.200457882766,5253.2516976704665,100.0,22.17704044562417,1.5792601373648298,1.5759755093011398,101.57926013736483,-80.9781952010418,-0.7971922131696533,False
540,540,short,Short1,2025-09-03 14:45:00,2025-09-03 15:00:00,2025-09-03 21:00:00,2025-09-04 08:00:00,put,112000.0,112121.59,112139.37,-0.015857784392814267,17.0,11.0,0.38112571015359065,0.35724516246176125,0.9,0.25,1712.221636473092,330.2894376912591,0.0,0.0,1626.6105546494373,1797.8327182967469,313.7749658066961,346.80390957582205,1905.7026813945517,288.67296854216045,1924.7597082084974,285.78623885673886,0.051954537272123534,5825.225326664753,5826.149078337451,100.0,14.847891798542438,1.7475675979994258,1.4847891798542439,101.74756759799942,-88.38446497931123,-0.868664156459393,False
541,541,short,Short1,2025-09-05 08:00:00,2025-09-05 08:15:00,2025-09-05 14:15:00,2025-09-06 08:00:00,put,112500.0,112733.6,110996.0,1.541332841317944,23.75,17.75,0.328450011863858,0.46779449370639936,0.9,0.25,1990.4733244688905,1575.1317926421034,0.0,1504.0,1890.9496582454458,2089.996990692335,1496.3752030099981,1653.8883822742087,2215.3968101338755,1481.44,2237.5507782352142,1466.6256,0.044691723188007966,5038.258845187615,4960.602506976133,100.0,65.54602533564609,1.5114776535562844,1.4881807520928396,101.51147765355628,-37.453633070003036,-0.36895958896221337,False
543,543,short,Short1,2025-09-10 13:15:00,2025-09-10 13:30:00,2025-09-10 19:30:00,2025-09-11 08:00:00,put,114000.0,113985.75,113482.02,0.4419236615103128,18.5,12.5,0.30847992979254196,0.30126172608546403,0.9,0.25,1887.8925503337305,736.3882538624457,14.25,517.9799999999959,1793.497922817044,1982.287177850417,699.5688411693234,773.207666555568,2101.224408521442,643.6033338757775,2122.2366526066567,637.1673005370197,0.04712009844763263,5371.019761627242,5347.283954436215,100.0,30.0233859289167,1.6113059284881723,1.6041851863308643,101.61130592848818,-73.19210518590234,-0.7203145803225218,False
544,544,short,Short1,2025-09-11 22:45:00,2025-09-11 23:00:00,2025-09-12 05:00:00,2025-09-12 08:00:00,put,115500.0,115368.23,115418.26,-0.04336549152224034,9.0,3.0,0.28375448705713807,0.27463965519700606,0.9,0.25,1395.3616312787126,256.46166461890243,131.77000000000407,81.74000000000524,1325.5935497147768,1465.1297128426484,220.55703157225608,292.3662976655488,1553.0374956132073,202.9124690464756,1568.5678705693394,200.88334435601084,0.06375242147711672,7355.004024028942,7358.193557675442,100.0,12.80679963711718,2.2065012072086825,1.280679963711718,102.20650120720869,-90.68038153380323,-0.8872271378311058,False
547,547,long,Long1,2025-09-23 18:00:00,2025-09-23 18:15:00,2025-09-24 00:15:00,2025-09-24 08:00:00,call,112000.0,112010.41,112293.23,0.25249438869119345,13.75,7.75,0.2825595768811406,0.270878920571633,0.9,0.25,1598.3985715159579,499.65822052436124,10.410000000003492,293.2299999999959,1518.47864294016,1678.3185000917558,429.70606965095067,569.6103713977719,1779.0176100972612,395.32958407887463,1796.8077861982338,391.37628823808586,0.05565425571289652,6233.856000646381,6249.596137247103,100.0,21.781756025566725,1.8701568001939142,1.8748788411741306,101.87015680019391,-81.96327961580131,-0.8045857804711388,False
548,548,long,Long1,2025-09-25 18:00:00,2025-09-25 18:15:00,2025-09-26 00:15:00,2025-09-26 08:00:00,call,109500.0,109442.99,109300.0,-0.13065249770680687,13.75,7.75,0.45275020112883774,0.4040247659104847,0.9064877916368147,0.25,1540.0316929071705,234.29663734415226,0.0,0.0,1463.0301082618118,1617.0332775525292,201.49510811597094,267.0981665723336,1714.055274205681,185.37549946669327,1731.1958269477377,183.52174447202634,0.05776354034789321,6321.814568659073,6313.554960024728,100.0,10.600865691525641,1.8965443705977219,1.060086569152564,101.89654437059772,-92.35576524822464,-0.9063679815512362,False
549,549,short,Short1,2025-09-28 23:15:00,2025-09-28 23:30:00,2025-09-29 05:30:00,2025-09-29 08:00:00,put,112000.0,112246.83,111710.8,0.47754578013472493,8.5,2.5,0.28701159607878507,0.2843642711028373,0.9,0.25,1134.4330390424802,367.3145788684633,0.0,289.1999999999971,1077.711387090356,1191.1546909946044,315.8905378268784,418.7386199100482,1262.6239724542806,290.61929480072814,1275.2502121788234,287.71310185272085,0.07841598381634096,8801.945604715575,8759.912284910502,100.0,22.561305938632216,2.640583681414672,2.256130593863222,102.64058368141467,-82.33540833664567,-0.8021720588827312,False
550,550,short,Short1,2025-09-30 00:00:00,2025-09-30 00:15:00,2025-09-30 06:15:00,2025-09-30 08:00:00,put,114000.0,114170.71,113921.16,0.218576200498366,7.75,1.75,0.2826049167653959,0.2789979054023643,0.9,0.25,1134.8871624090898,203.13578630994016,0.0,78.83999999999651,976.0029596718172,1293.7713651463625,174.69677622654854,231.5747963933318,1371.3976470551443,160.72103412842466,1385.1116235256957,159.1138237871404,0.07219634742899468,8242.708245374997,8224.691646874093,100.00000000000001,11.487436902892227,2.472812473612499,1.1487436902892227,102.4728124736125,-92.1341192610095,-0.8991079393349792,False
552,552,short,Short2,2025-10-01 14:45:00,2025-10-01 15:00:00,2025-10-01 21:00:00,2025-10-02 08:00:00,put,117000.0,117241.85,117579.43,-0.28793472637969053,17.0,11.0,0.2782345353310788,0.2846596558559709,0.9,0.25,1733.9705849817692,187.64405382629047,0.0,0.0,1647.2720557326807,1820.6691142308578,178.26185113497596,197.026256517605,1929.9092610847092,164.00090304417787,1949.2083536955563,162.3608940137361,0.05130287883817414,6014.844425313387,6032.163251151577,100.0,8.329581273644337,1.8044533275940158,0.8329581273644338,101.80445332759402,-94.30783018131412,-0.9263625224511869,False
553,553,short,Short1,2025-10-02 16:15:00,2025-10-02 16:30:00,2025-10-02 22:30:00,2025-10-03 08:00:00,put,120000.0,119779.45,120172.51,-0.3281531180849395,15.5,9.5,0.32048000513302255,0.32910330851668224,0.9,0.25,1923.0114623249974,314.147721228117,220.5500000000029,0.0,1826.8608892087475,2019.1620354412473,298.4403351667111,329.8551072895229,2140.3117575677225,274.5651083533742,2161.7148751433997,271.8194572698405,0.04625956972857782,5540.9458193257005,5559.128605803216,100.0,12.574251137158367,1.66228374579771,1.2574251137158368,101.66228374579771,-90.34545772235518,-0.8886821581567085,False
554,554,short,Short2,2025-10-02 16:15:00,2025-10-02 16:30:00,2025-10-02 22:30:00,2025-10-03 08:00:00,put,120000.0,119779.45,120172.51,-0.3281531180849395,15.5,9.5,0.32048000513302255,0.32910330851668224,0.9,0.25,1923.0114623249974,314.147721228117,220.5500000000029,0.0,1826.8608892087475,2019.1620354412473,298.4403351667111,329.8551072895229,2140.3117575677225,274.5651083533742,2161.7148751433997,271.8194572698405,0.04625956972857782,5540.9458193257005,5559.128605803216,100.0,12.574251137158367,1.66228374579771,1.2574251137158368,101.66228374579771,-90.34545772235518,-0.8886821581567085,False
555,555,short,Short1,2025-10-03 16:45:00,2025-10-03 17:00:00,2025-10-03 23:00:00,2025-10-04 08:00:00,put,123000.0,122981.09,122295.85,0.5571913535650008,15.0,9.0,0.4526392187536132,0.43179128357778823,0.9063268671927391,0.25,1849.5422659838732,840.6972749328997,18.910000000003492,704.1499999999942,1757.0651526846796,1942.0193792830669,798.6624111862548,882.7321386795447,2058.540542040051,734.7694182913544,2079.1259474604517,727.4217241084409,0.048097134337698494,5915.038006726589,5882.079926393025,100.0,34.986900384603935,1.7745114020179764,1.7646239779179074,101.77451140201798,-68.55223499533196,-0.6735697774518887,False
556,556,short,Short2,2025-10-03 16:45:00,2025-10-03 17:00:00,2025-10-03 23:00:00,2025-10-04 08:00:00,put,123000.0,122981.09,122295.85,0.5571913535650008,15.0,9.0,0.4526392187536132,0.43179128357778823,0.9063268671927391,0.25,1849.5422659838732,840.6972749328997,18.910000000003492,704.1499999999942,1757.0651526846796,1942.0193792830669,798.6624111862548,882.7321386795447,2058.540542040051,734.7694182913544,2079.1259474604517,727.4217241084409,0.048097134337698494,5915.038006726589,5882.079926393025,100.0,34.986900384603935,1.7745114020179764,1.7646239779179074,101.77451140201798,-68.55223499533196,-0.6735697774518887,False
557,557,short,Short1,2025-10-04 21:30:00,2025-10-04 21:45:00,2025-10-05 03:45:00,2025-10-05 08:00:00,put,122000.0,122190.67,123776.22,-1.29760316397316,10.25,4.25,0.27844613168902055,0.30073906909268777,0.9,0.25,1406.086397311621,0.9148343708809534,0.0,0.0,1335.78207744604,1476.3907171772023,0.86,1.1400000000000001,1564.9741602078345,0.7912,1580.623901809913,0.783288,0.06326615704437581,7730.5341175775,7830.84577287921,100.0,0.04955562161897504,2.31916023527325,0.004955562161897504,102.31916023527324,-102.27456017581616,-0.9995641084294034,False
559,559,long,Long1,2025-10-07 17:30:00,2025-10-07 17:45:00,2025-10-07 23:45:00,2025-10-08 08:00:00,call,121000.0,121130.02,121332.95,0.16753072442321493,14.25,8.25,0.42109351387919824,0.3859376180453018,0.9,0.25,1818.8612621822322,560.867767530799,130.02000000000407,332.9499999999971,1727.9181990731204,1909.804325291344,532.8243791542591,588.911155907339,2024.3925848088247,490.19842882191836,2044.636510656913,485.2964445336992,0.048908448753011556,5924.281375621265,5934.206367126713,100.0,23.735096287495143,1.7772844126863794,1.780261910138014,101.77728441268638,-79.82245003532925,-0.7842855161242591,False
560,560,long,Long1,2025-10-09 08:30:00,2025-10-09 08:45:00,2025-10-09 14:45:00,2025-10-10 08:00:00,call,121500.0,121261.62,121315.0,0.04402052355889641,23.25,17.25,0.3315836132107967,0.4121121466202941,0.9,0.25,2127.8582743102234,449.8841876489023,0.0,0.0,2021.4653605947121,2234.251188025735,427.38997826645715,472.37839703134745,2368.306259307279,393.1987800051406,2391.989321900352,389.2667922050892,0.04180620669349539,5069.488349708095,5071.719965021393,100.0,16.27376797383988,1.5208465049124282,1.5215159895064179,101.52084650491243,-86.76859452057896,-0.8546874608298343,False
561,561,long,Long1,2025-10-09 17:30:00,2025-10-09 17:45:00,2025-10-09 23:45:00,2025-10-10 08:00:00,call,121000.0,120974.0,121662.4,0.5690478945889144,14.25,8.25,0.472435966368345,0.39392912978919525,0.9350321512341002,0.25,1807.1702532613272,792.8080804389174,0.0,662.3999999999942,1716.8117405982607,1897.5287659243936,753.1676764169715,832.4484844608633,2011.3804918798573,692.9142623036138,2031.494296798656,685.9851196805777,0.04922484899789562,5954.926882671425,5988.813268721576,100.0,33.76751393107979,1.7864780648014273,1.7966439806164725,101.78647806480143,-69.81560811433812,-0.6859025819705703,False
562,562,long,Long1,2025-10-10 18:00:00,2025-10-10 18:15:00,2025-10-11 00:15:00,2025-10-11 08:00:00,call,117500.0,117612.26,112451.53,-4.387918402384239,13.75,7.75,0.45958978798051614,1.5307226520159085,0.9164051925717484,0.718433591209545,1759.3411993699629,17.96902417013507,112.25999999999476,0.0,1671.3741394014646,1847.308259338461,14.375219336108058,21.562829004162086,1958.146754898769,13.225201789219414,1977.7282224477567,13.09294977132722,0.05056306466428128,5946.836307692262,5685.893982987366,100.0,0.662019665933805,1.7840508923076785,0.0662019665933805,101.78405089230768,-101.18823319296725,-0.9941462567650129,False
563,563,long,Long1,2025-10-11 19:45:00,2025-10-11 20:00:00,2025-10-12 02:00:00,2025-10-12 08:00:00,call,111000.0,110869.93,110140.5,-0.6579150902323083,12.0,6.0,1.2732625605989223,0.6683085433358776,2.0962307128684374,0.25,3368.146912678516,41.58843321219865,0.0,0.0,3199.73956704459,3536.554258312442,35.76605256249084,47.41081386190647,3748.7475138111886,32.90476835749158,3786.2349889493007,32.57572067391666,0.026411461594926126,2928.236898227148,2908.971585795961,100.0,0.8603723955061909,0.8784710694681442,0.0860372395506191,100.87847106946815,-100.10413591351258,-0.992324079184127,False
564,564,long,Long1,2025-10-12 01:00:00,2025-10-12 01:15:00,2025-10-12 07:15:00,2025-10-12 08:00:00,call,110000.0,109963.63,111616.39,1.503006039360466,6.75,0.75,0.6872475194388047,0.5922440396553864,1.2465089031862666,0.25,1499.998730168838,1616.3900000055582,0.0,1616.3899999999994,1289.9989079452007,1709.9985523924754,1592.1441499999994,1842.6846000063365,1812.598465536024,1592.1441499999994,1830.7244501913842,1576.2227084999995,0.05462318482147654,6006.5636851304625,6096.842700076006,100.0,86.09830432620382,1.8019691055391387,1.8290528100228016,101.80196910553914,-17.53271758935813,-0.17222375700004172,False
565,565,long,Long1,2025-10-14 10:45:00,2025-10-14 11:00:00,2025-10-14 17:00:00,2025-10-15 08:00:00,call,111500.0,111355.24,112751.66,1.2540227114592906,21.0,15.0,0.6236541104933081,0.6220679065038982,1.1542984602152968,0.25,2440.2903993168075,1334.6018131620513,0.0,1251.6600000000035,2318.275879350967,2562.304919282648,1267.8717225039486,1401.331903820154,2716.043214439607,1232.8851000000034,2743.203646584003,1220.5562490000034,0.036453728152675,4059.313647335882,4110.21836240284,99.99999999999999,44.493825696094824,1.2177940942007643,1.233065508720852,101.21779409420076,-57.95703390682678,-0.5725972831702664,False
566,566,long,Long1,2025-10-15 13:45:00,2025-10-15 14:00:00,2025-10-15 20:00:00,2025-10-16 08:00:00,call,112000.0,112032.33,111414.18,-0.5517603713142472,18.0,12.0,0.628743363808244,0.6311003870340813,1.1616778775219538,0.25,2369.1384689179467,183.95278213901838,32.330000000001746,0.0,2250.6815454720495,2487.595392363844,174.75514303206745,193.1504212459693,2636.8511159056748,160.77473158950207,2663.2196270647314,159.16698427360706,0.03754853673491999,4206.650058503679,4183.439430520988,99.99999999999999,5.976487355983967,1.2619950175511037,0.5976487355983967,101.26199501755109,-95.88315639716552,-0.9468819608042159,False
567,567,long,Long1,2025-10-16 14:15:00,2025-10-16 14:30:00,2025-10-16 20:30:00,2025-10-17 08:00:00,call,111500.0,111352.01,107796.37,-3.1931529570054407,17.5,11.5,0.6380532242742741,0.6499135986367988,1.1751771751976974,0.25,2261.3755437351792,0.02277661837284306,0.0,0.0,2148.30676654842,2374.4443209219385,0.89,1.11,2516.9109801772547,0.8188000000000001,2542.0800899790274,0.8106120000000001,0.03933786366299144,4380.35018798006,4240.47890642538,100.0,0.03188774433958482,1.3141050563940178,0.003188774433958482,101.31410505639401,-101.2854060864884,-0.999716732730456,False
568,568,long,Long1,2025-10-16 19:30:00,2025-10-16 19:45:00,2025-10-17 01:45:00,2025-10-17 08:00:00,call,108000.0,108197.66,108839.84,0.5935248507222823,12.25,6.25,0.6498479654514554,0.651691743512484,1.1922795499046104,0.25,2023.0473933369503,883.9033440158673,197.6600000000035,839.8399999999965,1921.8950236701028,2124.199763003798,827.2423999999966,1007.6498121780888,2251.651748784026,827.2423999999966,2274.1682662718663,818.9699759999966,0.04397212004190611,4757.680493773343,4785.918509821854,100.0,36.01184609538881,1.4273041481320028,1.4357755529465561,101.42730414813201,-66.85123360568976,-0.6591049044156317,False
569,569,long,Long2,2025-10-16 19:30:00,2025-10-16 19:45:00,2025-10-17 01:45:00,2025-10-17 08:00:00,call,108000.0,108197.66,108839.84,0.5935248507222823,12.25,6.25,0.6498479654514554,0.651691743512484,1.1922795499046104,0.25,2023.0473933369503,883.9033440158673,197.6600000000035,839.8399999999965,1921.8950236701028,2124.199763003798,827.2423999999966,1007.6498121780888,2251.651748784026,827.2423999999966,2274.1682662718663,818.9699759999966,0.04397212004190611,4757.680493773343,4785.918509821854,100.0,36.01184609538881,1.4273041481320028,1.4357755529465561,101.42730414813201,-66.85123360568976,-0.6591049044156317,False
570,570,long,Long1,2025-10-17 10:00:00,2025-10-17 10:15:00,2025-10-17 16:15:00,2025-10-18 08:00:00,call,104000.0,104014.6,106792.6,2.6707789098838086,21.75,15.75,0.6584553072681333,0.6644387655785299,1.2047601955387932,0.25,2497.8086511234433,2794.841291879784,14.60000000000582,2792.600000000006,2372.918218567271,2622.6990836796153,2750.7110000000057,3102.2738339865605,2780.0610287003924,2750.7110000000057,2807.8616389873964,2723.2038900000057,0.035614290466272104,3704.4061771331067,3803.3426760484103,100.0,96.98497433734231,1.1113218531399318,1.141002802814523,101.11132185313993,-5.267350318612145,-0.05209456490206662,False
571,571,long,Long1,2025-10-18 16:45:00,2025-10-18 17:00:00,2025-10-18 23:00:00,2025-10-19 08:00:00,call,106500.0,106722.72,107104.41,0.35764643180009603,15.0,9.0,0.46586673499678916,0.4612324261213364,0.9255067657453443,0.25,1742.5539190843701,725.40596220117,222.72000000000116,604.4100000000035,1655.4262231301516,1829.6816150385887,689.1356640911115,761.6762603112286,1939.462511940904,634.0048109638226,1958.857137060313,627.6647628541843,0.05105017518024389,5448.213551712119,5467.698893076666,100.0,32.042396098172354,1.6344640655136355,1.6403096679229996,101.63446406551364,-71.23237763526429,-0.7008683352661539,False
573,573,short,Short1,2025-10-21 16:30:00,2025-10-21 16:45:00,2025-10-21 22:45:00,2025-10-22 08:00:00,put,112500.0,112565.88,109066.98,3.1083131051789503,15.25,9.25,0.7273780856782591,0.6853531454438208,1.3046982242334757,0.25,2410.7952682502364,3433.034381433754,0.0,3433.020000000004,2290.2555048377244,2531.3350316627484,3381.524700000004,3810.6681633914673,2683.2151335625135,3381.524700000004,2710.0472848981385,3347.709453000004,0.03689972516614545,4153.650035085309,4024.5415867014826,100.0,123.52955875180727,1.2460950105255928,1.2073624760104447,101.2460950105256,21.076101265271234,0.20816705338690003,True
574,574,short,Short2,2025-10-21 16:30:00,2025-10-21 16:45:00,2025-10-21 22:45:00,2025-10-22 08:00:00,put,112500.0,112565.88,109066.98,3.1083131051789503,15.25,9.25,0.7273780856782591,0.6853531454438208,1.3046982242334757,0.25,2410.7952682502364,3433.034381433754,0.0,3433.020000000004,2290.2555048377244,2531.3350316627484,3381.524700000004,3810.6681633914673,2683.2151335625135,3381.524700000004,2710.0472848981385,3347.709453000004,0.03689972516614545,4153.650035085309,4024.5415867014826,100.0,123.52955875180727,1.2460950105255928,1.2073624760104447,101.2460950105256,21.076101265271234,0.20816705338690003,True
577,577,short,Short1,2025-10-26 11:45:00,2025-10-26 12:00:00,2025-10-26 18:00:00,2025-10-27 08:00:00,put,113500.0,113728.0,113564.27,0.14396630557118595,20.0,14.0,0.41362933949171266,0.40985685858090637,0.9,0.25,1837.1307322678258,421.2581563236454,0.0,0.0,1745.2741956544344,1928.9872688812172,400.1952485074631,442.3210641398277,2044.7265050140904,368.179628626866,2065.1737700642316,364.49783234059737,0.0484220753960524,5506.945790642248,5499.017644237652,100.0,17.64974151929407,1.6520837371926742,1.6497052932712957,101.65208373719267,-85.6520475111699,-0.8426000172570133,False
578,579,long,Long1,2025-10-29 16:15:00,2025-10-29 16:30:00,2025-10-29 22:30:00,2025-10-30 08:00:00,call,111500.0,111321.23,111132.86,-0.16921300636005832,15.5,9.5,0.3804129955633053,0.5907484949146792,0.9,0.25,1594.672168245117,210.99170862702158,0.0,0.0,1514.938559832861,1674.405776657373,200.4421231956705,221.54129405837267,1774.8701232568155,184.40675334001685,1792.6188244893838,182.56268580661668,0.0557843076474913,6209.977742017138,6199.469651985581,100.0,10.1841330299886,1.8629933226051412,1.01841330299886,101.86299332260513,-92.6972735956154,-0.9100191401409004,False
580,581,long,Long1,2025-10-30 17:30:00,2025-10-30 17:45:00,2025-10-30 23:45:00,2025-10-31 08:00:00,call,107500.0,107486.69,108322.88,0.7779474835442501,14.25,8.25,0.6879234750443679,0.5680107923008297,1.2474890388143334,0.25,2150.7876894431975,892.6576513117034,0.0,822.8800000000047,2043.2483049710374,2258.3270739153572,848.0247687461182,937.2905338772886,2393.826698350279,810.5368000000046,2417.7649653337817,802.4314320000046,0.041360513297947724,4445.704671097385,4480.289918711996,100.0,33.18897591392743,1.3337114013292153,1.3440869756135985,101.33371140132921,-69.48882246301538,-0.6857424000568471,False
581,580,long,Long2,2025-10-30 20:30:00,2025-10-30 20:45:00,2025-10-31 02:45:00,2025-10-31 08:00:00,call,107500.0,107510.91,108857.99,1.2529705124810109,11.25,5.25,0.5658268311053347,0.6018099216503996,1.0704489051027353,0.25,1650.605406577466,1362.8865248076909,10.910000000003492,1357.9900000000052,1568.0751362485926,1733.1356769063395,1337.6201500000052,1553.6906382807679,1837.12381752072,1337.6201500000052,1855.4950556959272,1324.2439485000052,0.053893972766472134,5794.190055638637,5866.789548472896,100.0,71.36876729662481,1.738257016691591,1.7600368645418687,101.73825701669159,-32.129526584608655,-0.3158057502335366,False
584,583,long,Long2,2025-11-04 09:30:00,2025-11-04 09:45:00,2025-11-04 15:45:00,2025-11-05 08:00:00,call,104000.0,103857.96,103197.01,-0.6363980189867169,22.25,16.25,0.6009975387012197,0.5862812632576856,1.1214464311167687,0.25,2272.7086810796754,154.088633247291,0.0,0.0,2159.0732470256917,2386.344115133659,146.38420158492644,161.79306490965556,2529.524762041679,134.67346545813234,2554.820009662096,133.32673080355102,0.03914170063715218,4065.1771791053256,4039.3064720691996,100.0,5.21863498404277,1.2195531537315976,0.521863498404277,101.2195531537316,-96.5227816680931,-0.9535981800027801,False
585,585,long,Long1,2025-11-04 20:30:00,2025-11-04 20:45:00,2025-11-05 02:45:00,2025-11-05 08:00:00,call,101000.0,100755.43,101677.93,0.9155834082589909,11.25,5.25,0.5828114184883166,0.7861013518498571,1.095076556808059,0.2716608111099142,1459.960006334666,733.4522092771949,0.0,677.929999999993,1386.9620060179327,1532.9580066513995,667.7610499999931,836.1355185760023,1624.9354870504835,667.7610499999931,1641.1848419209884,661.0834394999932,0.060931588840993145,6139.188434257466,6195.397824963282,100.0,40.280864325203154,1.8417565302772396,1.8586193474889845,101.84175653027724,-63.419511552563065,-0.6227260184157236,False
587,586,long,Long2,2025-11-05 11:00:00,2025-11-05 11:15:00,2025-11-05 17:15:00,2025-11-06 08:00:00,call,101500.0,101605.7,103903.84,2.2618219253447425,20.75,14.75,0.6719757931868476,0.6292963487894178,1.224364900120929,0.25,2467.043198680163,2407.908969071854,105.69999999999709,2403.8399999999965,2343.691038746155,2590.3953586141715,2367.7823999999964,2672.778955669758,2745.819080131022,2367.7823999999964,2773.277270932332,2344.1045759999965,0.03605842122175601,3663.7411291313747,3746.608429277941,100.0,84.52471018925365,1.0991223387394122,1.1239825287833822,101.0991223387394,-17.69839467826914,-0.17505982513843668,False
588,588,long,Long1,2025-11-07 13:00:00,2025-11-07 13:15:00,2025-11-07 19:15:00,2025-11-08 08:00:00,call,100000.0,100140.33,102849.65,2.705523339098237,18.75,12.75,0.5219223080006477,0.5316952713743327,1.0067873466009392,0.25,1930.3600400937357,2850.0967470458418,140.33000000000175,2849.649999999994,1833.8420380890489,2026.8780420984226,2806.9052499999943,3163.6073892208847,2148.490724624328,2806.9052499999943,2169.9756318705713,2778.8361974999943,0.04608346680547633,4614.813573444445,4739.668431729858,100.0,128.05840566534704,1.3844440720333333,1.4219005295189573,101.38444407203333,25.252061063794756,0.24907234334542727,True
589,589,short,Short1,2025-11-10 01:00:00,2025-11-10 01:15:00,2025-11-10 07:15:00,2025-11-10 08:00:00,put,106000.0,106071.99,106334.48,-0.24746401005579788,6.75,0.75,0.49636127378257716,0.4926299255862471,0.9697238469847369,0.25,1103.0379144364415,9.787002894860052,0.0,0.0,948.6126064153397,1257.4632224575435,8.416822489579644,11.15718330014046,1332.9110158049962,7.743476690413273,1346.2401259630462,7.66604192350914,0.0742809533540415,7879.128541360357,7898.626548806259,99.99999999999999,0.569440902530309,2.363738562408107,0.056944090253030905,102.36373856240809,-101.85124175013081,-0.9949933753937209,False
590,590,short,Short2,2025-11-10 01:00:00,2025-11-10 01:15:00,2025-11-10 07:15:00,2025-11-10 08:00:00,put,106000.0,106071.99,106334.48,-0.24746401005579788,6.75,0.75,0.49636127378257716,0.4926299255862471,0.9697238469847369,0.25,1103.0379144364415,9.787002894860052,0.0,0.0,948.6126064153397,1257.4632224575435,8.416822489579644,11.15718330014046,1332.9110158049962,7.743476690413273,1346.2401259630462,7.66604192350914,0.0742809533540415,7879.128541360357,7898.626548806259,99.99999999999999,0.569440902530309,2.363738562408107,0.056944090253030905,102.36373856240809,-101.85124175013081,-0.9949933753937209,False
592,592,long,Long1,2025-11-12 18:45:00,2025-11-12 19:00:00,2025-11-13 01:00:00,2025-11-13 08:00:00,call,101000.0,101157.12,102398.65,1.2273283383315015,13.0,7.0,0.4384403724034578,0.447765986961859,0.9,0.25,1477.9721744203925,1405.6922706049809,157.11999999999534,1398.6499999999942,1404.073565699373,1551.8707831414122,1377.6702499999942,1602.4891884896783,1644.983030129897,1377.6702499999942,1661.432860431196,1363.8935474999942,0.060189010571300924,6088.546965042356,6163.273427336943,100.0,82.09140314860626,1.8265640895127064,1.848982028201083,101.8265640895127,-21.584142969107518,-0.21196966785733376,False
593,594,long,Long1,2025-11-13 19:00:00,2025-11-13 19:15:00,2025-11-14 01:15:00,2025-11-14 08:00:00,call,99000.0,99170.77,99102.87,-0.06846775516616832,12.75,6.75,0.5663935115151795,0.5874649962592304,1.0712705916970102,0.25,1702.2640353692768,328.7268460829,170.77000000000407,102.86999999999534,1617.1508336008128,1787.3772371377408,282.705087631294,374.74860453450606,1894.6198713660053,260.0886806207905,1913.5660700796655,257.48779381458263,0.05225845167490705,5182.510891608322,5178.962542739596,100.0,13.455913429937796,1.5547532674824964,1.3455913429937798,101.5547532674825,-89.44443118053849,-0.8807508098114626,False
594,593,long,Long2,2025-11-13 22:00:00,2025-11-13 22:15:00,2025-11-14 04:15:00,2025-11-14 08:00:00,call,99500.0,99507.82,98976.63,-0.53381734219482,9.75,3.75,0.5803579196981812,0.5475825184460483,1.0915189835623627,0.25,1449.3789814682896,41.19478203800827,7.820000000006985,0.0,1376.910032394875,1521.847930541704,35.42751255268711,46.962051523329436,1613.1588063742063,32.593311548472144,1629.2903944379484,32.26737843298742,0.061376412910417184,6107.43304813547,6074.830511361585,100.0,1.980455942239726,1.8322299144406409,0.1980455942239726,101.83222991444065,-100.04981956642489,-0.9824965990677672,False
596,596,long,Long1,2025-11-14 10:00:00,2025-11-14 10:15:00,2025-11-14 16:15:00,2025-11-15 08:00:00,call,97000.0,96999.9,96974.13,-0.026567037697966533,21.75,15.75,0.6088545520471873,0.6961329501014804,1.1328391004684215,0.25,2184.0359682459675,397.3517966102954,0.0,0.0,2074.834169833669,2293.237766658266,377.4842067797806,417.21938644081024,2430.8320326577623,347.28547023739816,2455.14035298434,343.8126155350242,0.04073086896170528,3950.890216198516,3949.840581705373,100.0,14.003786590738228,1.1852670648595547,1.1849521745116118,101.18526706485956,-88.36643264863294,-0.8733132323699875,False
597,597,long,Long1,2025-11-15 21:45:00,2025-11-15 22:00:00,2025-11-16 04:00:00,2025-11-16 08:00:00,call,95500.0,95545.1,95870.97,0.34106406293989977,10.0,4.0,0.47571395673530725,0.4772426096661231,0.9397852372661955,0.25,1232.6528910801135,440.8752247728553,45.10000000000582,370.97000000000116,1171.0202465261077,1294.2855356341192,379.15269330465554,502.5977562410551,1371.9426677721665,365.40545000000117,1385.6620944498882,361.75139550000114,0.07216766656209954,6895.266918442457,6918.784195945048,100.00000000000001,26.106754088818278,2.068580075532737,2.0756352587835143,102.06858007553275,-78.03746124549798,-0.7645590953430402,False
598,598,long,Long1,2025-11-16 16:30:00,2025-11-16 16:45:00,2025-11-16 22:45:00,2025-11-17 08:00:00,call,94000.0,94224.47,94183.36,-0.04362985538682862,15.25,9.25,0.47639099034941934,0.5208242488945007,0.9407669360066581,0.25,1588.600431842984,405.3549017160185,224.47000000000116,183.36000000000058,1509.1704102508347,1668.0304534351335,385.0871566302176,425.6226468018194,1768.1122806412416,354.2801840998002,1785.793403447654,350.7373822588022,0.05599751897780556,5276.336546998671,5274.034488993493,100.0,19.64042321926312,1.5829009640996012,1.5822103466980477,101.58290096409961,-83.52468809153453,-0.822231766358523,False
599,599,long,Long1,2025-11-16 21:45:00,2025-11-16 22:00:00,2025-11-17 04:00:00,2025-11-17 08:00:00,call,93500.0,93382.29,95152.45,1.895605687116908,10.0,4.0,0.4935981386939372,0.5342792744352997,0.9657173011062089,0.25,1158.3126383029303,1652.5193462047464,0.0,1652.449999999997,1100.3970063877837,1216.228270218077,1627.663249999997,1983.0232154456955,1289.2019664311615,1627.663249999997,1302.0939860954732,1611.386617499997,0.07679937167966286,7171.701198008063,7307.648373780536,100.0,123.753479757017,2.151510359402419,2.1922945121341604,102.15151035940242,19.409674885480428,0.1900086921592333,True
600,600,long,Long1,2025-11-17 20:15:00,2025-11-17 20:30:00,2025-11-18 02:30:00,2025-11-18 08:00:00,call,91500.0,91634.79,91333.54,-0.3287506851928135,11.5,5.5,0.6009219258585623,0.6183205173331676,1.1213367924949154,0.25,1552.4374960082641,154.81131515600282,134.7899999999936,0.0,1474.8156212078509,1630.0593708086774,133.1377310341624,176.48489927784323,1727.862933057198,122.48671255142942,1745.14156238777,121.26184542591513,0.05730194166207132,5250.851390796156,5233.589180870457,100.0,6.948539192430899,1.5752554172388467,0.6948539192430899,101.57525541723885,-95.32157014405104,-0.9384329850070309,False
603,603,long,Long1,2025-11-19 16:00:00,2025-11-19 16:15:00,2025-11-19 22:15:00,2025-11-20 08:00:00,call,89500.0,89696.37,90594.86,1.0017016296200332,15.75,9.75,0.6069441679683599,0.6228433303962868,1.1300690435541219,0.25,1812.5954599293545,1119.0749254109978,196.36999999999534,1094.8600000000006,1721.9656869328867,1903.2252329258224,1078.4371000000006,1175.0286716815478,2017.4187469013718,1078.4371000000006,2037.5929343703856,1067.6527290000006,0.049077516079481256,4402.0750409461,4446.170698368353,100.0,52.397743974799575,1.3206225122838298,1.333851209510506,101.32062251228383,-50.256729746994765,-0.4960167881015711,False
604,604,long,Long2,2025-11-19 19:45:00,2025-11-19 20:00:00,2025-11-20 02:00:00,2025-11-20 08:00:00,call,88500.0,88721.3,92667.65,4.448029954475419,12.0,6.0,0.591600531011388,0.6195366112162602,1.1078207699665126,0.25,1562.688564733755,4167.6500000000815,221.3000000000029,4167.649999999994,1484.554136497067,1640.8229929704428,4105.135249999994,5001.180000000098,1739.2723725486694,4105.135249999994,1756.6650962741562,4064.083897499994,0.05692604709463264,5050.552902097032,5275.203008048934,100.0,231.35223134562284,1.5151658706291093,1.58256090241468,101.5151658706291,128.25450457257904,1.2634024036962765,True
605,605,long,Long1,2025-11-20 19:15:00,2025-11-20 19:30:00,2025-11-21 01:30:00,2025-11-21 08:00:00,call,86500.0,86679.95,87240.42,0.6465970504136109,12.5,6.5,0.7629793361117383,0.7667247635656571,1.3563200373620206,0.26003485813939425,1861.1126093023922,774.708015899043,179.9499999999971,740.4199999999983,1768.0569788372725,1954.168239767512,729.3136999999982,883.167138124909,2071.4183341535627,729.3136999999982,2092.1325174950985,722.0205629999982,0.04779811946125171,4143.138604995325,4169.928017009773,100.0,34.51122512375413,1.2429415814985976,1.2509784051029318,101.2429415814986,-67.98269486284741,-0.6714808341292875,False
607,607,long,Long1,2025-11-21 08:00:00,2025-11-21 08:15:00,2025-11-21 14:15:00,2025-11-22 08:00:00,call,84000.0,84223.36,83689.7,-0.6336246855979222,23.75,17.75,0.7701789875619695,1.0648490946246698,1.3667595319648558,0.4389094567748018,2500.8589578815663,517.2577938301329,223.36000000000058,0.0,2375.816009987488,2625.9019057756445,491.3949041386262,543.1206835216395,2783.4560201221834,452.0833118075361,2811.2905803234053,447.56247868946076,0.035570851586781256,2995.896638700049,2976.913898042247,100.0,15.920178505274757,0.8987689916100147,0.893074169412674,100.89876899161001,-85.87166465574794,-0.8510675156293371,False
608,608,short,TrendShort,2025-11-21 08:45:00,2025-11-21 09:00:00,2025-11-21 15:00:00,2025-11-22 08:00:00,put,83500.0,83702.81,84173.05,-0.5617971487456686,23.0,17.0,0.7749075794420157,1.1245368281789092,1.3736159901909228,0.4747220969073455,2246.978162687781,413.82180080441685,0.0,0.0,2134.629254553392,2359.3270708221703,393.130710764196,434.5128908446377,2500.8866950715005,361.68025390306036,2525.8955620222155,358.06345136402973,0.039589918721714946,3313.787444679149,3332.4042080588483,100.0,14.17570293671867,0.9941362334037446,0.9997212624176544,100.99413623340375,-87.81815455910274,-0.8695371616046055,False
609,609,long,RevLong,2025-11-21 09:15:00,2025-11-21 09:30:00,2025-11-21 15:30:00,2025-11-22 08:00:00,call,82500.0,82658.3,83227.42,0.6885212979216737,22.5,16.5,0.7877934696522096,1.1191552536431244,1.392300530995704,0.47149315218587456,2404.1488058563336,1101.4615471247234,158.3000000000029,727.4199999999983,2283.9413655635167,2524.3562461491506,1046.3884697684873,1156.5346244809596,2675.8176209180997,962.6773921870084,2702.5757971272806,953.0506182651384,0.037001737418908144,3058.500712093335,3079.559140893184,100.0,35.26452872397471,0.9175502136280005,0.9238677422679552,100.917550213628,-66.57688923192126,-0.6597156697817923,False
610,610,short,Short1,2025-11-23 20:30:00,2025-11-23 20:45:00,2025-11-24 02:45:00,2025-11-24 08:00:00,put,87500.0,87483.36,87518.22,-0.039847577870810724,11.25,5.25,0.6647087164689259,0.6696121861494906,1.2138276388799425,0.25,1526.516421250628,204.6770892289278,16.639999999999418,0.0,1450.1906001880964,1602.8422423131594,176.0222967368779,233.33188172097772,1699.0127768519492,161.94051299792767,1716.0029046204686,160.3211078679484,0.05827495963482485,5098.08927271885,5100.120737811721,100.0,9.342706089615094,1.5294267818156548,0.9342706089615094,101.52942678181566,-93.12099130116208,-0.9171822815593836,False
611,611,short,Short1,2025-11-24 18:15:00,2025-11-24 18:30:00,2025-11-25 00:30:00,2025-11-25 08:00:00,put,88500.0,88407.14,88187.03,0.2489731033036513,13.5,7.5,0.674582486119604,0.672227407765834,1.228144604873426,0.25,1748.003157721083,443.9527852803076,92.86000000000058,312.97000000000116,1660.6029998350286,1835.4033156071373,381.7993953410645,506.1061752195507,1945.5275145435655,351.25544371377936,1964.9827896890013,347.74288927664156,0.0508910309671603,4499.130499458076,4487.928874631894,100.0,17.69699414678736,1.3497391498374227,1.3463786623895682,101.34973914983742,-84.99912366543963,-0.8386713609570842,False
612,612,short,Short1,2025-11-26 18:30:00,2025-11-26 18:45:00,2025-11-27 00:45:00,2025-11-27 08:00:00,put,90000.0,90145.69,90485.85,-0.37734471831099015,13.25,7.25,0.6520694075259977,0.6433485351915937,1.1955006409126967,0.25,1598.7581025510735,85.34204223422057,0.0,0.0,1518.8201974235199,1678.6960076786272,73.39415632142969,97.28992814701147,1779.4177681393448,67.52262381571532,1797.2119458207383,66.84739757755817,0.05564174010335364,5015.863054417486,5034.790148731042,100.0,3.719505522596043,1.5047589163252455,0.37195055225960433,101.50475891632524,-98.15720394598881,-0.9670207091167423,False
614,614,short,Short1,2025-11-28 09:00:00,2025-11-28 09:15:00,2025-11-28 15:15:00,2025-11-29 08:00:00,put,91500.0,91630.79,92668.55,-1.1325450757327493,22.75,16.75,0.5767388848200244,0.5151883263037942,1.0862713829890356,0.25,1957.1932430411107,61.16237712793918,0.0,0.0,1859.3335808890552,2055.052905193166,58.10425827154222,64.22049598433614,2178.3560795047565,53.45591760981885,2200.139640299804,52.921358433720656,0.04545166050750007,4164.771559114032,4211.939474322296,100.0,2.4053636171251966,1.2494314677342095,0.2405363617125197,101.24943146773421,-99.08460421232154,-0.9786188700120992,False
615,616,long,Long1,2025-12-01 01:00:00,2025-12-01 01:15:00,2025-12-01 07:15:00,2025-12-01 08:00:00,call,87500.0,87268.11,86246.84,-1.1702671227783012,6.75,0.75,0.5912807949917643,0.5389152588289032,1.1073571527380581,0.25,959.5959485323037,6.899962015083496e-09,0.0,0.0,825.2525157377812,1093.9393813268264,0.86,1.1400000000000001,1159.575744206436,0.7912,1171.1715016485002,0.783288,0.08538459129106496,7451.351905093699,7364.151183545872,100.0,0.06688072574319569,2.23540557152811,0.006688072574319569,102.2354055715281,-102.17521291835922,-0.9994112347593049,False
616,617,long,Long2,2025-12-01 01:00:00,2025-12-01 01:15:00,2025-12-01 07:15:00,2025-12-01 08:00:00,call,87500.0,87268.11,86246.84,-1.1702671227783012,6.75,0.75,0.5912807949917643,0.5389152588289032,1.1073571527380581,0.25,959.5959485323037,6.899962015083496e-09,0.0,0.0,825.2525157377812,1093.9393813268264,0.86,1.1400000000000001,1159.575744206436,0.7912,1171.1715016485002,0.783288,0.08538459129106496,7451.351905093699,7364.151183545872,100.0,0.06688072574319569,2.23540557152811,0.006688072574319569,102.2354055715281,-102.17521291835922,-0.9994112347593049,False
618,618,short,Short1,2025-12-02 17:30:00,2025-12-02 17:45:00,2025-12-02 23:45:00,2025-12-03 08:00:00,put,91500.0,91458.4,91277.88,0.19737935498542747,14.25,8.25,0.6811739747097361,0.6034479590920063,1.2377022633291173,0.25,1842.5002244395146,404.6959628157856,41.60000000000582,222.11999999999534,1750.3752132175387,1934.6252356614905,384.4611646749963,424.9307609565749,2050.70274980118,353.70427150099664,2071.2097772991915,350.16722878598665,0.04828096173358047,4415.699510614496,4406.983831402351,100.0,16.906410573370138,1.3247098531843486,1.3220951494207052,101.32470985318434,-85.74039442923491,-0.8461943246960143,False
621,621,short,Short1,2025-12-03 22:00:00,2025-12-03 22:15:00,2025-12-04 04:15:00,2025-12-04 08:00:00,put,93500.0,93405.53,93409.11,-0.003832749517074241,9.75,3.75,0.6118344238151715,0.5881969276480825,1.1371599145319986,0.25,1462.0579451322847,241.69117052957154,94.47000000000116,90.88999999999942,1388.9550478756703,1535.160842388899,207.85440665543152,275.5279344037116,1627.270492932233,191.226054122997,1643.5431978615554,189.31379358176702,0.060844156776719865,5683.180711132611,5683.398533213872,100.0,11.518638136684615,1.704954213339783,1.1518638136684616,101.70495421333979,-91.33817989032363,-0.8980701146448534,False
622,622,long,Long1,2025-12-05 14:45:00,2025-12-05 15:00:00,2025-12-05 21:00:00,2025-12-06 08:00:00,call,91000.0,91037.59,89429.36,-1.7665559907726003,17.0,11.0,0.49800432853372684,0.5643588042107259,0.9721062763739039,0.25,1573.737414760224,7.4432775280688475,37.58999999999651,0.0,1495.0505440222128,1652.4242854982353,6.6245169999812745,8.262038056156422,1751.5697426281295,6.094555639982773,1769.0854400544108,6.033610083582945,0.056526382353202995,5146.02562085413,5055.118196962238,100.0,0.34105815055475064,1.5438076862562387,0.03410581505547507,101.54380768625624,-101.23685535075697,-0.9969771437324108,False
623,623,long,Long1,2025-12-05 19:00:00,2025-12-05 19:15:00,2025-12-06 01:15:00,2025-12-06 08:00:00,call,89500.0,89426.83,89448.62,0.024366289177413236,12.75,6.75,0.5943840676161805,0.505447411160014,1.1118568980434618,0.25,1477.5186963366286,222.86977693324297,0.0,0.0,1403.6427615197972,1551.39463115346,191.66800816258896,254.07154570389702,1644.4783090226676,176.33456750958186,1660.9230921128944,174.57122183448604,0.06020748370280525,5384.164409818536,5385.476330888419,100.0,10.510493993578619,1.6152493229455607,1.051049399357862,101.61524932294556,-92.1558047287248,-0.9069092025335932,False
624,624,long,Long1,2025-12-06 23:30:00,2025-12-06 23:45:00,2025-12-07 05:45:00,2025-12-07 08:00:00,call,89000.0,89236.79,89515.01,0.31177723896165244,8.25,2.25,0.5061457550577861,0.5062551899312455,0.9839113448337898,0.25,1196.0228652634032,527.0073856975505,236.7899999999936,515.0099999999948,1136.221722000233,1255.8240085265734,507.28484999999483,600.7884196952076,1331.1734490381677,507.28484999999483,1344.4851835285494,502.21200149999487,0.07437791150479908,6637.246069592339,6657.939492131204,100.0,37.35347980421464,1.9911738208777017,1.997381847639361,101.9911738208777,-66.63507586430242,-0.6533415919041237,False
625,625,long,Long1,2025-12-07 13:30:00,2025-12-07 13:45:00,2025-12-07 19:45:00,2025-12-08 08:00:00,call,89000.0,89053.74,91425.52,2.6633131859481685,18.25,12.25,0.5065153071579447,0.5241437305666228,0.9844471953790198,0.25,1622.76981188036,2426.0158298899623,53.74000000000524,2425.520000000004,1541.631321286342,1703.9083024743782,2389.1372000000038,2692.8775711778585,1806.142800622841,2389.1372000000038,1824.2042286290693,2365.2458280000037,0.05481842352440563,4881.785635752302,5011.802876299017,100.0,129.65904753863768,1.4645356907256906,1.503540862889705,101.4645356907257,26.690970985022275,0.26305714408804953,True
626,626,short,Short1,2025-12-09 16:15:00,2025-12-09 16:30:00,2025-12-09 22:30:00,2025-12-10 08:00:00,put,94000.0,94228.67,92950.3,1.3566677742559596,15.5,9.5,0.5726186220374294,0.5434486653400614,1.0802970019542726,0.25,1594.127856184692,1080.2291646593076,0.0,1049.699999999997,1514.4214633754573,1673.8342489939268,1033.954499999997,1134.240622892273,1774.2643039335626,1033.954499999997,1792.0069469728983,1023.6149549999972,0.055803355097993584,5258.275932421655,5186.938597365033,100.0,57.12114881748157,1.5774827797264963,1.5560815792095097,101.5774827797265,-46.01241554145444,-0.45297849761874487,False
627,627,short,Short1,2025-12-10 20:15:00,2025-12-10 20:30:00,2025-12-11 02:30:00,2025-12-11 08:00:00,put,93500.0,93696.5,90064.74,3.8760892882871767,11.5,5.5,0.5781294136407976,0.59768815366525,1.0882876497791565,0.25,1376.1153529343792,3435.260000104812,0.0,3435.2599999999948,1307.3095852876602,1444.9211205810982,3383.731099999995,4122.312000125775,1531.6163878159641,3383.731099999995,1546.9325516941237,3349.893788999995,0.06464405955546347,6056.922126138483,5822.150416407333,100.00000000000001,216.55073360059288,1.8170766378415446,1.7466451249221997,101.81707663784155,112.98701183782913,1.1097059115114698,True
628,628,short,Short1,2025-12-11 21:30:00,2025-12-11 21:45:00,2025-12-12 03:45:00,2025-12-12 08:00:00,put,93000.0,92858.39,92283.4,0.6192116835107786,10.25,4.25,0.6542434104362417,0.5906049020349826,1.1986529451325505,0.25,1591.8249645162432,735.112042243898,141.61000000000058,716.6000000000058,1512.233716290431,1671.4162127420554,705.8510000000057,838.0277281580438,1771.701185506579,705.8510000000057,1789.4181973616446,698.7924900000056,0.05588408575895902,5189.306230198863,5157.173439728319,100.0,39.05137943887683,1.5567918690596587,1.5471520319184955,101.55679186905967,-64.05256446210133,-0.6307068516371244,False
629,629,long,Long1,2025-12-14 14:45:00,2025-12-14 15:00:00,2025-12-14 21:00:00,2025-12-15 08:00:00,call,89000.0,89015.96,88524.95,-0.551597713488694,17.0,11.0,0.45919145116268184,0.44923515179005186,0.9158276041858886,0.25,1440.497656120373,131.74664885150924,15.960000000006403,0.0,1368.4727733143543,1512.5225389263917,125.15931640893376,138.3339812940847,1603.2738912619752,115.14657109621906,1619.306630174595,113.99510538525688,0.06175482650201828,5497.1651657105995,5466.842928349843,100.0,7.039747955145828,1.6491495497131796,0.7039747955145829,101.64914954971319,-95.31337639008194,-0.9376701803438834,False
630,631,long,Long1,2025-12-15 15:30:00,2025-12-15 15:45:00,2025-12-15 21:45:00,2025-12-16 08:00:00,call,87000.0,87033.22,86243.78,-0.9070559494409158,16.25,10.25,0.518491924991084,0.520989559215333,1.0018132912370716,0.25,1514.4207806307895,59.301081922511,33.220000000001164,0.0,1438.69974159925,1590.141819662329,56.33602782638545,62.26613601863656,1685.550328842069,51.829145600274614,1702.4058321304897,51.310854144271865,0.05874040026922028,5112.366179519108,5065.994157930575,100.0,3.01402011059011,1.5337098538557323,0.301402011059011,101.53370985385573,-98.82109175432463,-0.9732835715011738,False
631,630,long,Long2,2025-12-15 18:30:00,2025-12-15 18:45:00,2025-12-16 00:45:00,2025-12-16 08:00:00,call,86000.0,86185.39,85865.48,-0.37118820254802287,13.25,7.25,0.5294217836806229,0.49264359875096986,1.0176615863369032,0.25,1453.9809867958174,185.1185632673587,185.38999999999942,0.0,1381.2819374560265,1526.6800361356084,159.20196440992848,211.03516212478894,1618.280838303745,146.4658072571342,1634.4636466867823,145.00114918456285,0.061182149999303916,5273.007458728508,5253.43467712223,100.0,8.87148205948137,1.5819022376185523,0.887148205948137,101.58190223761855,-93.59756838408532,-0.9214000360531109,False
633,633,long,Long1,2025-12-17 19:15:00,2025-12-17 19:30:00,2025-12-18 01:30:00,2025-12-18 08:00:00,call,85500.0,85641.54,86125.49,0.5650879234539774,12.5,6.5,0.8860314037398602,0.769818256805187,1.5347455354227972,0.2618909540831122,2050.4303408818887,674.4154316448985,141.5399999999936,625.4900000000052,1947.9088238377942,2152.9518579259834,616.1076500000052,768.8335920751844,2282.1289694015427,616.1076500000052,2304.950259095558,609.9465735000051,0.043384884166324314,3715.5482927256303,3736.544407417923,100.0,26.462461438944143,1.114664487817689,1.1209633222253768,101.11466448781769,-75.77316637109892,-0.7493786065049752,False
634,634,long,Long1,2025-12-18 20:00:00,2025-12-18 20:15:00,2025-12-19 02:15:00,2025-12-19 08:00:00,call,85000.0,84979.26,85522.69,0.6394854462135946,11.75,5.75,0.8958215829746526,0.7590092640921827,1.5489412953132462,0.2554055584553096,1912.8263638312928,575.0344037004688,0.0,522.6900000000023,1817.185045639728,2008.4676820228576,514.8496500000023,655.5392202185345,2128.9757429442293,514.8496500000023,2150.265500373672,509.70115350000225,0.04650588496286717,3952.0356897895795,3977.3083828549507,100.0,23.704103210111807,1.1856107069368738,1.193192514856485,101.18561070693687,-78.67470001168155,-0.7775285385146955,False
635,635,short,Short1,2025-12-19 11:15:00,2025-12-19 11:30:00,2025-12-19 17:30:00,2025-12-20 08:00:00,put,88500.0,88287.73,87117.72,1.3252237881753115,20.5,14.5,0.8046565276119669,0.652870515452486,1.4167519650373521,0.25,2524.00128523483,1405.7344098280591,212.27000000000407,1382.2799999999988,2397.801220973088,2650.2013494965718,1361.5457999999987,1560.3651949091459,2809.2134304663664,1361.5457999999987,2837.3055647710303,1347.9303419999987,0.035244705836986565,3111.6750728652937,3070.438414588961,99.99999999999999,47.50740839253865,0.933502521859588,0.9211315243766883,100.93350252185958,-54.34722565369762,-0.5384458509396067,False
636,636,short,Short1,2025-12-22 08:30:00,2025-12-22 08:45:00,2025-12-22 14:45:00,2025-12-23 08:00:00,put,89500.0,89334.2,90126.43,-0.8868160234266398,23.25,17.25,0.5351502917333113,0.5273227586025185,1.0259679230133014,0.25,1969.32857956706,160.34926661511417,165.8000000000029,0.0,1870.8621505887068,2067.795008545413,152.33180328435847,168.36672994586988,2191.862709058138,140.1452590216098,2213.7813361487197,138.7438064313937,0.04517157967099335,4035.3669326444538,4071.1532132072048,100.0,6.2672769060725795,1.2106100797933361,0.626727690607258,101.21061007979334,-95.57006086432801,-0.9442691906409972,False
638,638,short,Short1,2026-01-02 10:45:00,2026-01-02 11:00:00,2026-01-02 17:00:00,2026-01-03 08:00:00,put,89500.0,89530.13,90627.0,-1.2251406314276458,21.0,15.0,0.29016422900817884,0.3856689303490991,0.9,0.25,1558.496899703925,51.24743035904066,0.0,0.0,1480.5720547187286,1636.4217446891214,48.685058841088626,53.8098018769927,1734.6070493704688,44.79025413380154,1751.9531198641735,44.34235159246352,0.057079152898653396,5110.303979306315,5172.912389746261,100.0,2.531023866432072,1.5330911937918945,0.2531023866432072,101.53309119379189,-99.25516971400303,-0.9775647382246928,False
639,639,short,Short1,2026-01-02 17:45:00,2026-01-02 18:00:00,2026-01-03 00:00:00,2026-01-03 08:00:00,put,90500.0,90352.41,90046.16,0.33895056036690185,14.0,8.0,0.3757445719891537,0.3467021708673841,0.9,0.25,1373.0126891262698,557.1149402357114,147.5899999999965,453.8399999999965,1304.3620546699563,1441.6633235825834,479.1188486027118,635.111031868711,1528.1631229975385,447.0323999999965,1543.4447542275138,442.5620759999966,0.06479013889295279,5853.945193213017,5834.10321317705,100.00000000000001,28.67365837279331,1.756183557963905,1.7502309639531148,101.75618355796392,-74.83275614912372,-0.7354123703597466,False
640,640,short,Short1,2026-01-03 21:00:00,2026-01-03 21:15:00,2026-01-04 03:15:00,2026-01-04 08:00:00,put,90500.0,90473.22,91168.07,-0.7680173204844598,10.75,4.75,0.290466872516532,0.3013292514579331,0.9,0.25,1151.5156675748294,26.009647463733927,26.779999999998836,0.0,1093.9398841960879,1209.091450953571,22.368296818811178,29.65099810865668,1281.6369380107853,20.578833073306285,1294.4533073908933,20.37304474257322,0.07725268994179521,6989.299612695825,7042.978644301882,100.00000000000001,1.57387250866833,2.0967898838087473,0.15738725086683303,102.09678988380877,-100.68030462600727,-0.9861260548993408,False
641,641,short,Short1,2026-01-05 00:15:00,2026-01-05 00:30:00,2026-01-05 06:30:00,2026-01-05 08:00:00,put,92000.0,92043.61,92427.86,-0.4174651559190279,7.5,1.5,0.30345309902194667,0.29759868668213735,0.9,0.25,945.0907799178603,10.622941046412961,0.0,0.0,812.7780707293599,1077.403489106361,9.135729299915146,12.110152792910778,1142.0476984527427,8.404870955921934,1153.46817543727,8.320822246362715,0.08669506634813817,7979.726875872154,8013.039455116426,100.0,0.7213742367194796,2.393918062761646,0.07213742367194796,102.39391806276164,-101.7446812497141,-0.9936594201557011,False
642,642,short,Short1,2026-01-06 11:30:00,2026-01-06 11:45:00,2026-01-06 17:45:00,2026-01-07 08:00:00,put,94000.0,93840.0,91589.24,2.3985080988917273,20.25,14.25,0.32949022402819966,0.42859298461449014,0.9,0.25,1702.4584343194147,2412.2347936557635,160.0,2410.7599999999948,1617.335512603444,1787.5813560353854,2374.598599999995,2677.5806209578977,1894.8362373975085,2374.598599999995,1913.7845997714837,2350.852613999995,0.05225248442898984,4903.373138816406,4785.765336963013,100.0,122.83788960788479,1.4710119416449217,1.4357296010889038,101.47101194164492,19.931148065150964,0.19642208827692773,True
643,643,long,Long1,2026-01-07 19:15:00,2026-01-07 19:30:00,2026-01-08 01:30:00,2026-01-08 08:00:00,call,91000.0,91095.77,91362.4,0.2926919658289284,12.5,6.5,0.3771364726885907,0.32377138271091405,0.9,0.25,1283.2982499624923,469.95043059169257,95.77000000000407,362.3999999999942,1219.1333374643675,1347.463162460617,404.1573703088556,535.7434908745296,1428.310952208254,371.8247806841472,1442.5940617303365,368.1065328773057,0.06931956996970708,6314.719602459343,6333.202279400365,99.99999999999999,25.516986562094672,1.8944158807378029,1.8999606838201093,101.89441588073778,-78.27739000246322,-0.7682206068493774,False
645,645,long,Long1,2026-01-09 09:00:00,2026-01-09 09:15:00,2026-01-09 15:15:00,2026-01-10 08:00:00,call,90500.0,90414.34,91680.59,1.4004968680852992,22.75,16.75,0.36673615933190945,0.5362262401087114,0.9,0.25,1612.515656356176,1238.1247813391674,0.0,1180.5899999999965,1531.889873538367,1693.1414391739847,1176.2185422722089,1300.031020406126,1794.7299255244238,1162.8811499999965,1812.677224779668,1151.2523384999965,0.05516701960667877,4987.88966750492,5057.744906081877,100.0,63.51116033026409,1.496366900251476,1.517323471824563,101.49636690025147,-39.502530041811944,-0.38920141920581464,False
647,648,short,Short1,2026-01-13 16:00:00,2026-01-13 16:15:00,2026-01-13 22:15:00,2026-01-14 08:00:00,put,93000.0,93199.99,95316.77,-2.271223419659174,15.75,9.75,0.3868858859933438,0.5504543415125847,0.9,0.25,1319.55708414923,0.35738212204500996,0.0,0.0,1253.5792299417683,1385.5349383566916,0.89,1.11,1468.6670346580931,0.8188000000000001,1483.353705004674,0.8106120000000001,0.06741480448163568,6283.059103540401,6425.761413371038,100.0,0.054647249490467675,1.8849177310621201,0.005464724949046768,101.88491773106212,-101.8357352065207,-0.9995172737473151,False
648,647,short,Short2,2026-01-13 22:15:00,2026-01-13 22:30:00,2026-01-14 04:30:00,2026-01-14 08:00:00,put,95500.0,95583.98,95289.52,0.30806417560765853,9.5,3.5,0.5479922908206898,0.47719260010840797,1.0445888216900001,0.25,1269.5447198205293,313.6584057579603,0.0,210.47999999999593,1206.0674838295029,1333.0219558115557,269.74622895184586,357.57058256407475,1413.0032731602491,248.1665306356982,1427.1333058918517,245.68486532934122,0.07007053902193633,6697.621000461982,6676.988029541582,99.99999999999999,17.215270943158774,2.0092863001385943,1.7215270943158776,102.00928630013858,-86.51554245129569,-0.8481143784963248,False
649,649,short,Short1,2026-01-14 16:15:00,2026-01-14 16:30:00,2026-01-14 22:30:00,2026-01-15 08:00:00,put,97500.0,97510.01,97028.01,0.49430822538116814,15.5,9.5,0.472266989422228,0.4987197743149743,0.9347871346622306,0.25,1524.4510419798462,609.391575959351,0.0,471.99000000000524,1448.2284898808539,1600.6735940788385,578.9219971613835,639.8611547573186,1696.714009723569,532.6082373884728,1713.6811498208046,527.282155014588,0.05835391257612698,5690.090598837267,5661.964012975574,100.0,30.768976776673107,1.70702717965118,1.6985892038926722,101.70702717965118,-72.63663960687074,-0.7141752307691417,False
650,650,short,Short1,2026-01-15 09:45:00,2026-01-15 10:00:00,2026-01-15 16:00:00,2026-01-16 08:00:00,put,97000.0,96861.07,96377.92,0.498807209129537,22.0,16.0,0.44367982094069514,0.516557080148683,0.9,0.25,1814.3019241595466,795.7110572384845,138.92999999999302,622.0800000000017,1723.5868279515691,1905.017020367524,755.9255043765602,835.4966101004088,2019.3180415895756,695.4514640264354,2039.5112220054714,688.496949386171,0.04903135561160042,4749.229568090122,4725.5400686263765,100.0,33.7579387628554,1.4247688704270363,1.417662020587913,101.42476887042703,-69.08449212815954,-0.6811402470772884,False
651,651,long,Long1,2026-01-19 00:15:00,2026-01-19 00:30:00,2026-01-19 06:30:00,2026-01-19 08:00:00,call,93000.0,92977.88,92545.59,-0.4649385423715957,7.5,1.5,0.47299840238579893,0.3889854339930679,0.9358476834594084,0.25,1004.7861242911531,8.950378005584753,0.0,0.0,864.1160668903916,1145.4561816919147,7.697325084802888,10.20343092636662,1214.1835525934296,7.081539078018657,1226.3253881193639,7.01072368723847,0.08154442611137276,7581.827865652083,7546.577025688398,99.99999999999999,0.5716854397012683,2.2745483596956246,0.05716854397012683,102.27454835969561,-101.76003146396447,-0.9949692577089501,False
653,653,long,Long2,2026-01-20 17:45:00,2026-01-20 18:00:00,2026-01-21 00:00:00,2026-01-21 08:00:00,call,90000.0,89908.03,88419.03,-1.6561368322718262,14.0,8.0,0.39463437145633234,0.46350873686627153,0.9,0.25,1245.6415037115949,2.156027997461365,0.0,0.0,1183.359428526015,1307.9235788971746,1.724822397969092,2.587233596953638,1386.3989936310052,1.5868366061315646,1400.2629835673151,1.570968240070249,0.07141515641957458,6420.796025825804,6314.458857917057,100.0,0.11219094259480061,1.9262388077477408,0.011219094259480061,101.92623880774774,-101.82526695941242,-0.999009363540572,False
654,654,long,Long1,2026-01-21 18:15:00,2026-01-21 18:30:00,2026-01-22 00:30:00,2026-01-22 08:00:00,call,88000.0,88124.56,89939.99,2.0600726971005567,13.5,7.5,0.655073411301851,0.6742106061072314,1.199856446387684,0.25,1717.6675485634696,1940.2559676964593,124.55999999999767,1939.9900000000052,1631.784171135296,1803.5509259916432,1910.8901500000052,2328.307161235751,1911.763981551142,1910.8901500000052,1930.8816213666535,1891.7812485000052,0.05178981398622525,4563.954570017946,4657.97535202296,100.0,97.97499896244423,1.3691863710053838,1.3973926056068877,101.36918637100538,-4.791580014168034,-0.04726860484635959,False
655,655,long,Long2,2026-01-21 18:15:00,2026-01-21 18:30:00,2026-01-22 00:30:00,2026-01-22 08:00:00,call,88000.0,88124.56,89939.99,2.0600726971005567,13.5,7.5,0.655073411301851,0.6742106061072314,1.199856446387684,0.25,1717.6675485634696,1940.2559676964593,124.55999999999767,1939.9900000000052,1631.784171135296,1803.5509259916432,1910.8901500000052,2328.307161235751,1911.763981551142,1910.8901500000052,1930.8816213666535,1891.7812485000052,0.05178981398622525,4563.954570017946,4657.97535202296,100.0,97.97499896244423,1.3691863710053838,1.3973926056068877,101.36918637100538,-4.791580014168034,-0.04726860484635959,False
656,656,long,Long1,2026-01-25 17:15:00,2026-01-25 17:30:00,2026-01-25 23:30:00,2026-01-26 08:00:00,call,88000.0,87998.35,86423.04,-1.7901585654731211,14.5,8.5,0.3941854001015963,0.4053775869446824,0.9,0.25,1284.5768470969488,2.331067171202335,0.0,0.0,1220.3480047421012,1348.8056894517963,2.074649782370078,2.587484560034592,1429.734030818904,1.9086777997804718,1444.031371127093,1.889591021782667,0.06925057308273584,6093.936167835168,5984.845047552202,100.0,0.13085526115044208,1.8281808503505501,0.013085526115044209,101.82818085035055,-101.71041111531515,-0.9988434465385523,False
657,657,short,Short1,2026-01-28 12:00:00,2026-01-28 12:15:00,2026-01-28 18:15:00,2026-01-29 08:00:00,put,90000.0,89867.7,89770.32,0.10835928815356999,19.75,13.75,0.42049780776041196,0.4172566014927178,0.9,0.25,1600.1713200231607,481.7636798688618,132.3000000000029,229.67999999999302,1520.1627540220024,1680.1798860243189,457.6754958754187,505.8518638623049,1780.9906791857782,421.0614562053852,1798.800585977636,416.8508416433313,0.055592599190560456,4995.97902627753,4990.565418968354,100.0,23.173821761725506,1.4987937078832587,1.497169625690506,101.49879370788327,-79.82214157184826,-0.7864343866152628,False
658,658,long,Long1,2026-01-29 15:15:00,2026-01-29 15:30:00,2026-01-29 21:30:00,2026-01-30 08:00:00,call,84500.0,84619.99,84448.13,-0.2030962187539842,16.5,10.5,0.6754688410313316,0.6704789516250692,1.2294298194954307,0.25,1860.4018852051086,266.4841148215637,119.99000000000524,0.0,1767.381790944853,1953.421979465364,253.1599090804855,279.8083205626419,2070.627298233286,232.90711635404668,2091.333571215619,230.5780451905062,0.047816379642332,4046.2215671703375,4038.0038441650063,100.0,11.025407346016028,1.213866470151101,1.1025407346016027,101.2138664701511,-91.29099985873668,-0.9019613916800544,False
659,659,long,Long2,2026-01-29 21:00:00,2026-01-29 21:15:00,2026-01-30 03:15:00,2026-01-30 08:00:00,call,84500.0,84370.58,82355.67,-2.388166586030349,10.75,4.75,0.6762886114001524,0.8191629653814249,1.230618486530221,0.2914977792288549,1388.23910590366,0.010194504302892149,0.0,0.0,1318.8271506084768,1457.651061198843,0.8,1.2,1545.1101248707737,0.7360000000000001,1560.5612261194815,0.7286400000000001,0.06407951083640706,5406.425495383949,5277.311048204564,100.0,0.046690894775839646,1.6219276486151846,0.004669089477583965,101.62192764861518,-101.57990584331692,-0.9995864887995083,False
660,660,long,Long1,2026-01-31 07:45:00,2026-01-31 08:00:00,2026-01-31 14:00:00,2026-02-01 08:00:00,call,83500.0,83351.72,82449.53,-1.0823891816509668,24.0,18.0,0.5332067756742358,0.5320604022855433,1.0231498247276418,0.25,1709.0215991928417,62.361262070531666,0.0,0.0,1623.5705192331995,1794.4726791524838,59.24319896700508,65.47932517405825,1902.141039901633,54.503743049644676,1921.1624503006492,53.958705619148226,0.0520518189309554,4338.608637023694,4291.648006502375,100.0,2.8086487746366293,1.3015825911071082,0.28086487746366295,101.3015825911071,-98.77379869393414,-0.9750469456397726,False
661,661,short,TrendShort,2026-01-31 18:15:00,2026-01-31 18:30:00,2026-02-01 00:30:00,2026-02-01 08:00:00,put,77500.0,77540.28,78755.54,-1.5672628471292471,13.5,7.5,0.7701284892569137,0.7854672875171722,1.3666863094225248,0.2712803725103033,1638.9752889622978,4.928387180992559,0.0,0.0,1557.0265245141827,1720.9240534104129,3.942709744794047,5.9140646171910705,1824.1794966150378,3.6272929652105237,1842.4212915811881,3.5910200355584183,0.05427640271904305,4208.607464227359,4274.567405395704,100.0,0.194907649622121,1.2625822392682076,0.019490764962212102,101.26258223926821,-101.0871653546083,-0.9982677028298031,False
662,662,long,RevLong,2026-01-31 18:30:00,2026-01-31 18:45:00,2026-02-01 00:45:00,2026-02-01 08:00:00,call,78000.0,78038.38,78902.31,1.107057834875591,13.25,7.25,0.7893396381222135,0.7799403137212405,1.3945424752772095,0.26796418823274426,1707.1562880757338,920.3595169031614,38.38000000000466,902.3099999999977,1621.798473671947,1792.5141024795205,888.7753499999977,1049.209849269604,1900.0649486282919,888.7753499999977,1919.0655981145749,879.8875964999977,0.05210869294840522,4066.477981610967,4111.496244709882,100.0,45.84979259512865,1.21994339448329,1.2334488734129645,101.2199433944833,-56.603599672767615,-0.5592139036490771,False
664,665,long,Long1,2026-02-03 16:30:00,2026-02-03 16:45:00,2026-02-03 22:45:00,2026-02-04 08:00:00,call,76500.0,76488.08,75708.83,-1.0187861951823085,15.25,9.25,0.7474048570336996,0.9757557396795947,1.3337370426988644,0.38545344380775676,1692.0350273721197,108.6498233196744,0.0,0.0,1607.4332760035136,1776.6367787407257,103.21733215369068,114.08231448565812,1883.2349854651693,94.95994558139543,1902.067335319821,94.01034612558148,0.05257437428375038,4021.3129461654416,3980.3443650048293,100.0,4.9425351237512425,1.2063938838496324,0.49425351237512427,101.20639388384963,-96.75811227247351,-0.9560474250620843,False
665,664,long,Long2,2026-02-03 19:45:00,2026-02-03 20:00:00,2026-02-04 02:00:00,2026-02-04 08:00:00,call,74500.0,74709.12,76412.98,2.2806586398019357,12.0,6.0,0.9618149669309686,0.9162963601352058,1.6446317020499044,0.3497778160811234,1917.884896595555,1913.5618594769912,209.11999999999534,1912.979999999996,1821.990651765777,2013.7791414253327,1884.285299999996,2296.2742313723893,2134.605889910853,1884.285299999996,2155.9519488099613,1865.442446999996,0.0463832229912164,3465.249772437545,3544.280290763359,100.0,86.52523299648121,1.0395749317312633,1.0632840872290077,101.03957493173127,-15.577626022479066,-0.15417351105251875,False
666,666,long,Long1,2026-02-04 16:45:00,2026-02-04 17:00:00,2026-02-04 23:00:00,2026-02-05 08:00:00,call,73500.0,73608.88,72849.91,-1.0310848365034264,15.0,9.0,0.8811394407775912,1.0352892437518622,1.5276521891275072,0.4211735462511173,1909.6100416199843,151.43225789273856,108.88000000000466,0.0,1814.129539538985,2005.0905437009835,143.86064499810163,159.0038707873755,2125.3959763230428,132.3517933982535,2146.649936086273,131.02827546427096,0.046584213997331064,3429.011818023863,3393.6557971263082,100.0,6.103849223928842,1.0287035454071587,0.6103849223928842,101.02870354540715,-95.5352392438712,-0.945624717444118,False
667,667,long,Long1,2026-02-04 21:45:00,2026-02-04 22:00:00,2026-02-05 04:00:00,2026-02-05 08:00:00,call,72500.0,72331.65,70950.65,-1.9092610219730966,10.0,4.0,0.9303639347896928,1.0056413043877295,1.5990277054450546,0.4033847826326376,1477.8802721569882,1.2158182736200729,0.0,0.0,1403.9862585491387,1551.7742857648377,0.9726546188960583,1.4589819283440875,1644.880742910728,0.8948422493843737,1661.3295503398354,0.88589382689053,0.060192753436273,4353.841174088796,4270.714981593303,100.0,0.053324388692737985,1.3061523522266387,0.005332438869273799,101.30615235222663,-101.25816040240316,-0.9995262681613195,False
670,670,short,TrendShort,2026-02-05 11:30:00,2026-02-05 11:45:00,2026-02-05 17:45:00,2026-02-06 08:00:00,put,70500.0,70318.35,66181.69,5.882760332118153,20.25,14.25,1.0363678911303578,1.317721678488347,1.7527334421390186,0.5906330070930081,2458.32780984234,4320.316872736468,181.64999999999418,4318.309999999998,2335.411419350223,2581.2442003344568,4253.535349999997,4795.5517287374805,2736.1188523545243,4253.535349999997,2763.4800408780698,4210.999996499997,0.036186257371421414,2544.557911033691,2394.867667615627,100.0,152.38032966440358,0.7633673733101073,0.718460300284688,100.7633673733101,50.898501990808796,0.5051290297022233,True
671,671,short,TrendShort,2026-02-05 17:30:00,2026-02-05 17:45:00,2026-02-05 23:45:00,2026-02-06 08:00:00,put,66000.0,66181.69,62909.86,4.943708750864484,14.25,8.25,1.317721678488347,1.3416587192251836,2.160696433808103,0.6049952315351101,2207.3082057176834,3091.9900337742,0.0,3090.1399999999994,2096.9427954317994,2317.6736160035675,3043.7878999999994,3432.1089374893622,2456.734032963782,3043.7878999999994,2481.3013732934196,3013.3500209999993,0.0403014325774021,2667.216917393527,2535.3574812438055,100.0,121.44232270344469,0.8001650752180581,0.7606072443731416,100.80016507521806,19.88155038385348,0.19723728000859594,True
672,672,long,RevLong,2026-02-06 00:00:00,2026-02-06 00:15:00,2026-02-06 06:15:00,2026-02-06 08:00:00,call,61500.0,61373.3,65841.6,7.280527525813341,7.75,1.75,1.799971680613842,1.7483421096859693,2.8599589368900706,0.8490052658115816,2021.586255910166,4341.600000833016,0.0,4341.600000000006,1738.5641800827427,2304.6083317375897,4276.476000000006,5209.920000999618,2442.8848316418453,4276.476000000006,2467.313679958264,4233.711240000006,0.04052990943644083,2487.454290815514,2668.554085150363,100.0,171.59193313724185,0.7462362872446542,0.8005662255451088,100.74623628724466,70.04513062445209,0.6952630014360189,True
673,674,short,Short1,2026-02-08 09:00:00,2026-02-08 09:15:00,2026-02-08 15:15:00,2026-02-09 08:00:00,put,70500.0,70453.59,70906.3,-0.6425648430406605,22.75,16.75,1.0079820785346767,1.0067724090197485,1.711574013875281,0.4040634454118491,2474.8933248632966,321.34382201117114,46.41000000000349,0.0,2351.1486586201318,2598.6379911064614,305.2766309106126,337.4110131117297,2754.5562705728494,280.8545004377636,2782.101833278578,278.0459554333859,0.035944047339976276,2532.387174231279,2548.65940390256,99.99999999999999,9.994096984786557,0.7597161522693836,0.7645978211707679,100.75971615226936,-91.53021698865358,-0.9084009015104008,False
674,673,short,Short2,2026-02-08 13:30:00,2026-02-08 13:45:00,2026-02-08 19:45:00,2026-02-09 08:00:00,put,71500.0,71514.77,71422.97,0.12836509157478915,18.25,12.25,1.0095573113562728,1.0060821250209167,1.7138581014665955,0.40364927501254994,2223.6480071155456,469.9383139210331,0.0,77.02999999999884,2112.4656067597684,2334.830407471323,446.4413982249814,493.4352296170848,2474.9202319196024,410.72608636698294,2499.6694342387987,406.61882550331313,0.040005289751623534,2860.9690953707145,2857.2966097715153,100.00000000000001,16.26690393272489,0.8582907286112142,0.8571889829314545,100.85829072861122,-85.44857577881778,-0.8472141968848372,False
675,675,long,Long1,2026-02-10 12:00:00,2026-02-10 12:15:00,2026-02-10 18:15:00,2026-02-11 08:00:00,call,69000.0,68761.34,68903.74,0.20709311365951777,19.75,13.75,0.9660879902713768,0.96056040525229,1.6508275858934964,0.376336243151374,2036.1959631218415,363.8020424675924,0.0,0.0,1934.3861649657492,2138.0057612779337,345.61194034421277,381.99214459097203,2266.2861069546097,317.9629851166758,2288.948968024156,314.78335526550904,0.043688173653919866,3004.057362596226,3010.2785585245447,100.0,13.75230988820311,0.9012172087788678,0.9030835675573633,100.90121720877887,-88.05199088813313,-0.8726553883482012,False
679,679,long,Long1,2026-02-12 20:30:00,2026-02-12 20:45:00,2026-02-13 02:45:00,2026-02-13 08:00:00,call,65500.0,65428.56,66663.08,1.8868212902744652,11.25,5.25,0.8347174548593072,0.6883143883151831,1.4603403095459953,0.25,1331.182606813214,1163.3179667035583,0.0,1163.0800000000017,1264.6234764725534,1397.7417371538747,1145.6338000000017,1395.98156004427,1481.6062413831073,1145.6338000000017,1496.4223037969384,1134.1774620000017,0.06682605555013821,4372.33258512555,4454.830687223308,100.0,75.79260607932687,1.311699775537665,1.3364492061669924,101.31169977553766,-26.855542902377778,-0.2650783962945829,False
680,680,long,Long2,2026-02-12 20:30:00,2026-02-12 20:45:00,2026-02-13 02:45:00,2026-02-13 08:00:00,call,65500.0,65428.56,66663.08,1.8868212902744652,11.25,5.25,0.8347174548593072,0.6883143883151831,1.4603403095459953,0.25,1331.182606813214,1163.3179667035583,0.0,1163.0800000000017,1264.6234764725534,1397.7417371538747,1145.6338000000017,1395.98156004427,1481.6062413831073,1145.6338000000017,1496.4223037969384,1134.1774620000017,0.06682605555013821,4372.33258512555,4454.830687223308,100.0,75.79260607932687,1.311699775537665,1.3364492061669924,101.31169977553766,-26.855542902377778,-0.2650783962945829,False
682,681,short,Short2,2026-02-15 08:00:00,2026-02-15 08:15:00,2026-02-15 14:15:00,2026-02-16 08:00:00,put,70500.0,70568.02,69088.5,2.096587094267355,23.75,17.75,0.5776225003055541,0.5788896019027097,1.0875526254430534,0.25,1559.458945284845,1422.7918830482813,0.0,1411.5,1481.4859980206027,1637.4318925490873,1390.3274999999999,1579.2989901835924,1735.6778061020325,1390.3274999999999,1753.0345841630528,1376.4242249999998,0.05704394020711392,4025.477913414419,3941.08026299919,100.0,78.5166611905231,1.2076433740243255,1.1823240788997569,101.20764337402433,-23.873306262400988,-0.23588442005486163,False
683,683,long,Long1,2026-02-16 15:45:00,2026-02-16 16:00:00,2026-02-16 22:00:00,2026-02-17 08:00:00,call,67500.0,67739.99,68758.71,1.5038679515600784,16.0,10.0,0.6546007019486046,0.572772800010608,1.1991710178254769,0.25,1505.6854858933511,1261.6251428823016,239.99000000000524,1258.7100000000064,1430.4012115986836,1580.9697601880187,1239.8293500000063,1400.403908599355,1675.8279457992999,1239.8293500000063,1692.5862252572929,1227.4310565000062,0.05908118505738095,4002.158884975135,4062.3460698167905,100.0,72.51808139425347,1.2006476654925404,1.2187038209450372,101.20064766549254,-29.901270092184106,-0.29546520483761546,False
684,684,long,Long1,2026-02-17 15:15:00,2026-02-17 15:30:00,2026-02-17 21:30:00,2026-02-18 08:00:00,call,67000.0,67005.0,67590.8,0.8742631146929414,16.5,10.5,0.5448457190582602,0.5775970174389781,1.0400262926344772,0.25,1208.9214168324615,638.0183977993584,5.0,590.8000000000029,1148.4753459908384,1269.3674876740847,606.1174779093905,669.9193176893262,1345.52953693453,581.9380000000028,1358.9848323038752,576.1186200000028,0.07358433856135897,4930.518605303858,4973.624310833102,100.0,42.39330758558312,1.4791555815911572,1.4920872932499305,101.47915558159116,-60.577935289257965,-0.596949540445793,False
686,686,long,Long1,2026-02-18 14:45:00,2026-02-18 15:00:00,2026-02-18 21:00:00,2026-02-19 08:00:00,call,67500.0,67369.78,66207.26,-1.7255808167994657,17.0,11.0,0.5108402867240154,0.5359310009934264,0.9907184157498222,0.25,1110.0788303951012,3.038907570958486,0.0,0.0,1054.5748888753462,1165.5827719148563,2.7046277381530524,3.37318740376392,1235.5177382297477,2.488257519100808,1247.8729156120453,2.4633749439098,0.08013636544948402,5398.7693103313395,5305.609182769005,100.0,0.19740591474425795,1.6196307930994016,0.019740591474425796,101.6196307930994,-101.44196546982957,-0.9982516633657963,False
687,687,long,Long1,2026-02-18 19:00:00,2026-02-18 19:15:00,2026-02-19 01:15:00,2026-02-19 08:00:00,call,66500.0,66274.49,66704.35,0.6486055192578721,12.75,6.75,0.56564176009668,0.49548021129783043,1.070180552140186,0.25,972.2309303584734,304.2989300051704,0.0,204.35000000000582,923.6193838405497,1020.8424768763971,261.69707980444656,346.9007802058943,1082.0930254889809,240.76131342009086,1092.9139557438707,238.35370028588994,0.09149851136445315,6064.017176438338,6103.348726533462,100.0,21.809008754367962,1.8192051529315012,1.8310046179600383,101.8192051529315,-81.84120101652357,-0.8037894314103007,False
688,688,short,Short1,2026-02-21 14:45:00,2026-02-21 15:00:00,2026-02-21 21:00:00,2026-02-22 08:00:00,put,68500.0,68489.47,68291.03,0.2897379699390301,17.0,11.0,0.4681738569796187,0.46752105674884065,0.9288520926204471,0.25,1123.3092562973106,360.44442637250904,10.529999999998836,208.97000000000116,1067.143793482445,1179.4747191121762,342.4222050538836,378.4666476911345,1250.2432022589069,315.0284286495729,1262.745634281496,311.8781443630772,0.07919251295364814,5423.853240163496,5408.138277892974,100.00000000000001,24.698413987432733,1.6271559720490485,1.622441483367892,101.62715597204907,-78.55118346798423,-0.7729349770408658,False
690,690,long,Long1,2026-02-23 20:15:00,2026-02-23 20:30:00,2026-02-24 02:30:00,2026-02-24 08:00:00,call,64500.0,64269.42,64132.43,-0.213149581869565,11.5,5.5,0.6647670523379978,0.5768423773464657,1.213912225890097,0.25,1018.0970000365851,39.556570703971374,0.0,0.0,967.1921500347557,1069.0018500384144,34.01865080541538,45.09449060252737,1133.1419610407193,31.297158740982155,1144.4733806511265,30.984187153572332,0.08737643154540378,5615.632577092804,5603.6628797354,100.0,2.7072877078140922,1.6846897731278412,0.2707287707814092,101.68468977312784,-99.24813083609516,-0.9760380944027172,False
691,691,long,Long2,2026-02-24 01:15:00,2026-02-24 01:30:00,2026-02-24 07:30:00,2026-02-24 08:00:00,call,64500.0,64334.0,63096.48,-1.9235862840799478,6.5,0.5,0.5907981161208538,0.6271134203067267,1.1066572683752378,0.25,694.4898947944203,0.0,0.0,0.0,597.2613095232014,791.7184800656391,0.8,1.2,839.2215888695775,0.7360000000000001,847.6138047582733,0.7286400000000001,0.11797825783231373,7590.013239384072,7444.012785751427,100.0,0.08596367778693709,2.2770039718152213,0.008596367778693709,102.27700397181522,-102.19963666180698,-0.9992435512675991,False
693,693,short,Short1,2026-02-25 20:00:00,2026-02-25 20:15:00,2026-02-26 02:15:00,2026-02-26 08:00:00,put,69000.0,68802.37,67936.4,1.2586339685682346,11.75,5.75,0.6594919392012036,0.6541176565343636,1.2062633118417452,0.25,1315.629457103947,1064.7049152829713,197.63000000000466,1063.6000000000058,1249.8479842487498,1381.4109299591444,1047.6460000000056,1277.6458983395655,1464.295585756693,1047.6460000000056,1478.93854161426,1037.1695400000056,0.06761606191617002,4652.145309899239,4593.591828761692,100.0,70.12931983420596,1.3956435929697715,1.3780775486285075,101.39564359296978,-32.64440130739233,-0.321950728361033,False
694,694,short,Short1,2026-02-27 08:30:00,2026-02-27 08:45:00,2026-02-27 14:45:00,2026-02-28 08:00:00,put,68000.0,67926.24,65887.59,3.0012702013242687,23.25,17.25,0.5169643459787677,0.5179851501914879,0.9995983016692132,0.25,1433.302157346574,2112.89613961507,73.75999999999476,2112.4100000000035,1361.6370494792452,1504.9672652139027,2080.7238500000035,2345.314714972728,1595.2653011267369,2080.7238500000035,1611.2179541380042,2059.9166115000035,0.06206484960223748,4215.831869645488,4089.303364003886,100.0,127.84841468589836,1.2647495608936463,1.2267910092011658,101.26474956089365,25.35687411580355,0.25040178567326304,True
696,696,long,Long1,2026-03-01 20:45:00,2026-03-01 21:00:00,2026-03-02 03:00:00,2026-03-02 08:00:00,call,65500.0,65515.83,66493.01,1.4915173935825754,11.0,5.0,0.6315671048472731,0.7000045556139572,1.165772302028546,0.25,1087.4541926547608,993.7541518908693,15.830000000001746,993.0099999999948,1033.0814830220227,1141.826902287499,978.1148499999948,1192.504982269043,1210.336516424749,978.1148499999948,1222.4398815889965,968.3337014999948,0.08180361382681195,5359.431656863061,5439.368512222345,100.0,79.21319617299298,1.6078294970589182,1.6318105536667034,101.60782949705892,-24.026443877732632,-0.23646252455799274,False
697,697,short,Short1,2026-03-02 15:45:00,2026-03-02 16:00:00,2026-03-02 22:00:00,2026-03-03 08:00:00,put,69500.0,69665.12,69241.53,0.608037422457608,16.0,10.0,0.9407282329573048,0.8379612038637493,1.6140559377880919,0.30277672231824954,1833.0525260271243,430.9180048610724,0.0,258.47000000000116,1741.399899725768,1924.7051523284806,409.37210461801874,452.46390510412607,2040.1874614681894,376.62233624857726,2060.5893360828713,372.85611288609147,0.04852980564778497,3380.8347340296173,3360.277993655272,100.0,18.094634692950592,1.0142504202088851,1.0080833980965815,101.01425042020888,-83.92769912535488,-0.8308500907171442,False
698,698,short,Short2,2026-03-02 18:45:00,2026-03-02 19:00:00,2026-03-03 01:00:00,2026-03-03 08:00:00,put,68500.0,68745.59,69132.08,-0.5622033355157763,13.0,7.0,0.9166922272276985,0.7830898542853518,1.5792037294801629,0.26985391257121105,1545.2957701502091,29.204017214216037,0.0,0.0,1468.0309816426986,1622.5605586577196,25.11545480422579,33.29257962420628,1719.914192177183,23.10621841988773,1737.1133340989547,22.875156235688852,0.057566767830879766,3957.4614189268495,3979.7103990258065,100.0,1.3168488081150016,1.1872384256780548,0.13168488081150018,101.18723842567806,-100.00207449837455,-0.9882874170128281,False
699,699,short,Short1,2026-03-04 08:00:00,2026-03-04 08:15:00,2026-03-04 14:15:00,2026-03-05 08:00:00,put,69500.0,69316.41,71751.67,-3.513251768232073,23.75,17.75,0.7877913788679933,0.8149703497219003,1.3922974993585904,0.28898220983314016,2100.0848755934494,2.140004174379783,183.5899999999965,0.0,1995.0806318137768,2205.089119373122,1.9046037151980069,2.3754046335615593,2337.3944665355093,1.7522354179821664,2360.7684112008646,1.7347130638023447,0.04235908932258733,2936.1800027110858,3039.3353985748095,100.0,0.07348086561866266,0.8808540008133257,0.0073480865618662655,100.88085400081333,-100.81472122175653,-0.9993444466771042,False
700,700,short,Short1,2026-03-04 13:00:00,2026-03-04 13:15:00,2026-03-04 19:15:00,2026-03-05 08:00:00,put,71500.0,71364.49,73557.99,-3.073657501090521,18.75,12.75,0.8176293564909306,0.8046116129313414,1.4355625669118492,0.28276696775880483,1960.8495548413193,1.0390286182534965,135.50999999999476,0.0,1862.8070770992533,2058.8920325833856,0.9247354702456119,1.1533217662613813,2182.425554538389,0.8507566326259629,2204.249810083773,0.8422490662997033,0.045366908751689757,3237.586305940876,3337.098620287708,100.0,0.03821023653701454,0.9712758917822628,0.003821023653701454,100.97127589178227,-100.93688667889896,-0.9996594158825906,False
701,701,long,TrendLong,2026-03-04 15:30:00,2026-03-04 15:45:00,2026-03-04 21:45:00,2026-03-05 08:00:00,call,73500.0,73396.88,73309.72,-0.11875164175916275,16.25,10.25,0.8369625525207067,0.756042267664071,1.4635957011550247,0.2536253605984426,1795.683550347021,170.1768252237962,0.0,0.0,1705.89937282967,1885.4677278643721,161.66798396260637,178.685666484986,1998.5957915362346,148.73454524559787,2018.581749451597,147.2471997931419,0.04953973255091984,3636.061805271958,3631.7439221828195,100.0,7.294586896624109,1.0908185415815872,0.7294586896624109,101.09081854158158,-94.52569033461988,-0.9350571268323317,False
702,702,short,Short1,2026-03-05 11:00:00,2026-03-05 11:15:00,2026-03-05 17:15:00,2026-03-06 08:00:00,put,73000.0,73122.37,70928.41,3.0003950911328348,20.75,14.75,0.6736950412248123,0.7114576840930845,1.2268578097759777,0.25,1679.6365463379188,2072.140046262517,0.0,2071.5899999999965,1595.6547190210229,1763.6183736548148,2040.5161499999965,2300.075451351394,1869.435476074104,2040.5161499999965,1888.129830834845,2020.1109884999964,0.052962459660829866,3872.740571429276,3756.543053431802,100.0,106.9900467388302,1.1618221714287826,1.1269629160295405,101.16182217142878,4.70126165137188,0.0464726865378633,True
703,703,long,Long1,2026-03-06 17:45:00,2026-03-06 18:00:00,2026-03-07 00:00:00,2026-03-07 08:00:00,call,68500.0,68329.24,68214.04,-0.16859546513324775,14.0,8.0,0.6935144617217175,0.6949391600339648,1.2555959694964904,0.25,1286.1699591711586,93.8488957173031,0.0,0.0,1221.8614612126005,1350.4784571297166,80.71005031688065,106.98774111772553,1431.5071645574997,74.2532462915302,1445.8222362030747,73.5107138286149,0.06916479598668614,4725.977944525314,4718.0101600276475,100.0,5.084353524791816,1.4177933833575942,0.5084353524791817,101.41779338335759,-96.84187521104495,-0.9548805192889994,False
706,706,long,Long1,2026-03-08 22:30:00,2026-03-08 22:45:00,2026-03-09 04:45:00,2026-03-09 08:00:00,call,66000.0,66236.8,67130.14,1.348706459249227,9.25,3.25,0.6290040574456621,0.6978483730672294,1.16205588329621,0.25,1118.8599706745808,1130.156906176504,236.8000000000029,1130.1399999999994,1062.9169721408518,1174.8029692083098,1113.1878999999994,1356.1882874118048,1245.2911473608085,1113.1878999999994,1257.7440588344166,1102.0560209999994,0.07950743181619363,5266.317859722854,5337.345028861532,100.0,87.6216439472831,1.5798953579168562,1.6012035086584595,101.57989535791685,-15.559454919292207,-0.1531745515632641,False
707,707,long,Long2,2026-03-08 22:30:00,2026-03-08 22:45:00,2026-03-09 04:45:00,2026-03-09 08:00:00,call,66000.0,66236.8,67130.14,1.348706459249227,9.25,3.25,0.6290040574456621,0.6978483730672294,1.16205588329621,0.25,1118.8599706745808,1130.156906176504,236.8000000000029,1130.1399999999994,1062.9169721408518,1174.8029692083098,1113.1878999999994,1356.1882874118048,1245.2911473608085,1113.1878999999994,1257.7440588344166,1102.0560209999994,0.07950743181619363,5266.317859722854,5337.345028861532,100.0,87.6216439472831,1.5798953579168562,1.6012035086584595,101.57989535791685,-15.559454919292207,-0.1531745515632641,False
708,708,short,Short1,2026-03-09 14:45:00,2026-03-09 15:00:00,2026-03-09 21:00:00,2026-03-10 08:00:00,put,69000.0,69166.03,69054.0,0.16197257526563424,17.0,11.0,0.6745879960799183,0.7208461796564711,1.2281525943158815,0.25,1409.3711814664966,217.90680301245447,0.0,0.0,1338.9026223931717,1479.8397405398216,207.01146286183175,228.8021431630772,1568.630124972211,190.4505458328852,1584.3164262219332,188.54604037455636,0.06311870428464009,4365.670194112545,4358.599005671536,100.0,11.900781766441433,1.3097010582337634,1.1900781766441433,101.30970105823377,-90.59899746843648,-0.8942776113450313,False
709,710,short,Short1,2026-03-10 00:45:00,2026-03-10 01:00:00,2026-03-10 07:00:00,2026-03-10 08:00:00,put,69000.0,69108.0,70240.36,-1.6385367830063169,7.0,1.0,0.6612366598399525,0.6484897992013524,1.208793156767931,0.25,888.2828502344928,3.4123444958570394e-10,0.0,0.0,763.9232512016638,1012.6424492673219,0.8,1.2,1073.4009962233613,0.7360000000000001,1084.1350061855949,0.7286400000000001,0.09223943459942187,6374.482846296846,6478.931092459848,100.0,0.06720934162652276,1.9123448538890537,0.006720934162652276,101.91234485388905,-101.85185644642519,-0.999406466335844,False
710,709,short,Short2,2026-03-10 08:15:00,2026-03-10 08:30:00,2026-03-10 14:30:00,2026-03-11 08:00:00,put,71000.0,70918.69,70457.31,0.650576032918837,23.5,17.5,0.634735144384026,0.7252307248160924,1.1703659593568376,0.25,1756.7222089966162,658.17840545527,81.30999999999767,542.6900000000023,1668.8860985467854,1844.558319446447,625.2694851825064,691.0873257280335,1955.231818613234,575.247926367906,1974.7841367993665,569.4954471042269,0.05063844606432534,3591.212258517609,3567.8486922724505,100.0,28.838364482066236,1.0773636775552826,1.070354607681735,101.07736367755528,-73.30935380317078,-0.7252796386442504,False
711,711,short,Short1,2026-03-11 13:45:00,2026-03-11 14:00:00,2026-03-11 20:00:00,2026-03-12 08:00:00,put,70000.0,70228.02,70434.15,-0.2935153233709187,18.0,12.0,0.5684622077422093,0.5553153403531625,1.0742702012262035,0.25,1251.002265670686,97.92862006252835,0.0,0.0,1188.4521523871517,1313.5523789542203,93.03218905940193,102.82505106565478,1392.3655216914735,85.58961393464978,1406.2891769083883,84.73371779530328,0.07110913007226709,4993.853408897775,5008.5111338795705,100.0,6.0253409602129935,1.4981560226693322,0.6025340960212994,101.49815602266933,-96.07534915847764,-0.9465723607532286,False
712,712,short,Short1,2026-03-13 00:45:00,2026-03-13 01:00:00,2026-03-13 07:00:00,2026-03-13 08:00:00,put,71500.0,71592.36,71423.43,0.23596093214416358,7.0,1.0,0.5369014542100159,0.5299718942835048,1.028507108604523,0.25,784.460820017237,120.48122129883268,0.0,76.57000000000698,674.6363052148238,894.2853348196503,103.6138503169961,137.34859228066927,947.9424549088294,95.32474229163643,957.4218794579177,94.37149486872006,0.10444716393636101,7477.618961510975,7459.974702107204,100.0,9.856834995472656,2.2432856884532923,0.9856834995472656,102.2432856884533,-93.37213419252791,-0.9132348746796266,False
713,713,short,Short1,2026-03-15 23:15:00,2026-03-15 23:30:00,2026-03-16 05:30:00,2026-03-16 08:00:00,put,72500.0,72701.07,74045.37,-1.849078699942086,8.5,2.5,0.5097576813836296,0.5139629797122854,0.989148638006263,0.25,795.4510306829397,1.7083720601721725e-05,0.0,0.0,755.6784791487927,835.2235822170868,0.8,1.2,885.3369971501121,0.7360000000000001,894.1903671216132,0.7286400000000001,0.11183300970004705,8130.3794665138,8280.716581453571,100.0,0.08148600418784228,2.43911383995414,0.008148600418784228,102.43911383995415,-102.36577643618509,-0.9992840878740552,False
714,714,short,Short2,2026-03-16 22:15:00,2026-03-16 22:30:00,2026-03-17 04:30:00,2026-03-17 08:00:00,put,75000.0,74764.81,74051.38,0.9542323454041934,9.5,3.5,0.5849093871991327,0.600246457229345,1.0981186114387422,0.25,1201.9185928007573,949.2641119055625,235.19000000000233,948.6199999999953,1141.8226631607195,1262.0145224407952,934.3906999999954,1082.1610875723413,1337.7353937872429,934.3906999999954,1351.1127477251152,925.0467929999954,0.07401306824198883,5533.572984629329,5480.769841353447,100.0,68.46555141734159,1.6600718953887985,1.6442309524060341,101.6600718953888,-34.83875143045324,-0.3426984732639511,False
716,717,long,Long1,2026-03-18 17:15:00,2026-03-18 17:30:00,2026-03-18 23:30:00,2026-03-19 08:00:00,call,71500.0,71590.62,71275.76,-0.4398062204238551,14.5,8.5,0.4438727048998905,0.4489556526870348,0.9,0.25,1090.995607189565,127.46550486115666,90.61999999999534,0.0,1036.4458268300866,1145.5453875490432,121.09222961809883,133.8387801042145,1214.2781108019858,111.40485124865093,1226.4208919100056,110.29080273616442,0.08153807608761607,5837.361420719608,5811.688342082662,100.0,8.99289986526563,1.7512084262158822,0.899289986526563,101.75120842621588,-93.65759854747682,-0.9204568672557036,False
718,716,long,Long3,2026-03-19 13:15:00,2026-03-19 13:30:00,2026-03-19 19:30:00,2026-03-20 08:00:00,call,69500.0,69717.19,70445.18,1.0442044494334723,18.5,12.5,0.460799677060851,0.5788226033944371,0.918159531738234,0.25,1283.4323957246233,967.8336751089519,217.19000000000233,945.179999999993,1219.260775938392,1347.6040155108547,931.002299999993,1016.2253588643995,1428.460256441506,931.002299999993,1442.7448590059212,921.6922769999932,0.06931232461219922,4832.260504330369,4882.719183524803,100.0,63.88463429598056,1.4496781512991106,1.4648157550574408,101.44967815129911,-39.02985961037599,-0.38472137439576687,False
719,719,long,Long1,2026-03-20 14:15:00,2026-03-20 14:30:00,2026-03-20 20:30:00,2026-03-21 08:00:00,call,70000.0,69980.14,69931.91,-0.06891955346187695,17.5,11.5,0.5102422811756319,0.46124435794086693,0.9898513077046662,0.25,1225.325903645491,220.2449175260299,0.0,0.0,1164.0596084632164,1286.5921988277657,209.2326716497284,231.2571634023314,1363.7877307574317,192.49405791775013,1377.4256080650061,190.56911733857262,0.07259920202912375,5080.5023218863635,5077.0008623725,100.0,13.835165850174823,1.5241506965659088,1.3835165850174824,101.52415069656591,-89.07250143140857,-0.8773528349685714,False
720,720,long,Long1,2026-03-22 00:15:00,2026-03-22 00:30:00,2026-03-22 06:30:00,2026-03-22 08:00:00,call,69000.0,69069.68,69197.95,0.18571100951967345,7.5,1.5,0.5386614296390623,0.4629300936868599,1.0310590729766402,0.25,866.1576365742585,221.68179639737355,69.67999999999302,197.9499999999971,744.8955674538623,987.4197056946548,194.98074999999713,252.71724789300586,1046.664888036334,194.98074999999713,1057.1315369166975,193.03094249999717,0.09459560755482413,6533.6883432172845,6545.822121798342,100.0,18.259879282667555,1.9601065029651852,1.8259879282667555,101.96010650296519,-85.52621514856439,-0.8388203786946528,False
721,721,long,Long1,2026-03-22 10:45:00,2026-03-22 11:00:00,2026-03-22 17:00:00,2026-03-23 08:00:00,call,68500.0,68658.59,68823.98,0.24088755682283303,21.0,15.0,0.4652127153424159,0.46764248656985974,0.924558437246503,0.25,1319.301754822125,474.3377077211262,158.5899999999965,323.9799999999959,1253.3366670810187,1385.2668425632314,450.6208223350699,498.05459310718254,1468.3828531170254,414.5711565482643,1483.0666816481958,410.42544498278164,0.06742785151701049,4629.501211887301,4640.653104249699,100.0,27.674105963101958,1.3888503635661902,1.3921959312749095,101.38885036356619,-75.10694033173914,-0.7407810628330057,False
722,722,short,Short1,2026-03-23 14:15:00,2026-03-23 14:30:00,2026-03-23 20:30:00,2026-03-24 08:00:00,put,71500.0,71385.8,70949.28,0.6114941627046289,17.5,11.5,0.9760056177359254,0.8873325692362481,1.6652081457170917,0.33239954154174883,2178.4117936276525,685.771422688973,114.19999999999709,550.7200000000012,2069.4912039462697,2287.3323833090353,651.4828515545242,720.0599938234217,2424.5723263075774,599.3642234301624,2448.8180495706533,593.3705811958607,0.040836027003938825,2915.1124564977763,2897.286713990017,100.0,24.230897077057044,0.8745337369493328,0.8691860141970049,100.87453373694933,-77.51282267408929,-0.7684082374667485,False
723,723,short,Short1,2026-03-25 00:45:00,2026-03-25 01:00:00,2026-03-25 07:00:00,2026-03-25 08:00:00,put,71000.0,70803.63,71142.98,-0.4792833361792148,7.0,1.0,0.5201058315096415,0.520435055246673,1.0041534556889802,0.25,904.8820771748724,24.76442925322226,196.36999999999534,0.0,778.1985863703902,1031.5655679793547,21.297409157771146,28.23144934867338,1093.459502058116,19.593616425149456,1104.394097078697,19.39768026089796,0.09054738726376421,6411.083705290274,6441.810961158231,100.0,1.7564092666022024,1.9233251115870822,0.17564092666022024,101.92332511158708,-100.34255677164509,-0.9844906125441715,False
724,724,long,Long1,2026-03-26 15:15:00,2026-03-26 15:30:00,2026-03-26 21:30:00,2026-03-27 08:00:00,call,69000.0,68988.75,69020.98,0.046717761953929404,16.5,10.5,0.5080283677499635,0.5066420357565218,0.9866411332374471,0.25,1172.9110093550335,248.92730960265908,0.0,20.979999999995925,1114.2654588872817,1231.5565598227852,236.48094412252613,261.37367508279203,1305.4499534121524,217.56246859272403,1318.504452946274,215.3868439067968,0.07584350570568363,5232.348654252982,5234.793090441875,100.0,16.335693324774333,1.5697045962758944,1.5704379271325626,101.5697045962759,-86.80444919863413,-0.8546293360177485,False
725,725,long,Long1,2026-03-27 15:15:00,2026-03-27 15:30:00,2026-03-27 21:30:00,2026-03-28 08:00:00,call,66500.0,66399.04,66129.89,-0.4053522460565562,16.5,10.5,0.5694071051238173,0.5143139931281205,1.0756403024295351,0.25,1187.60184937745,89.94850981413038,0.0,0.0,1128.2217569085774,1246.9819418463226,85.45108432342386,94.4459353048369,1321.800858357102,78.61499757754996,1335.018866940673,77.82884760177446,0.07490530843894351,4973.640571249747,4953.479807483406,100.0,5.829793835058444,1.492092171374924,0.5829793835058444,101.49209217137492,-96.24527771982233,-0.9483032191050603,False
726,726,long,Long1,2026-03-29 00:00:00,2026-03-29 00:15:00,2026-03-29 06:15:00,2026-03-29 08:00:00,call,66500.0,66399.76,66701.93,0.45507694606123916,7.75,1.75,0.5008956979800203,0.498851704954787,0.9762987620710294,0.25,720.7052986228045,227.43775546755933,0.0,201.92999999999302,619.8065568156119,821.6040404299973,198.90104999999312,259.27904123301767,870.9002828557972,198.90104999999312,879.6092856843552,196.9120394999932,0.11368683985890146,7548.778881789491,7583.1316341896545,100.0,22.386307500925405,2.2646336645368472,2.2386307500925406,102.26463366453685,-82.11695691370397,-0.8029849027091401,False
727,727,long,Long1,2026-03-29 22:45:00,2026-03-29 23:00:00,2026-03-30 05:00:00,2026-03-30 08:00:00,call,66000.0,66102.11,67646.15,2.3358407167335393,9.0,3.0,0.49921761283935284,0.5030933394482635,0.9738655386170616,0.25,874.57188194841,1646.1500027534785,102.11000000000058,1646.1499999999942,830.8432878509894,918.3004760458306,1621.4577499999943,1975.3800033041741,973.3985046085804,1621.4577499999943,983.1324896546662,1605.2431724999944,0.10171569046113599,6723.621759587962,6880.674854287574,100.0,163.27841764886136,2.0170865278763883,2.064202456286272,102.01708652787639,59.19712866469871,0.5802668031352078,True
728,728,short,Short1,2026-03-30 13:15:00,2026-03-30 13:30:00,2026-03-30 19:30:00,2026-03-31 08:00:00,put,67500.0,67714.36,66339.0,2.031120134636144,18.5,12.5,0.44351587017849387,0.5273883074205629,0.9,0.25,1011.5408559486677,1169.2112049477437,0.0,1161.0,960.9638131512343,1062.1178987461012,1143.585,1297.8244374919957,1125.8449726708673,1143.585,1137.103422397576,1132.14915,0.08794274824109717,5954.986913787021,5834.033975566145,100.0,99.56430766982216,1.7864960741361062,1.7502101926698435,101.78649607413611,-3.972398596983794,-0.03902677418122833,False
730,730,short,Short1,2026-03-31 17:15:00,2026-03-31 17:30:00,2026-03-31 23:30:00,2026-04-01 08:00:00,put,67500.0,67712.83,68310.02,-0.8819451202970008,14.5,8.5,0.7417401712682044,0.6217391059400793,1.3255232483388963,0.25,1350.3972439575991,14.40806632577096,0.0,0.0,1282.8773817597191,1417.9171061554791,13.687663009482412,15.128469642059509,1502.9921325248079,12.59264996872382,1518.022053850056,12.46672346903658,0.06587519578281278,4460.595933258319,4499.935941427857,100.00000000000001,0.8212478492929717,1.3381787799774956,0.08212478492929717,101.33817877997751,-100.59905571561384,-0.9927063711499253,False
733,733,long,Long1,2026-04-02 12:30:00,2026-04-02 12:45:00,2026-04-02 18:45:00,2026-04-03 08:00:00,call,66000.0,66052.71,66981.99,1.4068764173339687,19.25,13.25,0.4542024994904965,0.5240250603401817,0.9085936242612199,0.25,1148.38333713061,1000.130351413798,52.7100000000064,981.9900000000052,1090.9641702740794,1205.8025039871407,967.2601500000052,1050.136868984488,1278.1506542263692,967.2601500000052,1290.932160768633,957.5875485000051,0.07746340438250379,5116.667785290252,5188.652977714825,100.00000000000001,74.17799150110636,1.5350003355870756,1.5565958933144475,101.53500033558709,-28.913604727795175,-0.2847649050301054,False
734,734,short,Short1,2026-04-06 00:15:00,2026-04-06 00:30:00,2026-04-06 06:30:00,2026-04-06 08:00:00,put,69500.0,69312.72,68926.65,0.5569973303601539,7.5,1.5,0.40464822540771456,0.40630364072324204,0.9,0.25,826.6157331545837,573.7605035849119,187.27999999999884,573.3500000000058,710.889530512942,942.3419357962256,564.7497500000057,654.0869740867997,998.8824519439992,564.7497500000057,1008.8712764634391,559.1022525000056,0.09912067310563771,6870.323461182597,6832.055942916703,100.0,55.418591602678774,2.061097038354779,2.049616782875011,102.06109703835477,-48.69212221855101,-0.4770879760409827,False
735,735,short,Short1,2026-04-07 09:45:00,2026-04-07 10:00:00,2026-04-07 16:00:00,2026-04-08 08:00:00,put,69000.0,68915.52,68154.12,1.1048309582515015,22.0,16.0,0.3940602604583366,0.404290351633695,0.9,0.25,1283.3730568197861,890.9727561319669,84.47999999999593,845.8800000000047,1219.2044039787968,1347.5417096607755,846.4241183253685,935.5213939385653,1428.3942122404221,833.1918000000046,1442.6781543628263,824.8598820000045,0.06931552938372872,4776.915751554944,4724.138907482173,100.0,57.17559938823032,1.433074725466483,1.4172416722446517,101.43307472546648,-45.674717009480815,-0.4502941188867797,False
736,736,short,Short1,2026-04-07 23:00:00,2026-04-07 23:15:00,2026-04-08 05:15:00,2026-04-08 08:00:00,put,73000.0,72753.27,71720.97,1.4189052945661418,8.75,2.75,0.7362859676890676,0.6588009778533382,1.317614653149148,0.25,1337.9819060676018,1279.0323876315379,246.72999999999593,1279.0299999999988,1271.0828107642217,1404.881001370982,1259.844549999999,1534.8388651578455,1489.173861453241,1259.844549999999,1504.0656000677734,1247.2461044999989,0.06648646175771455,4837.107503603682,4768.473529131193,100.00000000000001,82.92498042929762,1.4511322510811044,1.4305420587393576,101.45113225108112,-19.956693880522863,-0.19671238198832613,False
737,737,short,Short2,2026-04-07 23:00:00,2026-04-07 23:15:00,2026-04-08 05:15:00,2026-04-08 08:00:00,put,73000.0,72753.27,71720.97,1.4189052945661418,8.75,2.75,0.7362859676890676,0.6588009778533382,1.317614653149148,0.25,1337.9819060676018,1279.0323876315379,246.72999999999593,1279.0299999999988,1271.0828107642217,1404.881001370982,1259.844549999999,1534.8388651578455,1489.173861453241,1259.844549999999,1504.0656000677734,1247.2461044999989,0.06648646175771455,4837.107503603682,4768.473529131193,100.00000000000001,82.92498042929762,1.4511322510811044,1.4305420587393576,101.45113225108112,-19.956693880522863,-0.19671238198832613,False
738,738,short,Short1,2026-04-09 09:15:00,2026-04-09 09:30:00,2026-04-09 15:30:00,2026-04-10 08:00:00,put,71500.0,71274.35,72075.75,-1.1243876654083662,22.5,16.5,0.419069372507586,0.4651388753229654,0.9,0.25,1414.8380390580642,104.08620953776335,225.64999999999418,0.0,1344.096137105161,1485.5799410109673,98.88189906087518,109.29052001465152,1574.7147374716255,90.97134713600518,1590.4618848463417,90.06163366464513,0.06287481702817495,4481.361715052101,4531.749593418481,99.99999999999999,5.662608737923084,1.3444085145156304,0.5662608737923084,101.34440851451562,-96.24806065038484,-0.9497125895860271,False
739,739,short,Short1,2026-04-09 17:45:00,2026-04-09 18:00:00,2026-04-10 00:00:00,2026-04-10 08:00:00,put,72000.0,71894.13,71816.0,0.10867368448579384,14.0,8.0,0.48518921292651856,0.46630088800966457,0.9535243587434519,0.25,1147.8086274207017,321.0434983894884,105.86999999999534,184.0,1090.4181960496664,1205.199058791737,276.09740861496,365.98958816401677,1277.5110023192412,254.0096159257632,1290.2861123424336,251.46951976650556,0.07750219043934083,5571.952554730727,5565.8973085917005,100.0,19.489438610633297,1.6715857664192177,1.66976919257751,101.67158576641921,-83.85191634836343,-0.8247330433205323,False
740,740,short,Short1,2026-04-10 11:30:00,2026-04-10 11:45:00,2026-04-10 17:45:00,2026-04-11 08:00:00,put,72000.0,72127.59,73121.66,-1.3782104739670453,20.25,14.25,0.42254214256973993,0.4049643735589538,0.9,0.25,1181.1769308582298,19.87413578773794,0.0,0.0,1122.1180843153181,1240.2357774011414,17.687980851086767,22.060290724389116,1314.64992404521,16.272942382999826,1327.796423285662,16.11021295916983,0.07531274994140122,5432.1271495459105,5506.99329488016,100.0,1.2133044400966786,1.629638144863773,0.12133044400966786,101.62963814486378,-100.53766414877677,-0.9892553588104831,False
741,741,short,Short1,2026-04-11 19:45:00,2026-04-11 20:00:00,2026-04-12 02:00:00,2026-04-12 08:00:00,put,73500.0,73493.28,71789.64,2.3180894906309812,12.0,6.0,0.41088471026495166,0.5323956511141607,0.9,0.25,980.0127740250755,1710.3786906089663,6.720000000001164,1710.3600000000006,931.0121353238217,1029.0134127263293,1684.7046000000005,2052.4544287307594,1090.754217489909,1684.7046000000005,1101.6617596648082,1667.8575540000004,0.09077196255811404,6671.129260432991,6516.486514140486,100.0,151.3947034439557,2.001338778129897,1.9549459542421457,102.00133877812989,47.43841871158368,0.4650764321316433,True
742,742,long,Long1,2026-04-12 23:15:00,2026-04-12 23:30:00,2026-04-13 05:30:00,2026-04-13 08:00:00,call,70500.0,70733.27,70747.21,0.01970784045470797,8.5,2.5,0.43491001709540666,0.4260117000343762,0.9,0.25,911.8846940927178,281.27863077341317,233.27000000000407,247.2100000000064,866.2904593880819,957.4789287973538,243.5018500000063,320.65763908169106,1014.927664525195,243.5018500000063,1025.076941170447,241.06683150000623,0.09755365278807132,6900.288862144902,6901.648760064768,100.0,23.516949978872102,2.0700866586434703,2.0704946280194303,102.07008665864348,-80.6236313077908,-0.7898850088902462,False
743,743,short,Short1,2026-04-13 23:30:00,2026-04-13 23:45:00,2026-04-14 05:45:00,2026-04-14 08:00:00,put,74500.0,74417.99,74210.11,0.2793410571825472,8.25,2.25,0.4846399594267915,0.4367438404890982,0.9527279411688476,0.25,910.0926442996497,316.0099290780563,82.00999999999476,289.8899999999994,864.5880120846672,955.5972765146322,285.54164999999944,360.25131914898424,1012.9331131055102,285.54164999999944,1023.0624442365653,282.68623349999945,0.09774574422446178,7274.041816238555,7253.722430929173,100.0,27.631376275467424,2.1822125448715664,2.176116729278752,102.18221254487156,-76.72695299868289,-0.7508836527197879,False
745,744,short,Short2,2026-04-14 14:30:00,2026-04-14 14:45:00,2026-04-14 20:45:00,2026-04-15 08:00:00,put,75000.0,75013.62,74102.29,1.2148860433611963,17.25,11.25,0.4775764718219613,0.4941814042816869,0.9424858841418439,0.25,1244.6026866275788,925.3774956603447,0.0,897.7100000000064,1182.3725522961997,1306.8328209589579,884.2443500000063,971.646370443362,1385.2427902164955,884.2443500000063,1399.0952181186603,875.4019065000062,0.07147476362221315,5361.580757946521,5296.443661614689,100.0,62.56914434152269,1.608474227383956,1.5889330984844063,101.60847422738395,-40.62826298434567,-0.39985112750956125,False
746,746,short,Short1,2026-04-15 19:45:00,2026-04-15 20:00:00,2026-04-16 02:00:00,2026-04-16 08:00:00,put,74500.0,74668.55,74678.54,-0.01337912682111142,12.0,6.0,0.4365234586263857,0.39298522447275186,0.9,0.25,909.1066957897419,118.30804530115347,0.0,0.0,863.6513610002548,954.562030579229,101.74491895899199,134.87117164331497,1011.8357524139828,93.60532544227263,1021.9541099381227,92.6692721878499,0.09785175188155446,7306.448427955444,7307.425966956739,100.0,9.067850629169723,2.191934528386633,0.9067850629169723,102.19193452838664,-94.0308689621339,-0.9201398270429475,False
747,747,short,Short1,2026-04-17 09:30:00,2026-04-17 09:45:00,2026-04-17 15:45:00,2026-04-18 08:00:00,put,76000.0,75779.99,77785.02,-2.6458567756475038,22.25,16.25,0.44023989699922084,0.5436831985131466,0.9,0.25,1485.941975282869,4.580677346229095,220.00999999999476,0.0,1411.6448765187254,1560.2390740470125,4.0768028381438945,5.084551854314296,1653.8534184898333,3.750658611092383,1670.3919526747316,3.713152024981459,0.05986618879471613,4536.6591882017,4656.69269272077,100.0,0.22229226015102252,1.3609977564605098,0.022229226015102254,101.3609977564605,-101.16093472232458,-0.9980262325888246,False
748,748,short,Short1,2026-04-17 14:45:00,2026-04-17 15:00:00,2026-04-17 21:00:00,2026-04-18 08:00:00,put,78000.0,77831.99,77381.04,0.5793890147226199,17.0,11.0,0.544875069234637,0.5102567105208328,1.0400688503902238,0.25,1509.6576045924667,688.1683678901973,168.00999999999476,618.9600000000064,1434.1747243628433,1585.14048482209,653.7599494956874,722.5767862847072,1680.2489139114155,609.6756000000063,1697.0514030505296,603.5788440000063,0.05892573425898903,4586.307159588292,4559.7345997242,100.0,35.56632656589217,1.3758921478764874,1.36792037991726,101.37589214787648,-67.17748596190157,-0.6626574083699319,False
749,749,short,Short2,2026-04-17 14:45:00,2026-04-17 15:00:00,2026-04-17 21:00:00,2026-04-18 08:00:00,put,78000.0,77831.99,77381.04,0.5793890147226199,17.0,11.0,0.544875069234637,0.5102567105208328,1.0400688503902238,0.25,1509.6576045924667,688.1683678901973,168.00999999999476,618.9600000000064,1434.1747243628433,1585.14048482209,653.7599494956874,722.5767862847072,1680.2489139114155,609.6756000000063,1697.0514030505296,603.5788440000063,0.05892573425898903,4586.307159588292,4559.7345997242,100.0,35.56632656589217,1.3758921478764874,1.36792037991726,101.37589214787648,-67.17748596190157,-0.6626574083699319,False
751,751,short,Short2,2026-04-22 14:15:00,2026-04-22 14:30:00,2026-04-22 20:30:00,2026-04-23 08:00:00,put,78500.0,78699.54,78513.37,0.23655792651392504,17.5,11.5,0.5186413507337125,0.40553671221438914,1.0020299585638832,0.25,1306.7294695544551,277.0604105774837,0.0,0.0,1241.3929960767323,1372.065943032178,263.2073900486095,290.9134311063579,1454.3898996141088,242.15079884472075,1468.9337986102498,239.72929085627354,0.0680765873142884,5357.596106404331,5344.922288144031,100.0,16.319952000769543,1.6072788319212992,1.603476686443209,101.6072788319213,-86.89080351759497,-0.8551631784306485,False
752,752,short,Short1,2026-04-27 01:00:00,2026-04-27 01:15:00,2026-04-27 07:15:00,2026-04-27 08:00:00,put,79000.0,78908.39,77690.95,1.542852414046214,6.75,0.75,0.36887320719228717,0.3868175904098109,0.9,0.25,833.5476337805594,1309.050000000003,91.61000000000058,1309.050000000003,716.850965051281,950.2443025098378,1289.4142500000028,1570.8600000000035,1007.2589606604281,1289.4142500000028,1017.3315502670324,1276.5201075000027,0.09829637149634422,7756.408417618413,7636.7384831039035,100.0,125.47729470937354,2.3269225252855237,2.291021544931171,102.32692252528553,20.859350639156844,0.2038500731222752,True
753,753,long,Long1,2026-04-29 16:00:00,2026-04-29 16:15:00,2026-04-29 22:15:00,2026-04-30 08:00:00,call,76000.0,75837.01,75839.75,0.0036130116416899227,15.75,9.75,0.3459006862577055,0.4341575169807752,0.9,0.25,1076.0784204621086,180.53402842947617,0.0,0.0,1022.2744994390032,1129.882341485214,171.50732700800236,189.56072985094997,1197.675281974327,157.78674084736218,1209.6520347940702,156.20887343888856,0.08266840142754266,6269.324385744566,6269.550897164479,100.0,12.913537855990246,1.8807973157233695,1.2913537855990247,101.88079731572337,-90.25861324533216,-0.8859237032237325,False
