signal_id,trade_id,side,entry_id,signal_time,entry_time,exit_time,expiry_time,option_type,strike,quote_time,spot,tte_hours,rv_base,iv_used,theoretical_mid,intrinsic,spread_rate,bid,ask,worst_executable_price,quote_phase
509,509,short,Short1,2025-07-11 00:15:00,2025-07-11 00:30:00,2025-07-11 06:30:00,2025-07-11 08:00:00,put,115500.0,2025-07-11 00:30:00,115444.84,7.5,0.5602984051818498,1.0624326875136823,1459.7748679256765,55.16000000000349,0.28,1255.406386416082,1664.1433494352714,1763.9919504013878,entry
509,509,short,Short1,2025-07-11 00:15:00,2025-07-11 00:30:00,2025-07-11 06:30:00,2025-07-11 08:00:00,put,115500.0,2025-07-11 06:30:00,117969.0,1.5,0.48916732831634535,0.25,2.857035275027897e-09,0.0,0.4,0.8,1.2,0.7360000000000001,exit
510,510,short,Short1,2025-07-11 08:45:00,2025-07-11 09:00:00,2025-07-11 15:00:00,2025-07-12 08:00:00,put,118000.0,2025-07-11 09:00:00,118033.16,23.0,0.5014506017712663,0.9771033725683361,2340.4599688382878,0.0,0.1,2223.4369703963735,2457.482967280202,2604.931945317014,entry
510,510,short,Short1,2025-07-11 08:45:00,2025-07-11 09:00:00,2025-07-11 15:00:00,2025-07-12 08:00:00,put,118000.0,2025-07-11 15:00:00,117644.22,17.0,0.5225227333609567,0.25,714.88993366879,355.77999999999884,0.1,679.1454369853506,750.6344303522295,624.8138020265226,exit
513,513,short,Short2,2025-07-14 07:45:00,2025-07-14 08:00:00,2025-07-14 14:00:00,2025-07-15 08:00:00,put,122500.0,2025-07-14 08:00:00,122400.0,24.0,0.4208733113661608,0.9,2351.3889188298563,100.0,0.1,2233.819472888363,2468.9583647713494,2617.0958666576303,entry
513,513,short,Short2,2025-07-14 07:45:00,2025-07-14 08:00:00,2025-07-14 14:00:00,2025-07-15 08:00:00,put,122500.0,2025-07-14 14:00:00,121787.73,18.0,0.3936397599777781,0.25,979.8811270058068,712.2700000000041,0.1,930.8870706555164,1028.875183356097,856.4161050030751,exit
514,514,short,Short1,2025-07-17 21:30:00,2025-07-17 21:45:00,2025-07-18 03:45:00,2025-07-18 08:00:00,put,120500.0,2025-07-17 21:45:00,120272.19,10.25,0.46434799023106066,0.9233045858350379,1633.4086856314243,227.80999999999767,0.1,1551.738251349853,1715.0791199129956,1817.9838671077755,entry
514,514,short,Short1,2025-07-17 21:30:00,2025-07-17 21:45:00,2025-07-18 03:45:00,2025-07-18 08:00:00,put,120500.0,2025-07-18 03:45:00,120223.09,4.25,0.4233934615590829,0.25,425.61351832356013,276.9100000000035,0.28,366.0276257582617,485.1994108888586,336.7454156976008,exit
516,516,short,Short1,2025-07-22 23:15:00,2025-07-22 23:30:00,2025-07-23 05:30:00,2025-07-23 08:00:00,put,120000.0,2025-07-22 23:30:00,119994.0,8.5,0.41285401681445183,0.9,1345.044269779879,6.0,0.1,1277.792056290885,1412.2964832688729,1497.0342722650053,entry
516,516,short,Short1,2025-07-22 23:15:00,2025-07-22 23:30:00,2025-07-23 05:30:00,2025-07-23 08:00:00,put,120000.0,2025-07-23 05:30:00,118665.72,2.5,0.38318194614173756,0.25,1334.9136215929902,1334.2799999999988,0.28,1314.2657999999988,1521.8015286160091,1314.2657999999988,exit
518,518,short,Short1,2025-07-27 22:15:00,2025-07-27 22:30:00,2025-07-28 04:30:00,2025-07-28 08:00:00,put,120000.0,2025-07-27 22:30:00,119766.64,9.5,0.3184443836487647,0.9,1537.1774066207,233.36000000000058,0.1,1460.3185362896647,1614.036276951735,1710.8784535688392,entry
518,518,short,Short1,2025-07-27 22:15:00,2025-07-27 22:30:00,2025-07-28 04:30:00,2025-07-28 08:00:00,put,120000.0,2025-07-28 04:30:00,119280.0,3.5,0.31572717743148077,0.25,753.2462159495335,720.0,0.28,709.2,858.7006861824683,709.2,exit
520,520,long,Long1,2025-08-02 13:30:00,2025-08-02 13:45:00,2025-08-02 19:45:00,2025-08-03 08:00:00,call,113500.0,2025-08-02 13:45:00,113457.85,18.25,0.33352882189453903,0.9,1838.588573284731,0.0,0.1,1746.6591446204943,1930.5180019489676,2046.3490820659058,entry
520,520,long,Long1,2025-08-02 13:30:00,2025-08-02 13:45:00,2025-08-02 19:45:00,2025-08-03 08:00:00,call,113500.0,2025-08-02 19:45:00,112229.42,12.25,0.3487997447712544,0.25,58.689061692541145,0.0,0.1,55.754608607914086,61.623514777168204,51.29423991928096,exit
521,521,short,Short1,2025-08-07 10:45:00,2025-08-07 11:00:00,2025-08-07 17:00:00,2025-08-08 08:00:00,put,116500.0,2025-08-07 11:00:00,116482.42,21.0,0.3014189445138477,0.9,2056.5107718871805,17.580000000001746,0.1,1953.6852332928213,2159.3363104815394,2288.896489110432,entry
521,521,short,Short1,2025-08-07 10:45:00,2025-08-07 11:00:00,2025-08-07 17:00:00,2025-08-08 08:00:00,put,116500.0,2025-08-07 17:00:00,116393.12,15.0,0.30322076919159957,0.25,535.9132334687165,106.88000000000466,0.1,509.11757179528064,562.7088951421523,468.38816605165823,exit
525,525,short,Short1,2025-08-13 14:15:00,2025-08-13 14:30:00,2025-08-13 20:30:00,2025-08-14 08:00:00,put,121500.0,2025-08-13 14:30:00,121649.7,17.5,0.41236736287513726,0.9,1876.9593008859738,0.0,0.1,1783.111335841675,1970.8072659302725,2089.055701886089,entry
525,525,short,Short1,2025-08-13 14:15:00,2025-08-13 14:30:00,2025-08-13 20:30:00,2025-08-14 08:00:00,put,121500.0,2025-08-13 20:30:00,122807.27,11.5,0.43925564874837664,0.25,64.47003279742603,0.0,0.1,61.24653115755473,67.69353443729733,56.34680866495035,exit
526,526,short,Short1,2025-08-13 20:15:00,2025-08-13 20:30:00,2025-08-14 02:30:00,2025-08-14 08:00:00,put,123000.0,2025-08-13 20:30:00,122807.27,11.5,0.43925564874837664,0.9,1697.0160371042875,192.72999999999593,0.1,1612.165235249073,1781.866838959502,1888.7788492970722,entry
526,526,short,Short1,2025-08-13 20:15:00,2025-08-13 20:30:00,2025-08-14 02:30:00,2025-08-14 08:00:00,put,123000.0,2025-08-14 02:30:00,123579.26,5.5,0.4418292810810429,0.25,101.296726663757,0.0,0.28,87.11518493083102,115.47826839668299,80.14597013636454,exit
527,527,long,Long1,2025-08-15 14:00:00,2025-08-15 14:15:00,2025-08-15 20:15:00,2025-08-16 08:00:00,call,118000.0,2025-08-15 14:15:00,117892.0,17.75,0.3433403248087662,0.9,1852.6198782168503,0.0,0.1,1759.9888843060078,1945.250872127693,2061.9659244553545,entry
527,527,long,Long1,2025-08-15 14:00:00,2025-08-15 14:15:00,2025-08-15 20:15:00,2025-08-16 08:00:00,call,118000.0,2025-08-15 20:15:00,117193.56,11.75,0.3456838625831188,0.25,141.47675357245316,0.0,0.1,134.4029158938305,148.55059125107582,123.65068262232407,exit
530,530,long,Long1,2025-08-19 17:15:00,2025-08-19 17:30:00,2025-08-19 23:30:00,2025-08-20 08:00:00,call,113500.0,2025-08-19 17:30:00,113473.97,14.5,0.3307061521811512,0.9,1644.718980336409,0.0,0.1,1562.4830313195885,1726.9549293532295,1830.5722251144234,entry
530,530,long,Long1,2025-08-19 17:15:00,2025-08-19 17:30:00,2025-08-19 23:30:00,2025-08-20 08:00:00,call,113500.0,2025-08-19 23:30:00,112964.0,8.5,0.33096972324604146,0.25,146.8431770201969,0.0,0.1,139.50101816918703,154.18533587120675,128.34093671565208,exit
531,531,long,Long1,2025-08-21 17:15:00,2025-08-21 17:30:00,2025-08-21 23:30:00,2025-08-22 08:00:00,call,112500.0,2025-08-21 17:30:00,112441.83,14.5,0.337498170643082,0.9,1613.9386173111707,0.0,0.1,1533.241686445612,1694.6355481767293,1796.3136810673332,entry
531,531,long,Long1,2025-08-21 17:15:00,2025-08-21 17:30:00,2025-08-21 23:30:00,2025-08-22 08:00:00,call,112500.0,2025-08-21 23:30:00,112280.01,8.5,0.2984457937188024,0.25,250.14455603979877,0.0,0.1,237.63732823780882,262.6517838417887,218.62634197878413,exit
532,532,short,Short1,2025-08-22 15:45:00,2025-08-22 16:00:00,2025-08-22 22:00:00,2025-08-23 08:00:00,put,116500.0,2025-08-22 16:00:00,116593.48,16.0,0.6889741845562468,1.2490125676065578,2435.1492398636547,0.0,0.1,2313.3917778704717,2556.9067018568376,2710.321103968248,entry
532,532,short,Short1,2025-08-22 15:45:00,2025-08-22 16:00:00,2025-08-22 22:00:00,2025-08-23 08:00:00,put,116500.0,2025-08-22 22:00:00,116784.12,10.0,0.584201523009972,0.25,267.22458631376503,0.0,0.1,253.86335699807677,280.5858156294533,233.55428843823063,exit
533,533,long,Long1,2025-08-25 00:45:00,2025-08-25 01:00:00,2025-08-25 07:00:00,2025-08-25 08:00:00,call,113000.0,2025-08-25 01:00:00,112807.33,7.0,0.4949829625647308,0.9677252957188596,1138.1832095347418,0.0,0.28,978.8375601998779,1297.5288588696058,1375.3805904017822,entry
533,533,long,Long1,2025-08-25 00:45:00,2025-08-25 01:00:00,2025-08-25 07:00:00,2025-08-25 08:00:00,call,113000.0,2025-08-25 07:00:00,112049.1,1.0,0.43706879314324915,0.25,0.06365376516062327,0.0,0.28,0.86,1.1400000000000001,0.7912,exit
535,534,long,Long2,2025-08-25 21:15:00,2025-08-25 21:30:00,2025-08-26 03:30:00,2025-08-26 08:00:00,call,110000.0,2025-08-25 21:30:00,110047.83,10.5,0.5094113042507045,0.9886463911635215,1526.346100308001,47.830000000001746,0.1,1450.028795292601,1602.663405323401,1698.8232096428053,entry
535,534,long,Long2,2025-08-25 21:15:00,2025-08-25 21:30:00,2025-08-26 03:30:00,2025-08-26 08:00:00,call,110000.0,2025-08-26 03:30:00,109866.03,4.5,0.46573633678123094,0.25,187.2434583660288,0.0,0.28,161.02937419478476,213.45754253727284,148.147024259202,exit
537,537,long,Long1,2025-08-29 17:15:00,2025-08-29 17:30:00,2025-08-29 23:30:00,2025-08-30 08:00:00,call,108500.0,2025-08-29 17:30:00,108443.99,14.5,0.37281008078586614,0.9,1556.6001533217277,0.0,0.1,1478.7701456556413,1634.4301609878141,1732.4959706470831,entry
537,537,long,Long1,2025-08-29 17:15:00,2025-08-29 17:30:00,2025-08-29 23:30:00,2025-08-30 08:00:00,call,108500.0,2025-08-29 23:30:00,108540.0,8.5,0.35921834892551896,0.25,357.52215156320744,40.0,0.1,339.6460439850471,375.3982591413678,312.4743604662433,exit
539,539,short,Short1,2025-09-02 14:00:00,2025-09-02 14:15:00,2025-09-02 20:15:00,2025-09-03 08:00:00,put,111500.0,2025-09-02 14:15:00,111483.87,17.75,0.47377716803104997,0.9369768936450225,1883.9227015569631,16.130000000004657,0.1,1789.7265664791148,1978.1188366348115,2096.8059668329,entry
539,539,short,Short1,2025-09-02 14:00:00,2025-09-02 14:15:00,2025-09-02 20:15:00,2025-09-03 08:00:00,put,111500.0,2025-09-02 20:15:00,111252.0,11.75,0.43959756638116637,0.25,542.7959253913286,248.0,0.1,515.6561291217622,569.9357216608951,474.40363879202124,exit
540,540,short,Short1,2025-09-03 14:45:00,2025-09-03 15:00:00,2025-09-03 21:00:00,2025-09-04 08:00:00,put,112000.0,2025-09-03 15:00:00,112121.59,17.0,0.38112571015359065,0.9,1712.221636473092,0.0,0.1,1626.6105546494373,1797.8327182967469,1905.7026813945517,entry
540,540,short,Short1,2025-09-03 14:45:00,2025-09-03 15:00:00,2025-09-03 21:00:00,2025-09-04 08:00:00,put,112000.0,2025-09-03 21:00:00,112139.37,11.0,0.35724516246176125,0.25,330.2894376912591,0.0,0.1,313.7749658066961,346.80390957582205,288.67296854216045,exit
541,541,short,Short1,2025-09-05 08:00:00,2025-09-05 08:15:00,2025-09-05 14:15:00,2025-09-06 08:00:00,put,112500.0,2025-09-05 08:15:00,112733.6,23.75,0.328450011863858,0.9,1990.4733244688905,0.0,0.1,1890.9496582454458,2089.996990692335,2215.3968101338755,entry
541,541,short,Short1,2025-09-05 08:00:00,2025-09-05 08:15:00,2025-09-05 14:15:00,2025-09-06 08:00:00,put,112500.0,2025-09-05 14:15:00,110996.0,17.75,0.46779449370639936,0.25,1575.1317926421034,1504.0,0.1,1496.3752030099981,1653.8883822742087,1481.44,exit
543,543,short,Short1,2025-09-10 13:15:00,2025-09-10 13:30:00,2025-09-10 19:30:00,2025-09-11 08:00:00,put,114000.0,2025-09-10 13:30:00,113985.75,18.5,0.30847992979254196,0.9,1887.8925503337305,14.25,0.1,1793.497922817044,1982.287177850417,2101.224408521442,entry
543,543,short,Short1,2025-09-10 13:15:00,2025-09-10 13:30:00,2025-09-10 19:30:00,2025-09-11 08:00:00,put,114000.0,2025-09-10 19:30:00,113482.02,12.5,0.30126172608546403,0.25,736.3882538624457,517.9799999999959,0.1,699.5688411693234,773.207666555568,643.6033338757775,exit
544,544,short,Short1,2025-09-11 22:45:00,2025-09-11 23:00:00,2025-09-12 05:00:00,2025-09-12 08:00:00,put,115500.0,2025-09-11 23:00:00,115368.23,9.0,0.28375448705713807,0.9,1395.3616312787126,131.77000000000407,0.1,1325.5935497147768,1465.1297128426484,1553.0374956132073,entry
544,544,short,Short1,2025-09-11 22:45:00,2025-09-11 23:00:00,2025-09-12 05:00:00,2025-09-12 08:00:00,put,115500.0,2025-09-12 05:00:00,115418.26,3.0,0.27463965519700606,0.25,256.46166461890243,81.74000000000524,0.28,220.55703157225608,292.3662976655488,202.9124690464756,exit
547,547,long,Long1,2025-09-23 18:00:00,2025-09-23 18:15:00,2025-09-24 00:15:00,2025-09-24 08:00:00,call,112000.0,2025-09-23 18:15:00,112010.41,13.75,0.2825595768811406,0.9,1598.3985715159579,10.410000000003492,0.1,1518.47864294016,1678.3185000917558,1779.0176100972612,entry
547,547,long,Long1,2025-09-23 18:00:00,2025-09-23 18:15:00,2025-09-24 00:15:00,2025-09-24 08:00:00,call,112000.0,2025-09-24 00:15:00,112293.23,7.75,0.270878920571633,0.25,499.65822052436124,293.2299999999959,0.28,429.70606965095067,569.6103713977719,395.32958407887463,exit
548,548,long,Long1,2025-09-25 18:00:00,2025-09-25 18:15:00,2025-09-26 00:15:00,2025-09-26 08:00:00,call,109500.0,2025-09-25 18:15:00,109442.99,13.75,0.45275020112883774,0.9064877916368147,1540.0316929071705,0.0,0.1,1463.0301082618118,1617.0332775525292,1714.055274205681,entry
548,548,long,Long1,2025-09-25 18:00:00,2025-09-25 18:15:00,2025-09-26 00:15:00,2025-09-26 08:00:00,call,109500.0,2025-09-26 00:15:00,109300.0,7.75,0.4040247659104847,0.25,234.29663734415226,0.0,0.28,201.49510811597094,267.0981665723336,185.37549946669327,exit
549,549,short,Short1,2025-09-28 23:15:00,2025-09-28 23:30:00,2025-09-29 05:30:00,2025-09-29 08:00:00,put,112000.0,2025-09-28 23:30:00,112246.83,8.5,0.28701159607878507,0.9,1134.4330390424802,0.0,0.1,1077.711387090356,1191.1546909946044,1262.6239724542806,entry
549,549,short,Short1,2025-09-28 23:15:00,2025-09-28 23:30:00,2025-09-29 05:30:00,2025-09-29 08:00:00,put,112000.0,2025-09-29 05:30:00,111710.8,2.5,0.2843642711028373,0.25,367.3145788684633,289.1999999999971,0.28,315.8905378268784,418.7386199100482,290.61929480072814,exit
550,550,short,Short1,2025-09-30 00:00:00,2025-09-30 00:15:00,2025-09-30 06:15:00,2025-09-30 08:00:00,put,114000.0,2025-09-30 00:15:00,114170.71,7.75,0.2826049167653959,0.9,1134.8871624090898,0.0,0.28,976.0029596718172,1293.7713651463625,1371.3976470551443,entry
550,550,short,Short1,2025-09-30 00:00:00,2025-09-30 00:15:00,2025-09-30 06:15:00,2025-09-30 08:00:00,put,114000.0,2025-09-30 06:15:00,113921.16,1.75,0.2789979054023643,0.25,203.13578630994016,78.83999999999651,0.28,174.69677622654854,231.5747963933318,160.72103412842466,exit
552,552,short,Short2,2025-10-01 14:45:00,2025-10-01 15:00:00,2025-10-01 21:00:00,2025-10-02 08:00:00,put,117000.0,2025-10-01 15:00:00,117241.85,17.0,0.2782345353310788,0.9,1733.9705849817692,0.0,0.1,1647.2720557326807,1820.6691142308578,1929.9092610847092,entry
552,552,short,Short2,2025-10-01 14:45:00,2025-10-01 15:00:00,2025-10-01 21:00:00,2025-10-02 08:00:00,put,117000.0,2025-10-01 21:00:00,117579.43,11.0,0.2846596558559709,0.25,187.64405382629047,0.0,0.1,178.26185113497596,197.026256517605,164.00090304417787,exit
553,553,short,Short1,2025-10-02 16:15:00,2025-10-02 16:30:00,2025-10-02 22:30:00,2025-10-03 08:00:00,put,120000.0,2025-10-02 16:30:00,119779.45,15.5,0.32048000513302255,0.9,1923.0114623249974,220.5500000000029,0.1,1826.8608892087475,2019.1620354412473,2140.3117575677225,entry
553,553,short,Short1,2025-10-02 16:15:00,2025-10-02 16:30:00,2025-10-02 22:30:00,2025-10-03 08:00:00,put,120000.0,2025-10-02 22:30:00,120172.51,9.5,0.32910330851668224,0.25,314.147721228117,0.0,0.1,298.4403351667111,329.8551072895229,274.5651083533742,exit
554,554,short,Short2,2025-10-02 16:15:00,2025-10-02 16:30:00,2025-10-02 22:30:00,2025-10-03 08:00:00,put,120000.0,2025-10-02 16:30:00,119779.45,15.5,0.32048000513302255,0.9,1923.0114623249974,220.5500000000029,0.1,1826.8608892087475,2019.1620354412473,2140.3117575677225,entry
554,554,short,Short2,2025-10-02 16:15:00,2025-10-02 16:30:00,2025-10-02 22:30:00,2025-10-03 08:00:00,put,120000.0,2025-10-02 22:30:00,120172.51,9.5,0.32910330851668224,0.25,314.147721228117,0.0,0.1,298.4403351667111,329.8551072895229,274.5651083533742,exit
555,555,short,Short1,2025-10-03 16:45:00,2025-10-03 17:00:00,2025-10-03 23:00:00,2025-10-04 08:00:00,put,123000.0,2025-10-03 17:00:00,122981.09,15.0,0.4526392187536132,0.9063268671927391,1849.5422659838732,18.910000000003492,0.1,1757.0651526846796,1942.0193792830669,2058.540542040051,entry
555,555,short,Short1,2025-10-03 16:45:00,2025-10-03 17:00:00,2025-10-03 23:00:00,2025-10-04 08:00:00,put,123000.0,2025-10-03 23:00:00,122295.85,9.0,0.43179128357778823,0.25,840.6972749328997,704.1499999999942,0.1,798.6624111862548,882.7321386795447,734.7694182913544,exit
556,556,short,Short2,2025-10-03 16:45:00,2025-10-03 17:00:00,2025-10-03 23:00:00,2025-10-04 08:00:00,put,123000.0,2025-10-03 17:00:00,122981.09,15.0,0.4526392187536132,0.9063268671927391,1849.5422659838732,18.910000000003492,0.1,1757.0651526846796,1942.0193792830669,2058.540542040051,entry
556,556,short,Short2,2025-10-03 16:45:00,2025-10-03 17:00:00,2025-10-03 23:00:00,2025-10-04 08:00:00,put,123000.0,2025-10-03 23:00:00,122295.85,9.0,0.43179128357778823,0.25,840.6972749328997,704.1499999999942,0.1,798.6624111862548,882.7321386795447,734.7694182913544,exit
557,557,short,Short1,2025-10-04 21:30:00,2025-10-04 21:45:00,2025-10-05 03:45:00,2025-10-05 08:00:00,put,122000.0,2025-10-04 21:45:00,122190.67,10.25,0.27844613168902055,0.9,1406.086397311621,0.0,0.1,1335.78207744604,1476.3907171772023,1564.9741602078345,entry
557,557,short,Short1,2025-10-04 21:30:00,2025-10-04 21:45:00,2025-10-05 03:45:00,2025-10-05 08:00:00,put,122000.0,2025-10-05 03:45:00,123776.22,4.25,0.30073906909268777,0.25,0.9148343708809534,0.0,0.28,0.86,1.1400000000000001,0.7912,exit
559,559,long,Long1,2025-10-07 17:30:00,2025-10-07 17:45:00,2025-10-07 23:45:00,2025-10-08 08:00:00,call,121000.0,2025-10-07 17:45:00,121130.02,14.25,0.42109351387919824,0.9,1818.8612621822322,130.02000000000407,0.1,1727.9181990731204,1909.804325291344,2024.3925848088247,entry
559,559,long,Long1,2025-10-07 17:30:00,2025-10-07 17:45:00,2025-10-07 23:45:00,2025-10-08 08:00:00,call,121000.0,2025-10-07 23:45:00,121332.95,8.25,0.3859376180453018,0.25,560.867767530799,332.9499999999971,0.1,532.8243791542591,588.911155907339,490.19842882191836,exit
560,560,long,Long1,2025-10-09 08:30:00,2025-10-09 08:45:00,2025-10-09 14:45:00,2025-10-10 08:00:00,call,121500.0,2025-10-09 08:45:00,121261.62,23.25,0.3315836132107967,0.9,2127.8582743102234,0.0,0.1,2021.4653605947121,2234.251188025735,2368.306259307279,entry
560,560,long,Long1,2025-10-09 08:30:00,2025-10-09 08:45:00,2025-10-09 14:45:00,2025-10-10 08:00:00,call,121500.0,2025-10-09 14:45:00,121315.0,17.25,0.4121121466202941,0.25,449.8841876489023,0.0,0.1,427.38997826645715,472.37839703134745,393.1987800051406,exit
561,561,long,Long1,2025-10-09 17:30:00,2025-10-09 17:45:00,2025-10-09 23:45:00,2025-10-10 08:00:00,call,121000.0,2025-10-09 17:45:00,120974.0,14.25,0.472435966368345,0.9350321512341002,1807.1702532613272,0.0,0.1,1716.8117405982607,1897.5287659243936,2011.3804918798573,entry
561,561,long,Long1,2025-10-09 17:30:00,2025-10-09 17:45:00,2025-10-09 23:45:00,2025-10-10 08:00:00,call,121000.0,2025-10-09 23:45:00,121662.4,8.25,0.39392912978919525,0.25,792.8080804389174,662.3999999999942,0.1,753.1676764169715,832.4484844608633,692.9142623036138,exit
562,562,long,Long1,2025-10-10 18:00:00,2025-10-10 18:15:00,2025-10-11 00:15:00,2025-10-11 08:00:00,call,117500.0,2025-10-10 18:15:00,117612.26,13.75,0.45958978798051614,0.9164051925717484,1759.3411993699629,112.25999999999476,0.1,1671.3741394014646,1847.308259338461,1958.146754898769,entry
562,562,long,Long1,2025-10-10 18:00:00,2025-10-10 18:15:00,2025-10-11 00:15:00,2025-10-11 08:00:00,call,117500.0,2025-10-11 00:15:00,112451.53,7.75,1.5307226520159085,0.718433591209545,17.96902417013507,0.0,0.4,14.375219336108058,21.562829004162086,13.225201789219414,exit
563,563,long,Long1,2025-10-11 19:45:00,2025-10-11 20:00:00,2025-10-12 02:00:00,2025-10-12 08:00:00,call,111000.0,2025-10-11 20:00:00,110869.93,12.0,1.2732625605989223,2.0962307128684374,3368.146912678516,0.0,0.1,3199.73956704459,3536.554258312442,3748.7475138111886,entry
563,563,long,Long1,2025-10-11 19:45:00,2025-10-11 20:00:00,2025-10-12 02:00:00,2025-10-12 08:00:00,call,111000.0,2025-10-12 02:00:00,110140.5,6.0,0.6683085433358776,0.25,41.58843321219865,0.0,0.28,35.76605256249084,47.41081386190647,32.90476835749158,exit
564,564,long,Long1,2025-10-12 01:00:00,2025-10-12 01:15:00,2025-10-12 07:15:00,2025-10-12 08:00:00,call,110000.0,2025-10-12 01:15:00,109963.63,6.75,0.6872475194388047,1.2465089031862666,1499.998730168838,0.0,0.28,1289.9989079452007,1709.9985523924754,1812.598465536024,entry
564,564,long,Long1,2025-10-12 01:00:00,2025-10-12 01:15:00,2025-10-12 07:15:00,2025-10-12 08:00:00,call,110000.0,2025-10-12 07:15:00,111616.39,0.75,0.5922440396553864,0.25,1616.3900000055582,1616.3899999999994,0.28,1592.1441499999994,1842.6846000063365,1592.1441499999994,exit
565,565,long,Long1,2025-10-14 10:45:00,2025-10-14 11:00:00,2025-10-14 17:00:00,2025-10-15 08:00:00,call,111500.0,2025-10-14 11:00:00,111355.24,21.0,0.6236541104933081,1.1542984602152968,2440.2903993168075,0.0,0.1,2318.275879350967,2562.304919282648,2716.043214439607,entry
565,565,long,Long1,2025-10-14 10:45:00,2025-10-14 11:00:00,2025-10-14 17:00:00,2025-10-15 08:00:00,call,111500.0,2025-10-14 17:00:00,112751.66,15.0,0.6220679065038982,0.25,1334.6018131620513,1251.6600000000035,0.1,1267.8717225039486,1401.331903820154,1232.8851000000034,exit
566,566,long,Long1,2025-10-15 13:45:00,2025-10-15 14:00:00,2025-10-15 20:00:00,2025-10-16 08:00:00,call,112000.0,2025-10-15 14:00:00,112032.33,18.0,0.628743363808244,1.1616778775219538,2369.1384689179467,32.330000000001746,0.1,2250.6815454720495,2487.595392363844,2636.8511159056748,entry
566,566,long,Long1,2025-10-15 13:45:00,2025-10-15 14:00:00,2025-10-15 20:00:00,2025-10-16 08:00:00,call,112000.0,2025-10-15 20:00:00,111414.18,12.0,0.6311003870340813,0.25,183.95278213901838,0.0,0.1,174.75514303206745,193.1504212459693,160.77473158950207,exit
567,567,long,Long1,2025-10-16 14:15:00,2025-10-16 14:30:00,2025-10-16 20:30:00,2025-10-17 08:00:00,call,111500.0,2025-10-16 14:30:00,111352.01,17.5,0.6380532242742741,1.1751771751976974,2261.3755437351792,0.0,0.1,2148.30676654842,2374.4443209219385,2516.9109801772547,entry
567,567,long,Long1,2025-10-16 14:15:00,2025-10-16 14:30:00,2025-10-16 20:30:00,2025-10-17 08:00:00,call,111500.0,2025-10-16 20:30:00,107796.37,11.5,0.6499135986367988,0.25,0.02277661837284306,0.0,0.22,0.89,1.11,0.8188000000000001,exit
568,568,long,Long1,2025-10-16 19:30:00,2025-10-16 19:45:00,2025-10-17 01:45:00,2025-10-17 08:00:00,call,108000.0,2025-10-16 19:45:00,108197.66,12.25,0.6498479654514554,1.1922795499046104,2023.0473933369503,197.6600000000035,0.1,1921.8950236701028,2124.199763003798,2251.651748784026,entry
568,568,long,Long1,2025-10-16 19:30:00,2025-10-16 19:45:00,2025-10-17 01:45:00,2025-10-17 08:00:00,call,108000.0,2025-10-17 01:45:00,108839.84,6.25,0.651691743512484,0.25,883.9033440158673,839.8399999999965,0.28,827.2423999999966,1007.6498121780888,827.2423999999966,exit
569,569,long,Long2,2025-10-16 19:30:00,2025-10-16 19:45:00,2025-10-17 01:45:00,2025-10-17 08:00:00,call,108000.0,2025-10-16 19:45:00,108197.66,12.25,0.6498479654514554,1.1922795499046104,2023.0473933369503,197.6600000000035,0.1,1921.8950236701028,2124.199763003798,2251.651748784026,entry
569,569,long,Long2,2025-10-16 19:30:00,2025-10-16 19:45:00,2025-10-17 01:45:00,2025-10-17 08:00:00,call,108000.0,2025-10-17 01:45:00,108839.84,6.25,0.651691743512484,0.25,883.9033440158673,839.8399999999965,0.28,827.2423999999966,1007.6498121780888,827.2423999999966,exit
570,570,long,Long1,2025-10-17 10:00:00,2025-10-17 10:15:00,2025-10-17 16:15:00,2025-10-18 08:00:00,call,104000.0,2025-10-17 10:15:00,104014.6,21.75,0.6584553072681333,1.2047601955387932,2497.8086511234433,14.60000000000582,0.1,2372.918218567271,2622.6990836796153,2780.0610287003924,entry
570,570,long,Long1,2025-10-17 10:00:00,2025-10-17 10:15:00,2025-10-17 16:15:00,2025-10-18 08:00:00,call,104000.0,2025-10-17 16:15:00,106792.6,15.75,0.6644387655785299,0.25,2794.841291879784,2792.600000000006,0.22,2750.7110000000057,3102.2738339865605,2750.7110000000057,exit
571,571,long,Long1,2025-10-18 16:45:00,2025-10-18 17:00:00,2025-10-18 23:00:00,2025-10-19 08:00:00,call,106500.0,2025-10-18 17:00:00,106722.72,15.0,0.46586673499678916,0.9255067657453443,1742.5539190843701,222.72000000000116,0.1,1655.4262231301516,1829.6816150385887,1939.462511940904,entry
571,571,long,Long1,2025-10-18 16:45:00,2025-10-18 17:00:00,2025-10-18 23:00:00,2025-10-19 08:00:00,call,106500.0,2025-10-18 23:00:00,107104.41,9.0,0.4612324261213364,0.25,725.40596220117,604.4100000000035,0.1,689.1356640911115,761.6762603112286,634.0048109638226,exit
573,573,short,Short1,2025-10-21 16:30:00,2025-10-21 16:45:00,2025-10-21 22:45:00,2025-10-22 08:00:00,put,112500.0,2025-10-21 16:45:00,112565.88,15.25,0.7273780856782591,1.3046982242334757,2410.7952682502364,0.0,0.1,2290.2555048377244,2531.3350316627484,2683.2151335625135,entry
573,573,short,Short1,2025-10-21 16:30:00,2025-10-21 16:45:00,2025-10-21 22:45:00,2025-10-22 08:00:00,put,112500.0,2025-10-21 22:45:00,109066.98,9.25,0.6853531454438208,0.25,3433.034381433754,3433.020000000004,0.22,3381.524700000004,3810.6681633914673,3381.524700000004,exit
574,574,short,Short2,2025-10-21 16:30:00,2025-10-21 16:45:00,2025-10-21 22:45:00,2025-10-22 08:00:00,put,112500.0,2025-10-21 16:45:00,112565.88,15.25,0.7273780856782591,1.3046982242334757,2410.7952682502364,0.0,0.1,2290.2555048377244,2531.3350316627484,2683.2151335625135,entry
574,574,short,Short2,2025-10-21 16:30:00,2025-10-21 16:45:00,2025-10-21 22:45:00,2025-10-22 08:00:00,put,112500.0,2025-10-21 22:45:00,109066.98,9.25,0.6853531454438208,0.25,3433.034381433754,3433.020000000004,0.22,3381.524700000004,3810.6681633914673,3381.524700000004,exit
577,577,short,Short1,2025-10-26 11:45:00,2025-10-26 12:00:00,2025-10-26 18:00:00,2025-10-27 08:00:00,put,113500.0,2025-10-26 12:00:00,113728.0,20.0,0.41362933949171266,0.9,1837.1307322678258,0.0,0.1,1745.2741956544344,1928.9872688812172,2044.7265050140904,entry
577,577,short,Short1,2025-10-26 11:45:00,2025-10-26 12:00:00,2025-10-26 18:00:00,2025-10-27 08:00:00,put,113500.0,2025-10-26 18:00:00,113564.27,14.0,0.40985685858090637,0.25,421.2581563236454,0.0,0.1,400.1952485074631,442.3210641398277,368.179628626866,exit
578,579,long,Long1,2025-10-29 16:15:00,2025-10-29 16:30:00,2025-10-29 22:30:00,2025-10-30 08:00:00,call,111500.0,2025-10-29 16:30:00,111321.23,15.5,0.3804129955633053,0.9,1594.672168245117,0.0,0.1,1514.938559832861,1674.405776657373,1774.8701232568155,entry
578,579,long,Long1,2025-10-29 16:15:00,2025-10-29 16:30:00,2025-10-29 22:30:00,2025-10-30 08:00:00,call,111500.0,2025-10-29 22:30:00,111132.86,9.5,0.5907484949146792,0.25,210.99170862702158,0.0,0.1,200.4421231956705,221.54129405837267,184.40675334001685,exit
580,581,long,Long1,2025-10-30 17:30:00,2025-10-30 17:45:00,2025-10-30 23:45:00,2025-10-31 08:00:00,call,107500.0,2025-10-30 17:45:00,107486.69,14.25,0.6879234750443679,1.2474890388143334,2150.7876894431975,0.0,0.1,2043.2483049710374,2258.3270739153572,2393.826698350279,entry
580,581,long,Long1,2025-10-30 17:30:00,2025-10-30 17:45:00,2025-10-30 23:45:00,2025-10-31 08:00:00,call,107500.0,2025-10-30 23:45:00,108322.88,8.25,0.5680107923008297,0.25,892.6576513117034,822.8800000000047,0.1,848.0247687461182,937.2905338772886,810.5368000000046,exit
581,580,long,Long2,2025-10-30 20:30:00,2025-10-30 20:45:00,2025-10-31 02:45:00,2025-10-31 08:00:00,call,107500.0,2025-10-30 20:45:00,107510.91,11.25,0.5658268311053347,1.0704489051027353,1650.605406577466,10.910000000003492,0.1,1568.0751362485926,1733.1356769063395,1837.12381752072,entry
581,580,long,Long2,2025-10-30 20:30:00,2025-10-30 20:45:00,2025-10-31 02:45:00,2025-10-31 08:00:00,call,107500.0,2025-10-31 02:45:00,108857.99,5.25,0.6018099216503996,0.25,1362.8865248076909,1357.9900000000052,0.28,1337.6201500000052,1553.6906382807679,1337.6201500000052,exit
584,583,long,Long2,2025-11-04 09:30:00,2025-11-04 09:45:00,2025-11-04 15:45:00,2025-11-05 08:00:00,call,104000.0,2025-11-04 09:45:00,103857.96,22.25,0.6009975387012197,1.1214464311167687,2272.7086810796754,0.0,0.1,2159.0732470256917,2386.344115133659,2529.524762041679,entry
584,583,long,Long2,2025-11-04 09:30:00,2025-11-04 09:45:00,2025-11-04 15:45:00,2025-11-05 08:00:00,call,104000.0,2025-11-04 15:45:00,103197.01,16.25,0.5862812632576856,0.25,154.088633247291,0.0,0.1,146.38420158492644,161.79306490965556,134.67346545813234,exit
585,585,long,Long1,2025-11-04 20:30:00,2025-11-04 20:45:00,2025-11-05 02:45:00,2025-11-05 08:00:00,call,101000.0,2025-11-04 20:45:00,100755.43,11.25,0.5828114184883166,1.095076556808059,1459.960006334666,0.0,0.1,1386.9620060179327,1532.9580066513995,1624.9354870504835,entry
585,585,long,Long1,2025-11-04 20:30:00,2025-11-04 20:45:00,2025-11-05 02:45:00,2025-11-05 08:00:00,call,101000.0,2025-11-05 02:45:00,101677.93,5.25,0.7861013518498571,0.2716608111099142,733.4522092771949,677.929999999993,0.28,667.7610499999931,836.1355185760023,667.7610499999931,exit
587,586,long,Long2,2025-11-05 11:00:00,2025-11-05 11:15:00,2025-11-05 17:15:00,2025-11-06 08:00:00,call,101500.0,2025-11-05 11:15:00,101605.7,20.75,0.6719757931868476,1.224364900120929,2467.043198680163,105.69999999999709,0.1,2343.691038746155,2590.3953586141715,2745.819080131022,entry
587,586,long,Long2,2025-11-05 11:00:00,2025-11-05 11:15:00,2025-11-05 17:15:00,2025-11-06 08:00:00,call,101500.0,2025-11-05 17:15:00,103903.84,14.75,0.6292963487894178,0.25,2407.908969071854,2403.8399999999965,0.22,2367.7823999999964,2672.778955669758,2367.7823999999964,exit
588,588,long,Long1,2025-11-07 13:00:00,2025-11-07 13:15:00,2025-11-07 19:15:00,2025-11-08 08:00:00,call,100000.0,2025-11-07 13:15:00,100140.33,18.75,0.5219223080006477,1.0067873466009392,1930.3600400937357,140.33000000000175,0.1,1833.8420380890489,2026.8780420984226,2148.490724624328,entry
588,588,long,Long1,2025-11-07 13:00:00,2025-11-07 13:15:00,2025-11-07 19:15:00,2025-11-08 08:00:00,call,100000.0,2025-11-07 19:15:00,102849.65,12.75,0.5316952713743327,0.25,2850.0967470458418,2849.649999999994,0.22,2806.9052499999943,3163.6073892208847,2806.9052499999943,exit
589,589,short,Short1,2025-11-10 01:00:00,2025-11-10 01:15:00,2025-11-10 07:15:00,2025-11-10 08:00:00,put,106000.0,2025-11-10 01:15:00,106071.99,6.75,0.49636127378257716,0.9697238469847369,1103.0379144364415,0.0,0.28,948.6126064153397,1257.4632224575435,1332.9110158049962,entry
589,589,short,Short1,2025-11-10 01:00:00,2025-11-10 01:15:00,2025-11-10 07:15:00,2025-11-10 08:00:00,put,106000.0,2025-11-10 07:15:00,106334.48,0.75,0.4926299255862471,0.25,9.787002894860052,0.0,0.28,8.416822489579644,11.15718330014046,7.743476690413273,exit
590,590,short,Short2,2025-11-10 01:00:00,2025-11-10 01:15:00,2025-11-10 07:15:00,2025-11-10 08:00:00,put,106000.0,2025-11-10 01:15:00,106071.99,6.75,0.49636127378257716,0.9697238469847369,1103.0379144364415,0.0,0.28,948.6126064153397,1257.4632224575435,1332.9110158049962,entry
590,590,short,Short2,2025-11-10 01:00:00,2025-11-10 01:15:00,2025-11-10 07:15:00,2025-11-10 08:00:00,put,106000.0,2025-11-10 07:15:00,106334.48,0.75,0.4926299255862471,0.25,9.787002894860052,0.0,0.28,8.416822489579644,11.15718330014046,7.743476690413273,exit
592,592,long,Long1,2025-11-12 18:45:00,2025-11-12 19:00:00,2025-11-13 01:00:00,2025-11-13 08:00:00,call,101000.0,2025-11-12 19:00:00,101157.12,13.0,0.4384403724034578,0.9,1477.9721744203925,157.11999999999534,0.1,1404.073565699373,1551.8707831414122,1644.983030129897,entry
592,592,long,Long1,2025-11-12 18:45:00,2025-11-12 19:00:00,2025-11-13 01:00:00,2025-11-13 08:00:00,call,101000.0,2025-11-13 01:00:00,102398.65,7.0,0.447765986961859,0.25,1405.6922706049809,1398.6499999999942,0.28,1377.6702499999942,1602.4891884896783,1377.6702499999942,exit
593,594,long,Long1,2025-11-13 19:00:00,2025-11-13 19:15:00,2025-11-14 01:15:00,2025-11-14 08:00:00,call,99000.0,2025-11-13 19:15:00,99170.77,12.75,0.5663935115151795,1.0712705916970102,1702.2640353692768,170.77000000000407,0.1,1617.1508336008128,1787.3772371377408,1894.6198713660053,entry
593,594,long,Long1,2025-11-13 19:00:00,2025-11-13 19:15:00,2025-11-14 01:15:00,2025-11-14 08:00:00,call,99000.0,2025-11-14 01:15:00,99102.87,6.75,0.5874649962592304,0.25,328.7268460829,102.86999999999534,0.28,282.705087631294,374.74860453450606,260.0886806207905,exit
594,593,long,Long2,2025-11-13 22:00:00,2025-11-13 22:15:00,2025-11-14 04:15:00,2025-11-14 08:00:00,call,99500.0,2025-11-13 22:15:00,99507.82,9.75,0.5803579196981812,1.0915189835623627,1449.3789814682896,7.820000000006985,0.1,1376.910032394875,1521.847930541704,1613.1588063742063,entry
594,593,long,Long2,2025-11-13 22:00:00,2025-11-13 22:15:00,2025-11-14 04:15:00,2025-11-14 08:00:00,call,99500.0,2025-11-14 04:15:00,98976.63,3.75,0.5475825184460483,0.25,41.19478203800827,0.0,0.28,35.42751255268711,46.962051523329436,32.593311548472144,exit
596,596,long,Long1,2025-11-14 10:00:00,2025-11-14 10:15:00,2025-11-14 16:15:00,2025-11-15 08:00:00,call,97000.0,2025-11-14 10:15:00,96999.9,21.75,0.6088545520471873,1.1328391004684215,2184.0359682459675,0.0,0.1,2074.834169833669,2293.237766658266,2430.8320326577623,entry
596,596,long,Long1,2025-11-14 10:00:00,2025-11-14 10:15:00,2025-11-14 16:15:00,2025-11-15 08:00:00,call,97000.0,2025-11-14 16:15:00,96974.13,15.75,0.6961329501014804,0.25,397.3517966102954,0.0,0.1,377.4842067797806,417.21938644081024,347.28547023739816,exit
597,597,long,Long1,2025-11-15 21:45:00,2025-11-15 22:00:00,2025-11-16 04:00:00,2025-11-16 08:00:00,call,95500.0,2025-11-15 22:00:00,95545.1,10.0,0.47571395673530725,0.9397852372661955,1232.6528910801135,45.10000000000582,0.1,1171.0202465261077,1294.2855356341192,1371.9426677721665,entry
597,597,long,Long1,2025-11-15 21:45:00,2025-11-15 22:00:00,2025-11-16 04:00:00,2025-11-16 08:00:00,call,95500.0,2025-11-16 04:00:00,95870.97,4.0,0.4772426096661231,0.25,440.8752247728553,370.97000000000116,0.28,379.15269330465554,502.5977562410551,365.40545000000117,exit
598,598,long,Long1,2025-11-16 16:30:00,2025-11-16 16:45:00,2025-11-16 22:45:00,2025-11-17 08:00:00,call,94000.0,2025-11-16 16:45:00,94224.47,15.25,0.47639099034941934,0.9407669360066581,1588.600431842984,224.47000000000116,0.1,1509.1704102508347,1668.0304534351335,1768.1122806412416,entry
598,598,long,Long1,2025-11-16 16:30:00,2025-11-16 16:45:00,2025-11-16 22:45:00,2025-11-17 08:00:00,call,94000.0,2025-11-16 22:45:00,94183.36,9.25,0.5208242488945007,0.25,405.3549017160185,183.36000000000058,0.1,385.0871566302176,425.6226468018194,354.2801840998002,exit
599,599,long,Long1,2025-11-16 21:45:00,2025-11-16 22:00:00,2025-11-17 04:00:00,2025-11-17 08:00:00,call,93500.0,2025-11-16 22:00:00,93382.29,10.0,0.4935981386939372,0.9657173011062089,1158.3126383029303,0.0,0.1,1100.3970063877837,1216.228270218077,1289.2019664311615,entry
599,599,long,Long1,2025-11-16 21:45:00,2025-11-16 22:00:00,2025-11-17 04:00:00,2025-11-17 08:00:00,call,93500.0,2025-11-17 04:00:00,95152.45,4.0,0.5342792744352997,0.25,1652.5193462047464,1652.449999999997,0.4,1627.663249999997,1983.0232154456955,1627.663249999997,exit
600,600,long,Long1,2025-11-17 20:15:00,2025-11-17 20:30:00,2025-11-18 02:30:00,2025-11-18 08:00:00,call,91500.0,2025-11-17 20:30:00,91634.79,11.5,0.6009219258585623,1.1213367924949154,1552.4374960082641,134.7899999999936,0.1,1474.8156212078509,1630.0593708086774,1727.862933057198,entry
600,600,long,Long1,2025-11-17 20:15:00,2025-11-17 20:30:00,2025-11-18 02:30:00,2025-11-18 08:00:00,call,91500.0,2025-11-18 02:30:00,91333.54,5.5,0.6183205173331676,0.25,154.81131515600282,0.0,0.28,133.1377310341624,176.48489927784323,122.48671255142942,exit
603,603,long,Long1,2025-11-19 16:00:00,2025-11-19 16:15:00,2025-11-19 22:15:00,2025-11-20 08:00:00,call,89500.0,2025-11-19 16:15:00,89696.37,15.75,0.6069441679683599,1.1300690435541219,1812.5954599293545,196.36999999999534,0.1,1721.9656869328867,1903.2252329258224,2017.4187469013718,entry
603,603,long,Long1,2025-11-19 16:00:00,2025-11-19 16:15:00,2025-11-19 22:15:00,2025-11-20 08:00:00,call,89500.0,2025-11-19 22:15:00,90594.86,9.75,0.6228433303962868,0.25,1119.0749254109978,1094.8600000000006,0.1,1078.4371000000006,1175.0286716815478,1078.4371000000006,exit
604,604,long,Long2,2025-11-19 19:45:00,2025-11-19 20:00:00,2025-11-20 02:00:00,2025-11-20 08:00:00,call,88500.0,2025-11-19 20:00:00,88721.3,12.0,0.591600531011388,1.1078207699665126,1562.688564733755,221.3000000000029,0.1,1484.554136497067,1640.8229929704428,1739.2723725486694,entry
604,604,long,Long2,2025-11-19 19:45:00,2025-11-19 20:00:00,2025-11-20 02:00:00,2025-11-20 08:00:00,call,88500.0,2025-11-20 02:00:00,92667.65,6.0,0.6195366112162602,0.25,4167.6500000000815,4167.649999999994,0.4,4105.135249999994,5001.180000000098,4105.135249999994,exit
605,605,long,Long1,2025-11-20 19:15:00,2025-11-20 19:30:00,2025-11-21 01:30:00,2025-11-21 08:00:00,call,86500.0,2025-11-20 19:30:00,86679.95,12.5,0.7629793361117383,1.3563200373620206,1861.1126093023922,179.9499999999971,0.1,1768.0569788372725,1954.168239767512,2071.4183341535627,entry
605,605,long,Long1,2025-11-20 19:15:00,2025-11-20 19:30:00,2025-11-21 01:30:00,2025-11-21 08:00:00,call,86500.0,2025-11-21 01:30:00,87240.42,6.5,0.7667247635656571,0.26003485813939425,774.708015899043,740.4199999999983,0.28,729.3136999999982,883.167138124909,729.3136999999982,exit
607,607,long,Long1,2025-11-21 08:00:00,2025-11-21 08:15:00,2025-11-21 14:15:00,2025-11-22 08:00:00,call,84000.0,2025-11-21 08:15:00,84223.36,23.75,0.7701789875619695,1.3667595319648558,2500.8589578815663,223.36000000000058,0.1,2375.816009987488,2625.9019057756445,2783.4560201221834,entry
607,607,long,Long1,2025-11-21 08:00:00,2025-11-21 08:15:00,2025-11-21 14:15:00,2025-11-22 08:00:00,call,84000.0,2025-11-21 14:15:00,83689.7,17.75,1.0648490946246698,0.4389094567748018,517.2577938301329,0.0,0.1,491.3949041386262,543.1206835216395,452.0833118075361,exit
608,608,short,TrendShort,2025-11-21 08:45:00,2025-11-21 09:00:00,2025-11-21 15:00:00,2025-11-22 08:00:00,put,83500.0,2025-11-21 09:00:00,83702.81,23.0,0.7749075794420157,1.3736159901909228,2246.978162687781,0.0,0.1,2134.629254553392,2359.3270708221703,2500.8866950715005,entry
608,608,short,TrendShort,2025-11-21 08:45:00,2025-11-21 09:00:00,2025-11-21 15:00:00,2025-11-22 08:00:00,put,83500.0,2025-11-21 15:00:00,84173.05,17.0,1.1245368281789092,0.4747220969073455,413.82180080441685,0.0,0.1,393.130710764196,434.5128908446377,361.68025390306036,exit
609,609,long,RevLong,2025-11-21 09:15:00,2025-11-21 09:30:00,2025-11-21 15:30:00,2025-11-22 08:00:00,call,82500.0,2025-11-21 09:30:00,82658.3,22.5,0.7877934696522096,1.392300530995704,2404.1488058563336,158.3000000000029,0.1,2283.9413655635167,2524.3562461491506,2675.8176209180997,entry
609,609,long,RevLong,2025-11-21 09:15:00,2025-11-21 09:30:00,2025-11-21 15:30:00,2025-11-22 08:00:00,call,82500.0,2025-11-21 15:30:00,83227.42,16.5,1.1191552536431244,0.47149315218587456,1101.4615471247234,727.4199999999983,0.1,1046.3884697684873,1156.5346244809596,962.6773921870084,exit
610,610,short,Short1,2025-11-23 20:30:00,2025-11-23 20:45:00,2025-11-24 02:45:00,2025-11-24 08:00:00,put,87500.0,2025-11-23 20:45:00,87483.36,11.25,0.6647087164689259,1.2138276388799425,1526.516421250628,16.639999999999418,0.1,1450.1906001880964,1602.8422423131594,1699.0127768519492,entry
610,610,short,Short1,2025-11-23 20:30:00,2025-11-23 20:45:00,2025-11-24 02:45:00,2025-11-24 08:00:00,put,87500.0,2025-11-24 02:45:00,87518.22,5.25,0.6696121861494906,0.25,204.6770892289278,0.0,0.28,176.0222967368779,233.33188172097772,161.94051299792767,exit
611,611,short,Short1,2025-11-24 18:15:00,2025-11-24 18:30:00,2025-11-25 00:30:00,2025-11-25 08:00:00,put,88500.0,2025-11-24 18:30:00,88407.14,13.5,0.674582486119604,1.228144604873426,1748.003157721083,92.86000000000058,0.1,1660.6029998350286,1835.4033156071373,1945.5275145435655,entry
611,611,short,Short1,2025-11-24 18:15:00,2025-11-24 18:30:00,2025-11-25 00:30:00,2025-11-25 08:00:00,put,88500.0,2025-11-25 00:30:00,88187.03,7.5,0.672227407765834,0.25,443.9527852803076,312.97000000000116,0.28,381.7993953410645,506.1061752195507,351.25544371377936,exit
612,612,short,Short1,2025-11-26 18:30:00,2025-11-26 18:45:00,2025-11-27 00:45:00,2025-11-27 08:00:00,put,90000.0,2025-11-26 18:45:00,90145.69,13.25,0.6520694075259977,1.1955006409126967,1598.7581025510735,0.0,0.1,1518.8201974235199,1678.6960076786272,1779.4177681393448,entry
612,612,short,Short1,2025-11-26 18:30:00,2025-11-26 18:45:00,2025-11-27 00:45:00,2025-11-27 08:00:00,put,90000.0,2025-11-27 00:45:00,90485.85,7.25,0.6433485351915937,0.25,85.34204223422057,0.0,0.28,73.39415632142969,97.28992814701147,67.52262381571532,exit
614,614,short,Short1,2025-11-28 09:00:00,2025-11-28 09:15:00,2025-11-28 15:15:00,2025-11-29 08:00:00,put,91500.0,2025-11-28 09:15:00,91630.79,22.75,0.5767388848200244,1.0862713829890356,1957.1932430411107,0.0,0.1,1859.3335808890552,2055.052905193166,2178.3560795047565,entry
614,614,short,Short1,2025-11-28 09:00:00,2025-11-28 09:15:00,2025-11-28 15:15:00,2025-11-29 08:00:00,put,91500.0,2025-11-28 15:15:00,92668.55,16.75,0.5151883263037942,0.25,61.16237712793918,0.0,0.1,58.10425827154222,64.22049598433614,53.45591760981885,exit
615,616,long,Long1,2025-12-01 01:00:00,2025-12-01 01:15:00,2025-12-01 07:15:00,2025-12-01 08:00:00,call,87500.0,2025-12-01 01:15:00,87268.11,6.75,0.5912807949917643,1.1073571527380581,959.5959485323037,0.0,0.28,825.2525157377812,1093.9393813268264,1159.575744206436,entry
615,616,long,Long1,2025-12-01 01:00:00,2025-12-01 01:15:00,2025-12-01 07:15:00,2025-12-01 08:00:00,call,87500.0,2025-12-01 07:15:00,86246.84,0.75,0.5389152588289032,0.25,6.899962015083496e-09,0.0,0.28,0.86,1.1400000000000001,0.7912,exit
616,617,long,Long2,2025-12-01 01:00:00,2025-12-01 01:15:00,2025-12-01 07:15:00,2025-12-01 08:00:00,call,87500.0,2025-12-01 01:15:00,87268.11,6.75,0.5912807949917643,1.1073571527380581,959.5959485323037,0.0,0.28,825.2525157377812,1093.9393813268264,1159.575744206436,entry
616,617,long,Long2,2025-12-01 01:00:00,2025-12-01 01:15:00,2025-12-01 07:15:00,2025-12-01 08:00:00,call,87500.0,2025-12-01 07:15:00,86246.84,0.75,0.5389152588289032,0.25,6.899962015083496e-09,0.0,0.28,0.86,1.1400000000000001,0.7912,exit
618,618,short,Short1,2025-12-02 17:30:00,2025-12-02 17:45:00,2025-12-02 23:45:00,2025-12-03 08:00:00,put,91500.0,2025-12-02 17:45:00,91458.4,14.25,0.6811739747097361,1.2377022633291173,1842.5002244395146,41.60000000000582,0.1,1750.3752132175387,1934.6252356614905,2050.70274980118,entry
618,618,short,Short1,2025-12-02 17:30:00,2025-12-02 17:45:00,2025-12-02 23:45:00,2025-12-03 08:00:00,put,91500.0,2025-12-02 23:45:00,91277.88,8.25,0.6034479590920063,0.25,404.6959628157856,222.11999999999534,0.1,384.4611646749963,424.9307609565749,353.70427150099664,exit
621,621,short,Short1,2025-12-03 22:00:00,2025-12-03 22:15:00,2025-12-04 04:15:00,2025-12-04 08:00:00,put,93500.0,2025-12-03 22:15:00,93405.53,9.75,0.6118344238151715,1.1371599145319986,1462.0579451322847,94.47000000000116,0.1,1388.9550478756703,1535.160842388899,1627.270492932233,entry
621,621,short,Short1,2025-12-03 22:00:00,2025-12-03 22:15:00,2025-12-04 04:15:00,2025-12-04 08:00:00,put,93500.0,2025-12-04 04:15:00,93409.11,3.75,0.5881969276480825,0.25,241.69117052957154,90.88999999999942,0.28,207.85440665543152,275.5279344037116,191.226054122997,exit
622,622,long,Long1,2025-12-05 14:45:00,2025-12-05 15:00:00,2025-12-05 21:00:00,2025-12-06 08:00:00,call,91000.0,2025-12-05 15:00:00,91037.59,17.0,0.49800432853372684,0.9721062763739039,1573.737414760224,37.58999999999651,0.1,1495.0505440222128,1652.4242854982353,1751.5697426281295,entry
622,622,long,Long1,2025-12-05 14:45:00,2025-12-05 15:00:00,2025-12-05 21:00:00,2025-12-06 08:00:00,call,91000.0,2025-12-05 21:00:00,89429.36,11.0,0.5643588042107259,0.25,7.4432775280688475,0.0,0.22,6.6245169999812745,8.262038056156422,6.094555639982773,exit
623,623,long,Long1,2025-12-05 19:00:00,2025-12-05 19:15:00,2025-12-06 01:15:00,2025-12-06 08:00:00,call,89500.0,2025-12-05 19:15:00,89426.83,12.75,0.5943840676161805,1.1118568980434618,1477.5186963366286,0.0,0.1,1403.6427615197972,1551.39463115346,1644.4783090226676,entry
623,623,long,Long1,2025-12-05 19:00:00,2025-12-05 19:15:00,2025-12-06 01:15:00,2025-12-06 08:00:00,call,89500.0,2025-12-06 01:15:00,89448.62,6.75,0.505447411160014,0.25,222.86977693324297,0.0,0.28,191.66800816258896,254.07154570389702,176.33456750958186,exit
624,624,long,Long1,2025-12-06 23:30:00,2025-12-06 23:45:00,2025-12-07 05:45:00,2025-12-07 08:00:00,call,89000.0,2025-12-06 23:45:00,89236.79,8.25,0.5061457550577861,0.9839113448337898,1196.0228652634032,236.7899999999936,0.1,1136.221722000233,1255.8240085265734,1331.1734490381677,entry
624,624,long,Long1,2025-12-06 23:30:00,2025-12-06 23:45:00,2025-12-07 05:45:00,2025-12-07 08:00:00,call,89000.0,2025-12-07 05:45:00,89515.01,2.25,0.5062551899312455,0.25,527.0073856975505,515.0099999999948,0.28,507.28484999999483,600.7884196952076,507.28484999999483,exit
625,625,long,Long1,2025-12-07 13:30:00,2025-12-07 13:45:00,2025-12-07 19:45:00,2025-12-08 08:00:00,call,89000.0,2025-12-07 13:45:00,89053.74,18.25,0.5065153071579447,0.9844471953790198,1622.76981188036,53.74000000000524,0.1,1541.631321286342,1703.9083024743782,1806.142800622841,entry
625,625,long,Long1,2025-12-07 13:30:00,2025-12-07 13:45:00,2025-12-07 19:45:00,2025-12-08 08:00:00,call,89000.0,2025-12-07 19:45:00,91425.52,12.25,0.5241437305666228,0.25,2426.0158298899623,2425.520000000004,0.22,2389.1372000000038,2692.8775711778585,2389.1372000000038,exit
626,626,short,Short1,2025-12-09 16:15:00,2025-12-09 16:30:00,2025-12-09 22:30:00,2025-12-10 08:00:00,put,94000.0,2025-12-09 16:30:00,94228.67,15.5,0.5726186220374294,1.0802970019542726,1594.127856184692,0.0,0.1,1514.4214633754573,1673.8342489939268,1774.2643039335626,entry
626,626,short,Short1,2025-12-09 16:15:00,2025-12-09 16:30:00,2025-12-09 22:30:00,2025-12-10 08:00:00,put,94000.0,2025-12-09 22:30:00,92950.3,9.5,0.5434486653400614,0.25,1080.2291646593076,1049.699999999997,0.1,1033.954499999997,1134.240622892273,1033.954499999997,exit
627,627,short,Short1,2025-12-10 20:15:00,2025-12-10 20:30:00,2025-12-11 02:30:00,2025-12-11 08:00:00,put,93500.0,2025-12-10 20:30:00,93696.5,11.5,0.5781294136407976,1.0882876497791565,1376.1153529343792,0.0,0.1,1307.3095852876602,1444.9211205810982,1531.6163878159641,entry
627,627,short,Short1,2025-12-10 20:15:00,2025-12-10 20:30:00,2025-12-11 02:30:00,2025-12-11 08:00:00,put,93500.0,2025-12-11 02:30:00,90064.74,5.5,0.59768815366525,0.25,3435.260000104812,3435.2599999999948,0.4,3383.731099999995,4122.312000125775,3383.731099999995,exit
628,628,short,Short1,2025-12-11 21:30:00,2025-12-11 21:45:00,2025-12-12 03:45:00,2025-12-12 08:00:00,put,93000.0,2025-12-11 21:45:00,92858.39,10.25,0.6542434104362417,1.1986529451325505,1591.8249645162432,141.61000000000058,0.1,1512.233716290431,1671.4162127420554,1771.701185506579,entry
628,628,short,Short1,2025-12-11 21:30:00,2025-12-11 21:45:00,2025-12-12 03:45:00,2025-12-12 08:00:00,put,93000.0,2025-12-12 03:45:00,92283.4,4.25,0.5906049020349826,0.25,735.112042243898,716.6000000000058,0.28,705.8510000000057,838.0277281580438,705.8510000000057,exit
629,629,long,Long1,2025-12-14 14:45:00,2025-12-14 15:00:00,2025-12-14 21:00:00,2025-12-15 08:00:00,call,89000.0,2025-12-14 15:00:00,89015.96,17.0,0.45919145116268184,0.9158276041858886,1440.497656120373,15.960000000006403,0.1,1368.4727733143543,1512.5225389263917,1603.2738912619752,entry
629,629,long,Long1,2025-12-14 14:45:00,2025-12-14 15:00:00,2025-12-14 21:00:00,2025-12-15 08:00:00,call,89000.0,2025-12-14 21:00:00,88524.95,11.0,0.44923515179005186,0.25,131.74664885150924,0.0,0.1,125.15931640893376,138.3339812940847,115.14657109621906,exit
630,631,long,Long1,2025-12-15 15:30:00,2025-12-15 15:45:00,2025-12-15 21:45:00,2025-12-16 08:00:00,call,87000.0,2025-12-15 15:45:00,87033.22,16.25,0.518491924991084,1.0018132912370716,1514.4207806307895,33.220000000001164,0.1,1438.69974159925,1590.141819662329,1685.550328842069,entry
630,631,long,Long1,2025-12-15 15:30:00,2025-12-15 15:45:00,2025-12-15 21:45:00,2025-12-16 08:00:00,call,87000.0,2025-12-15 21:45:00,86243.78,10.25,0.520989559215333,0.25,59.301081922511,0.0,0.1,56.33602782638545,62.26613601863656,51.829145600274614,exit
631,630,long,Long2,2025-12-15 18:30:00,2025-12-15 18:45:00,2025-12-16 00:45:00,2025-12-16 08:00:00,call,86000.0,2025-12-15 18:45:00,86185.39,13.25,0.5294217836806229,1.0176615863369032,1453.9809867958174,185.38999999999942,0.1,1381.2819374560265,1526.6800361356084,1618.280838303745,entry
631,630,long,Long2,2025-12-15 18:30:00,2025-12-15 18:45:00,2025-12-16 00:45:00,2025-12-16 08:00:00,call,86000.0,2025-12-16 00:45:00,85865.48,7.25,0.49264359875096986,0.25,185.1185632673587,0.0,0.28,159.20196440992848,211.03516212478894,146.4658072571342,exit
633,633,long,Long1,2025-12-17 19:15:00,2025-12-17 19:30:00,2025-12-18 01:30:00,2025-12-18 08:00:00,call,85500.0,2025-12-17 19:30:00,85641.54,12.5,0.8860314037398602,1.5347455354227972,2050.4303408818887,141.5399999999936,0.1,1947.9088238377942,2152.9518579259834,2282.1289694015427,entry
633,633,long,Long1,2025-12-17 19:15:00,2025-12-17 19:30:00,2025-12-18 01:30:00,2025-12-18 08:00:00,call,85500.0,2025-12-18 01:30:00,86125.49,6.5,0.769818256805187,0.2618909540831122,674.4154316448985,625.4900000000052,0.28,616.1076500000052,768.8335920751844,616.1076500000052,exit
634,634,long,Long1,2025-12-18 20:00:00,2025-12-18 20:15:00,2025-12-19 02:15:00,2025-12-19 08:00:00,call,85000.0,2025-12-18 20:15:00,84979.26,11.75,0.8958215829746526,1.5489412953132462,1912.8263638312928,0.0,0.1,1817.185045639728,2008.4676820228576,2128.9757429442293,entry
634,634,long,Long1,2025-12-18 20:00:00,2025-12-18 20:15:00,2025-12-19 02:15:00,2025-12-19 08:00:00,call,85000.0,2025-12-19 02:15:00,85522.69,5.75,0.7590092640921827,0.2554055584553096,575.0344037004688,522.6900000000023,0.28,514.8496500000023,655.5392202185345,514.8496500000023,exit
635,635,short,Short1,2025-12-19 11:15:00,2025-12-19 11:30:00,2025-12-19 17:30:00,2025-12-20 08:00:00,put,88500.0,2025-12-19 11:30:00,88287.73,20.5,0.8046565276119669,1.4167519650373521,2524.00128523483,212.27000000000407,0.1,2397.801220973088,2650.2013494965718,2809.2134304663664,entry
635,635,short,Short1,2025-12-19 11:15:00,2025-12-19 11:30:00,2025-12-19 17:30:00,2025-12-20 08:00:00,put,88500.0,2025-12-19 17:30:00,87117.72,14.5,0.652870515452486,0.25,1405.7344098280591,1382.2799999999988,0.22,1361.5457999999987,1560.3651949091459,1361.5457999999987,exit
636,636,short,Short1,2025-12-22 08:30:00,2025-12-22 08:45:00,2025-12-22 14:45:00,2025-12-23 08:00:00,put,89500.0,2025-12-22 08:45:00,89334.2,23.25,0.5351502917333113,1.0259679230133014,1969.32857956706,165.8000000000029,0.1,1870.8621505887068,2067.795008545413,2191.862709058138,entry
636,636,short,Short1,2025-12-22 08:30:00,2025-12-22 08:45:00,2025-12-22 14:45:00,2025-12-23 08:00:00,put,89500.0,2025-12-22 14:45:00,90126.43,17.25,0.5273227586025185,0.25,160.34926661511417,0.0,0.1,152.33180328435847,168.36672994586988,140.1452590216098,exit
638,638,short,Short1,2026-01-02 10:45:00,2026-01-02 11:00:00,2026-01-02 17:00:00,2026-01-03 08:00:00,put,89500.0,2026-01-02 11:00:00,89530.13,21.0,0.29016422900817884,0.9,1558.496899703925,0.0,0.1,1480.5720547187286,1636.4217446891214,1734.6070493704688,entry
638,638,short,Short1,2026-01-02 10:45:00,2026-01-02 11:00:00,2026-01-02 17:00:00,2026-01-03 08:00:00,put,89500.0,2026-01-02 17:00:00,90627.0,15.0,0.3856689303490991,0.25,51.24743035904066,0.0,0.1,48.685058841088626,53.8098018769927,44.79025413380154,exit
639,639,short,Short1,2026-01-02 17:45:00,2026-01-02 18:00:00,2026-01-03 00:00:00,2026-01-03 08:00:00,put,90500.0,2026-01-02 18:00:00,90352.41,14.0,0.3757445719891537,0.9,1373.0126891262698,147.5899999999965,0.1,1304.3620546699563,1441.6633235825834,1528.1631229975385,entry
639,639,short,Short1,2026-01-02 17:45:00,2026-01-02 18:00:00,2026-01-03 00:00:00,2026-01-03 08:00:00,put,90500.0,2026-01-03 00:00:00,90046.16,8.0,0.3467021708673841,0.25,557.1149402357114,453.8399999999965,0.28,479.1188486027118,635.111031868711,447.0323999999965,exit
640,640,short,Short1,2026-01-03 21:00:00,2026-01-03 21:15:00,2026-01-04 03:15:00,2026-01-04 08:00:00,put,90500.0,2026-01-03 21:15:00,90473.22,10.75,0.290466872516532,0.9,1151.5156675748294,26.779999999998836,0.1,1093.9398841960879,1209.091450953571,1281.6369380107853,entry
640,640,short,Short1,2026-01-03 21:00:00,2026-01-03 21:15:00,2026-01-04 03:15:00,2026-01-04 08:00:00,put,90500.0,2026-01-04 03:15:00,91168.07,4.75,0.3013292514579331,0.25,26.009647463733927,0.0,0.28,22.368296818811178,29.65099810865668,20.578833073306285,exit
641,641,short,Short1,2026-01-05 00:15:00,2026-01-05 00:30:00,2026-01-05 06:30:00,2026-01-05 08:00:00,put,92000.0,2026-01-05 00:30:00,92043.61,7.5,0.30345309902194667,0.9,945.0907799178603,0.0,0.28,812.7780707293599,1077.403489106361,1142.0476984527427,entry
641,641,short,Short1,2026-01-05 00:15:00,2026-01-05 00:30:00,2026-01-05 06:30:00,2026-01-05 08:00:00,put,92000.0,2026-01-05 06:30:00,92427.86,1.5,0.29759868668213735,0.25,10.622941046412961,0.0,0.28,9.135729299915146,12.110152792910778,8.404870955921934,exit
642,642,short,Short1,2026-01-06 11:30:00,2026-01-06 11:45:00,2026-01-06 17:45:00,2026-01-07 08:00:00,put,94000.0,2026-01-06 11:45:00,93840.0,20.25,0.32949022402819966,0.9,1702.4584343194147,160.0,0.1,1617.335512603444,1787.5813560353854,1894.8362373975085,entry
642,642,short,Short1,2026-01-06 11:30:00,2026-01-06 11:45:00,2026-01-06 17:45:00,2026-01-07 08:00:00,put,94000.0,2026-01-06 17:45:00,91589.24,14.25,0.42859298461449014,0.25,2412.2347936557635,2410.7599999999948,0.22,2374.598599999995,2677.5806209578977,2374.598599999995,exit
643,643,long,Long1,2026-01-07 19:15:00,2026-01-07 19:30:00,2026-01-08 01:30:00,2026-01-08 08:00:00,call,91000.0,2026-01-07 19:30:00,91095.77,12.5,0.3771364726885907,0.9,1283.2982499624923,95.77000000000407,0.1,1219.1333374643675,1347.463162460617,1428.310952208254,entry
643,643,long,Long1,2026-01-07 19:15:00,2026-01-07 19:30:00,2026-01-08 01:30:00,2026-01-08 08:00:00,call,91000.0,2026-01-08 01:30:00,91362.4,6.5,0.32377138271091405,0.25,469.95043059169257,362.3999999999942,0.28,404.1573703088556,535.7434908745296,371.8247806841472,exit
645,645,long,Long1,2026-01-09 09:00:00,2026-01-09 09:15:00,2026-01-09 15:15:00,2026-01-10 08:00:00,call,90500.0,2026-01-09 09:15:00,90414.34,22.75,0.36673615933190945,0.9,1612.515656356176,0.0,0.1,1531.889873538367,1693.1414391739847,1794.7299255244238,entry
645,645,long,Long1,2026-01-09 09:00:00,2026-01-09 09:15:00,2026-01-09 15:15:00,2026-01-10 08:00:00,call,90500.0,2026-01-09 15:15:00,91680.59,16.75,0.5362262401087114,0.25,1238.1247813391674,1180.5899999999965,0.1,1176.2185422722089,1300.031020406126,1162.8811499999965,exit
647,648,short,Short1,2026-01-13 16:00:00,2026-01-13 16:15:00,2026-01-13 22:15:00,2026-01-14 08:00:00,put,93000.0,2026-01-13 16:15:00,93199.99,15.75,0.3868858859933438,0.9,1319.55708414923,0.0,0.1,1253.5792299417683,1385.5349383566916,1468.6670346580931,entry
647,648,short,Short1,2026-01-13 16:00:00,2026-01-13 16:15:00,2026-01-13 22:15:00,2026-01-14 08:00:00,put,93000.0,2026-01-13 22:15:00,95316.77,9.75,0.5504543415125847,0.25,0.35738212204500996,0.0,0.22,0.89,1.11,0.8188000000000001,exit
648,647,short,Short2,2026-01-13 22:15:00,2026-01-13 22:30:00,2026-01-14 04:30:00,2026-01-14 08:00:00,put,95500.0,2026-01-13 22:30:00,95583.98,9.5,0.5479922908206898,1.0445888216900001,1269.5447198205293,0.0,0.1,1206.0674838295029,1333.0219558115557,1413.0032731602491,entry
648,647,short,Short2,2026-01-13 22:15:00,2026-01-13 22:30:00,2026-01-14 04:30:00,2026-01-14 08:00:00,put,95500.0,2026-01-14 04:30:00,95289.52,3.5,0.47719260010840797,0.25,313.6584057579603,210.47999999999593,0.28,269.74622895184586,357.57058256407475,248.1665306356982,exit
649,649,short,Short1,2026-01-14 16:15:00,2026-01-14 16:30:00,2026-01-14 22:30:00,2026-01-15 08:00:00,put,97500.0,2026-01-14 16:30:00,97510.01,15.5,0.472266989422228,0.9347871346622306,1524.4510419798462,0.0,0.1,1448.2284898808539,1600.6735940788385,1696.714009723569,entry
649,649,short,Short1,2026-01-14 16:15:00,2026-01-14 16:30:00,2026-01-14 22:30:00,2026-01-15 08:00:00,put,97500.0,2026-01-14 22:30:00,97028.01,9.5,0.4987197743149743,0.25,609.391575959351,471.99000000000524,0.1,578.9219971613835,639.8611547573186,532.6082373884728,exit
650,650,short,Short1,2026-01-15 09:45:00,2026-01-15 10:00:00,2026-01-15 16:00:00,2026-01-16 08:00:00,put,97000.0,2026-01-15 10:00:00,96861.07,22.0,0.44367982094069514,0.9,1814.3019241595466,138.92999999999302,0.1,1723.5868279515691,1905.017020367524,2019.3180415895756,entry
650,650,short,Short1,2026-01-15 09:45:00,2026-01-15 10:00:00,2026-01-15 16:00:00,2026-01-16 08:00:00,put,97000.0,2026-01-15 16:00:00,96377.92,16.0,0.516557080148683,0.25,795.7110572384845,622.0800000000017,0.1,755.9255043765602,835.4966101004088,695.4514640264354,exit
651,651,long,Long1,2026-01-19 00:15:00,2026-01-19 00:30:00,2026-01-19 06:30:00,2026-01-19 08:00:00,call,93000.0,2026-01-19 00:30:00,92977.88,7.5,0.47299840238579893,0.9358476834594084,1004.7861242911531,0.0,0.28,864.1160668903916,1145.4561816919147,1214.1835525934296,entry
651,651,long,Long1,2026-01-19 00:15:00,2026-01-19 00:30:00,2026-01-19 06:30:00,2026-01-19 08:00:00,call,93000.0,2026-01-19 06:30:00,92545.59,1.5,0.3889854339930679,0.25,8.950378005584753,0.0,0.28,7.697325084802888,10.20343092636662,7.081539078018657,exit
653,653,long,Long2,2026-01-20 17:45:00,2026-01-20 18:00:00,2026-01-21 00:00:00,2026-01-21 08:00:00,call,90000.0,2026-01-20 18:00:00,89908.03,14.0,0.39463437145633234,0.9,1245.6415037115949,0.0,0.1,1183.359428526015,1307.9235788971746,1386.3989936310052,entry
653,653,long,Long2,2026-01-20 17:45:00,2026-01-20 18:00:00,2026-01-21 00:00:00,2026-01-21 08:00:00,call,90000.0,2026-01-21 00:00:00,88419.03,8.0,0.46350873686627153,0.25,2.156027997461365,0.0,0.4,1.724822397969092,2.587233596953638,1.5868366061315646,exit
654,654,long,Long1,2026-01-21 18:15:00,2026-01-21 18:30:00,2026-01-22 00:30:00,2026-01-22 08:00:00,call,88000.0,2026-01-21 18:30:00,88124.56,13.5,0.655073411301851,1.199856446387684,1717.6675485634696,124.55999999999767,0.1,1631.784171135296,1803.5509259916432,1911.763981551142,entry
654,654,long,Long1,2026-01-21 18:15:00,2026-01-21 18:30:00,2026-01-22 00:30:00,2026-01-22 08:00:00,call,88000.0,2026-01-22 00:30:00,89939.99,7.5,0.6742106061072314,0.25,1940.2559676964593,1939.9900000000052,0.4,1910.8901500000052,2328.307161235751,1910.8901500000052,exit
655,655,long,Long2,2026-01-21 18:15:00,2026-01-21 18:30:00,2026-01-22 00:30:00,2026-01-22 08:00:00,call,88000.0,2026-01-21 18:30:00,88124.56,13.5,0.655073411301851,1.199856446387684,1717.6675485634696,124.55999999999767,0.1,1631.784171135296,1803.5509259916432,1911.763981551142,entry
655,655,long,Long2,2026-01-21 18:15:00,2026-01-21 18:30:00,2026-01-22 00:30:00,2026-01-22 08:00:00,call,88000.0,2026-01-22 00:30:00,89939.99,7.5,0.6742106061072314,0.25,1940.2559676964593,1939.9900000000052,0.4,1910.8901500000052,2328.307161235751,1910.8901500000052,exit
656,656,long,Long1,2026-01-25 17:15:00,2026-01-25 17:30:00,2026-01-25 23:30:00,2026-01-26 08:00:00,call,88000.0,2026-01-25 17:30:00,87998.35,14.5,0.3941854001015963,0.9,1284.5768470969488,0.0,0.1,1220.3480047421012,1348.8056894517963,1429.734030818904,entry
656,656,long,Long1,2026-01-25 17:15:00,2026-01-25 17:30:00,2026-01-25 23:30:00,2026-01-26 08:00:00,call,88000.0,2026-01-25 23:30:00,86423.04,8.5,0.4053775869446824,0.25,2.331067171202335,0.0,0.22,2.074649782370078,2.587484560034592,1.9086777997804718,exit
657,657,short,Short1,2026-01-28 12:00:00,2026-01-28 12:15:00,2026-01-28 18:15:00,2026-01-29 08:00:00,put,90000.0,2026-01-28 12:15:00,89867.7,19.75,0.42049780776041196,0.9,1600.1713200231607,132.3000000000029,0.1,1520.1627540220024,1680.1798860243189,1780.9906791857782,entry
657,657,short,Short1,2026-01-28 12:00:00,2026-01-28 12:15:00,2026-01-28 18:15:00,2026-01-29 08:00:00,put,90000.0,2026-01-28 18:15:00,89770.32,13.75,0.4172566014927178,0.25,481.7636798688618,229.67999999999302,0.1,457.6754958754187,505.8518638623049,421.0614562053852,exit
658,658,long,Long1,2026-01-29 15:15:00,2026-01-29 15:30:00,2026-01-29 21:30:00,2026-01-30 08:00:00,call,84500.0,2026-01-29 15:30:00,84619.99,16.5,0.6754688410313316,1.2294298194954307,1860.4018852051086,119.99000000000524,0.1,1767.381790944853,1953.421979465364,2070.627298233286,entry
658,658,long,Long1,2026-01-29 15:15:00,2026-01-29 15:30:00,2026-01-29 21:30:00,2026-01-30 08:00:00,call,84500.0,2026-01-29 21:30:00,84448.13,10.5,0.6704789516250692,0.25,266.4841148215637,0.0,0.1,253.1599090804855,279.8083205626419,232.90711635404668,exit
659,659,long,Long2,2026-01-29 21:00:00,2026-01-29 21:15:00,2026-01-30 03:15:00,2026-01-30 08:00:00,call,84500.0,2026-01-29 21:15:00,84370.58,10.75,0.6762886114001524,1.230618486530221,1388.23910590366,0.0,0.1,1318.8271506084768,1457.651061198843,1545.1101248707737,entry
659,659,long,Long2,2026-01-29 21:00:00,2026-01-29 21:15:00,2026-01-30 03:15:00,2026-01-30 08:00:00,call,84500.0,2026-01-30 03:15:00,82355.67,4.75,0.8191629653814249,0.2914977792288549,0.010194504302892149,0.0,0.4,0.8,1.2,0.7360000000000001,exit
660,660,long,Long1,2026-01-31 07:45:00,2026-01-31 08:00:00,2026-01-31 14:00:00,2026-02-01 08:00:00,call,83500.0,2026-01-31 08:00:00,83351.72,24.0,0.5332067756742358,1.0231498247276418,1709.0215991928417,0.0,0.1,1623.5705192331995,1794.4726791524838,1902.141039901633,entry
660,660,long,Long1,2026-01-31 07:45:00,2026-01-31 08:00:00,2026-01-31 14:00:00,2026-02-01 08:00:00,call,83500.0,2026-01-31 14:00:00,82449.53,18.0,0.5320604022855433,0.25,62.361262070531666,0.0,0.1,59.24319896700508,65.47932517405825,54.503743049644676,exit
661,661,short,TrendShort,2026-01-31 18:15:00,2026-01-31 18:30:00,2026-02-01 00:30:00,2026-02-01 08:00:00,put,77500.0,2026-01-31 18:30:00,77540.28,13.5,0.7701284892569137,1.3666863094225248,1638.9752889622978,0.0,0.1,1557.0265245141827,1720.9240534104129,1824.1794966150378,entry
661,661,short,TrendShort,2026-01-31 18:15:00,2026-01-31 18:30:00,2026-02-01 00:30:00,2026-02-01 08:00:00,put,77500.0,2026-02-01 00:30:00,78755.54,7.5,0.7854672875171722,0.2712803725103033,4.928387180992559,0.0,0.4,3.942709744794047,5.9140646171910705,3.6272929652105237,exit
662,662,long,RevLong,2026-01-31 18:30:00,2026-01-31 18:45:00,2026-02-01 00:45:00,2026-02-01 08:00:00,call,78000.0,2026-01-31 18:45:00,78038.38,13.25,0.7893396381222135,1.3945424752772095,1707.1562880757338,38.38000000000466,0.1,1621.798473671947,1792.5141024795205,1900.0649486282919,entry
662,662,long,RevLong,2026-01-31 18:30:00,2026-01-31 18:45:00,2026-02-01 00:45:00,2026-02-01 08:00:00,call,78000.0,2026-02-01 00:45:00,78902.31,7.25,0.7799403137212405,0.26796418823274426,920.3595169031614,902.3099999999977,0.28,888.7753499999977,1049.209849269604,888.7753499999977,exit
664,665,long,Long1,2026-02-03 16:30:00,2026-02-03 16:45:00,2026-02-03 22:45:00,2026-02-04 08:00:00,call,76500.0,2026-02-03 16:45:00,76488.08,15.25,0.7474048570336996,1.3337370426988644,1692.0350273721197,0.0,0.1,1607.4332760035136,1776.6367787407257,1883.2349854651693,entry
664,665,long,Long1,2026-02-03 16:30:00,2026-02-03 16:45:00,2026-02-03 22:45:00,2026-02-04 08:00:00,call,76500.0,2026-02-03 22:45:00,75708.83,9.25,0.9757557396795947,0.38545344380775676,108.6498233196744,0.0,0.1,103.21733215369068,114.08231448565812,94.95994558139543,exit
665,664,long,Long2,2026-02-03 19:45:00,2026-02-03 20:00:00,2026-02-04 02:00:00,2026-02-04 08:00:00,call,74500.0,2026-02-03 20:00:00,74709.12,12.0,0.9618149669309686,1.6446317020499044,1917.884896595555,209.11999999999534,0.1,1821.990651765777,2013.7791414253327,2134.605889910853,entry
665,664,long,Long2,2026-02-03 19:45:00,2026-02-03 20:00:00,2026-02-04 02:00:00,2026-02-04 08:00:00,call,74500.0,2026-02-04 02:00:00,76412.98,6.0,0.9162963601352058,0.3497778160811234,1913.5618594769912,1912.979999999996,0.4,1884.285299999996,2296.2742313723893,1884.285299999996,exit
666,666,long,Long1,2026-02-04 16:45:00,2026-02-04 17:00:00,2026-02-04 23:00:00,2026-02-05 08:00:00,call,73500.0,2026-02-04 17:00:00,73608.88,15.0,0.8811394407775912,1.5276521891275072,1909.6100416199843,108.88000000000466,0.1,1814.129539538985,2005.0905437009835,2125.3959763230428,entry
666,666,long,Long1,2026-02-04 16:45:00,2026-02-04 17:00:00,2026-02-04 23:00:00,2026-02-05 08:00:00,call,73500.0,2026-02-04 23:00:00,72849.91,9.0,1.0352892437518622,0.4211735462511173,151.43225789273856,0.0,0.1,143.86064499810163,159.0038707873755,132.3517933982535,exit
667,667,long,Long1,2026-02-04 21:45:00,2026-02-04 22:00:00,2026-02-05 04:00:00,2026-02-05 08:00:00,call,72500.0,2026-02-04 22:00:00,72331.65,10.0,0.9303639347896928,1.5990277054450546,1477.8802721569882,0.0,0.1,1403.9862585491387,1551.7742857648377,1644.880742910728,entry
667,667,long,Long1,2026-02-04 21:45:00,2026-02-04 22:00:00,2026-02-05 04:00:00,2026-02-05 08:00:00,call,72500.0,2026-02-05 04:00:00,70950.65,4.0,1.0056413043877295,0.4033847826326376,1.2158182736200729,0.0,0.4,0.9726546188960583,1.4589819283440875,0.8948422493843737,exit
670,670,short,TrendShort,2026-02-05 11:30:00,2026-02-05 11:45:00,2026-02-05 17:45:00,2026-02-06 08:00:00,put,70500.0,2026-02-05 11:45:00,70318.35,20.25,1.0363678911303578,1.7527334421390186,2458.32780984234,181.64999999999418,0.1,2335.411419350223,2581.2442003344568,2736.1188523545243,entry
670,670,short,TrendShort,2026-02-05 11:30:00,2026-02-05 11:45:00,2026-02-05 17:45:00,2026-02-06 08:00:00,put,70500.0,2026-02-05 17:45:00,66181.69,14.25,1.317721678488347,0.5906330070930081,4320.316872736468,4318.309999999998,0.22,4253.535349999997,4795.5517287374805,4253.535349999997,exit
671,671,short,TrendShort,2026-02-05 17:30:00,2026-02-05 17:45:00,2026-02-05 23:45:00,2026-02-06 08:00:00,put,66000.0,2026-02-05 17:45:00,66181.69,14.25,1.317721678488347,2.160696433808103,2207.3082057176834,0.0,0.1,2096.9427954317994,2317.6736160035675,2456.734032963782,entry
671,671,short,TrendShort,2026-02-05 17:30:00,2026-02-05 17:45:00,2026-02-05 23:45:00,2026-02-06 08:00:00,put,66000.0,2026-02-05 23:45:00,62909.86,8.25,1.3416587192251836,0.6049952315351101,3091.9900337742,3090.1399999999994,0.22,3043.7878999999994,3432.1089374893622,3043.7878999999994,exit
672,672,long,RevLong,2026-02-06 00:00:00,2026-02-06 00:15:00,2026-02-06 06:15:00,2026-02-06 08:00:00,call,61500.0,2026-02-06 00:15:00,61373.3,7.75,1.799971680613842,2.8599589368900706,2021.586255910166,0.0,0.28,1738.5641800827427,2304.6083317375897,2442.8848316418453,entry
672,672,long,RevLong,2026-02-06 00:00:00,2026-02-06 00:15:00,2026-02-06 06:15:00,2026-02-06 08:00:00,call,61500.0,2026-02-06 06:15:00,65841.6,1.75,1.7483421096859693,0.8490052658115816,4341.600000833016,4341.600000000006,0.4,4276.476000000006,5209.920000999618,4276.476000000006,exit
673,674,short,Short1,2026-02-08 09:00:00,2026-02-08 09:15:00,2026-02-08 15:15:00,2026-02-09 08:00:00,put,70500.0,2026-02-08 09:15:00,70453.59,22.75,1.0079820785346767,1.711574013875281,2474.8933248632966,46.41000000000349,0.1,2351.1486586201318,2598.6379911064614,2754.5562705728494,entry
673,674,short,Short1,2026-02-08 09:00:00,2026-02-08 09:15:00,2026-02-08 15:15:00,2026-02-09 08:00:00,put,70500.0,2026-02-08 15:15:00,70906.3,16.75,1.0067724090197485,0.4040634454118491,321.34382201117114,0.0,0.1,305.2766309106126,337.4110131117297,280.8545004377636,exit
674,673,short,Short2,2026-02-08 13:30:00,2026-02-08 13:45:00,2026-02-08 19:45:00,2026-02-09 08:00:00,put,71500.0,2026-02-08 13:45:00,71514.77,18.25,1.0095573113562728,1.7138581014665955,2223.6480071155456,0.0,0.1,2112.4656067597684,2334.830407471323,2474.9202319196024,entry
674,673,short,Short2,2026-02-08 13:30:00,2026-02-08 13:45:00,2026-02-08 19:45:00,2026-02-09 08:00:00,put,71500.0,2026-02-08 19:45:00,71422.97,12.25,1.0060821250209167,0.40364927501254994,469.9383139210331,77.02999999999884,0.1,446.4413982249814,493.4352296170848,410.72608636698294,exit
675,675,long,Long1,2026-02-10 12:00:00,2026-02-10 12:15:00,2026-02-10 18:15:00,2026-02-11 08:00:00,call,69000.0,2026-02-10 12:15:00,68761.34,19.75,0.9660879902713768,1.6508275858934964,2036.1959631218415,0.0,0.1,1934.3861649657492,2138.0057612779337,2266.2861069546097,entry
675,675,long,Long1,2026-02-10 12:00:00,2026-02-10 12:15:00,2026-02-10 18:15:00,2026-02-11 08:00:00,call,69000.0,2026-02-10 18:15:00,68903.74,13.75,0.96056040525229,0.376336243151374,363.8020424675924,0.0,0.1,345.61194034421277,381.99214459097203,317.9629851166758,exit
679,679,long,Long1,2026-02-12 20:30:00,2026-02-12 20:45:00,2026-02-13 02:45:00,2026-02-13 08:00:00,call,65500.0,2026-02-12 20:45:00,65428.56,11.25,0.8347174548593072,1.4603403095459953,1331.182606813214,0.0,0.1,1264.6234764725534,1397.7417371538747,1481.6062413831073,entry
679,679,long,Long1,2026-02-12 20:30:00,2026-02-12 20:45:00,2026-02-13 02:45:00,2026-02-13 08:00:00,call,65500.0,2026-02-13 02:45:00,66663.08,5.25,0.6883143883151831,0.25,1163.3179667035583,1163.0800000000017,0.4,1145.6338000000017,1395.98156004427,1145.6338000000017,exit
680,680,long,Long2,2026-02-12 20:30:00,2026-02-12 20:45:00,2026-02-13 02:45:00,2026-02-13 08:00:00,call,65500.0,2026-02-12 20:45:00,65428.56,11.25,0.8347174548593072,1.4603403095459953,1331.182606813214,0.0,0.1,1264.6234764725534,1397.7417371538747,1481.6062413831073,entry
680,680,long,Long2,2026-02-12 20:30:00,2026-02-12 20:45:00,2026-02-13 02:45:00,2026-02-13 08:00:00,call,65500.0,2026-02-13 02:45:00,66663.08,5.25,0.6883143883151831,0.25,1163.3179667035583,1163.0800000000017,0.4,1145.6338000000017,1395.98156004427,1145.6338000000017,exit
682,681,short,Short2,2026-02-15 08:00:00,2026-02-15 08:15:00,2026-02-15 14:15:00,2026-02-16 08:00:00,put,70500.0,2026-02-15 08:15:00,70568.02,23.75,0.5776225003055541,1.0875526254430534,1559.458945284845,0.0,0.1,1481.4859980206027,1637.4318925490873,1735.6778061020325,entry
682,681,short,Short2,2026-02-15 08:00:00,2026-02-15 08:15:00,2026-02-15 14:15:00,2026-02-16 08:00:00,put,70500.0,2026-02-15 14:15:00,69088.5,17.75,0.5788896019027097,0.25,1422.7918830482813,1411.5,0.22,1390.3274999999999,1579.2989901835924,1390.3274999999999,exit
683,683,long,Long1,2026-02-16 15:45:00,2026-02-16 16:00:00,2026-02-16 22:00:00,2026-02-17 08:00:00,call,67500.0,2026-02-16 16:00:00,67739.99,16.0,0.6546007019486046,1.1991710178254769,1505.6854858933511,239.99000000000524,0.1,1430.4012115986836,1580.9697601880187,1675.8279457992999,entry
683,683,long,Long1,2026-02-16 15:45:00,2026-02-16 16:00:00,2026-02-16 22:00:00,2026-02-17 08:00:00,call,67500.0,2026-02-16 22:00:00,68758.71,10.0,0.572772800010608,0.25,1261.6251428823016,1258.7100000000064,0.22,1239.8293500000063,1400.403908599355,1239.8293500000063,exit
684,684,long,Long1,2026-02-17 15:15:00,2026-02-17 15:30:00,2026-02-17 21:30:00,2026-02-18 08:00:00,call,67000.0,2026-02-17 15:30:00,67005.0,16.5,0.5448457190582602,1.0400262926344772,1208.9214168324615,5.0,0.1,1148.4753459908384,1269.3674876740847,1345.52953693453,entry
684,684,long,Long1,2026-02-17 15:15:00,2026-02-17 15:30:00,2026-02-17 21:30:00,2026-02-18 08:00:00,call,67000.0,2026-02-17 21:30:00,67590.8,10.5,0.5775970174389781,0.25,638.0183977993584,590.8000000000029,0.1,606.1174779093905,669.9193176893262,581.9380000000028,exit
686,686,long,Long1,2026-02-18 14:45:00,2026-02-18 15:00:00,2026-02-18 21:00:00,2026-02-19 08:00:00,call,67500.0,2026-02-18 15:00:00,67369.78,17.0,0.5108402867240154,0.9907184157498222,1110.0788303951012,0.0,0.1,1054.5748888753462,1165.5827719148563,1235.5177382297477,entry
686,686,long,Long1,2026-02-18 14:45:00,2026-02-18 15:00:00,2026-02-18 21:00:00,2026-02-19 08:00:00,call,67500.0,2026-02-18 21:00:00,66207.26,11.0,0.5359310009934264,0.25,3.038907570958486,0.0,0.22,2.7046277381530524,3.37318740376392,2.488257519100808,exit
687,687,long,Long1,2026-02-18 19:00:00,2026-02-18 19:15:00,2026-02-19 01:15:00,2026-02-19 08:00:00,call,66500.0,2026-02-18 19:15:00,66274.49,12.75,0.56564176009668,1.070180552140186,972.2309303584734,0.0,0.1,923.6193838405497,1020.8424768763971,1082.0930254889809,entry
687,687,long,Long1,2026-02-18 19:00:00,2026-02-18 19:15:00,2026-02-19 01:15:00,2026-02-19 08:00:00,call,66500.0,2026-02-19 01:15:00,66704.35,6.75,0.49548021129783043,0.25,304.2989300051704,204.35000000000582,0.28,261.69707980444656,346.9007802058943,240.76131342009086,exit
688,688,short,Short1,2026-02-21 14:45:00,2026-02-21 15:00:00,2026-02-21 21:00:00,2026-02-22 08:00:00,put,68500.0,2026-02-21 15:00:00,68489.47,17.0,0.4681738569796187,0.9288520926204471,1123.3092562973106,10.529999999998836,0.1,1067.143793482445,1179.4747191121762,1250.2432022589069,entry
688,688,short,Short1,2026-02-21 14:45:00,2026-02-21 15:00:00,2026-02-21 21:00:00,2026-02-22 08:00:00,put,68500.0,2026-02-21 21:00:00,68291.03,11.0,0.46752105674884065,0.25,360.44442637250904,208.97000000000116,0.1,342.4222050538836,378.4666476911345,315.0284286495729,exit
690,690,long,Long1,2026-02-23 20:15:00,2026-02-23 20:30:00,2026-02-24 02:30:00,2026-02-24 08:00:00,call,64500.0,2026-02-23 20:30:00,64269.42,11.5,0.6647670523379978,1.213912225890097,1018.0970000365851,0.0,0.1,967.1921500347557,1069.0018500384144,1133.1419610407193,entry
690,690,long,Long1,2026-02-23 20:15:00,2026-02-23 20:30:00,2026-02-24 02:30:00,2026-02-24 08:00:00,call,64500.0,2026-02-24 02:30:00,64132.43,5.5,0.5768423773464657,0.25,39.556570703971374,0.0,0.28,34.01865080541538,45.09449060252737,31.297158740982155,exit
691,691,long,Long2,2026-02-24 01:15:00,2026-02-24 01:30:00,2026-02-24 07:30:00,2026-02-24 08:00:00,call,64500.0,2026-02-24 01:30:00,64334.0,6.5,0.5907981161208538,1.1066572683752378,694.4898947944203,0.0,0.28,597.2613095232014,791.7184800656391,839.2215888695775,entry
691,691,long,Long2,2026-02-24 01:15:00,2026-02-24 01:30:00,2026-02-24 07:30:00,2026-02-24 08:00:00,call,64500.0,2026-02-24 07:30:00,63096.48,0.5,0.6271134203067267,0.25,0.0,0.0,0.4,0.8,1.2,0.7360000000000001,exit
693,693,short,Short1,2026-02-25 20:00:00,2026-02-25 20:15:00,2026-02-26 02:15:00,2026-02-26 08:00:00,put,69000.0,2026-02-25 20:15:00,68802.37,11.75,0.6594919392012036,1.2062633118417452,1315.629457103947,197.63000000000466,0.1,1249.8479842487498,1381.4109299591444,1464.295585756693,entry
693,693,short,Short1,2026-02-25 20:00:00,2026-02-25 20:15:00,2026-02-26 02:15:00,2026-02-26 08:00:00,put,69000.0,2026-02-26 02:15:00,67936.4,5.75,0.6541176565343636,0.25,1064.7049152829713,1063.6000000000058,0.4,1047.6460000000056,1277.6458983395655,1047.6460000000056,exit
694,694,short,Short1,2026-02-27 08:30:00,2026-02-27 08:45:00,2026-02-27 14:45:00,2026-02-28 08:00:00,put,68000.0,2026-02-27 08:45:00,67926.24,23.25,0.5169643459787677,0.9995983016692132,1433.302157346574,73.75999999999476,0.1,1361.6370494792452,1504.9672652139027,1595.2653011267369,entry
694,694,short,Short1,2026-02-27 08:30:00,2026-02-27 08:45:00,2026-02-27 14:45:00,2026-02-28 08:00:00,put,68000.0,2026-02-27 14:45:00,65887.59,17.25,0.5179851501914879,0.25,2112.89613961507,2112.4100000000035,0.22,2080.7238500000035,2345.314714972728,2080.7238500000035,exit
696,696,long,Long1,2026-03-01 20:45:00,2026-03-01 21:00:00,2026-03-02 03:00:00,2026-03-02 08:00:00,call,65500.0,2026-03-01 21:00:00,65515.83,11.0,0.6315671048472731,1.165772302028546,1087.4541926547608,15.830000000001746,0.1,1033.0814830220227,1141.826902287499,1210.336516424749,entry
696,696,long,Long1,2026-03-01 20:45:00,2026-03-01 21:00:00,2026-03-02 03:00:00,2026-03-02 08:00:00,call,65500.0,2026-03-02 03:00:00,66493.01,5.0,0.7000045556139572,0.25,993.7541518908693,993.0099999999948,0.4,978.1148499999948,1192.504982269043,978.1148499999948,exit
697,697,short,Short1,2026-03-02 15:45:00,2026-03-02 16:00:00,2026-03-02 22:00:00,2026-03-03 08:00:00,put,69500.0,2026-03-02 16:00:00,69665.12,16.0,0.9407282329573048,1.6140559377880919,1833.0525260271243,0.0,0.1,1741.399899725768,1924.7051523284806,2040.1874614681894,entry
697,697,short,Short1,2026-03-02 15:45:00,2026-03-02 16:00:00,2026-03-02 22:00:00,2026-03-03 08:00:00,put,69500.0,2026-03-02 22:00:00,69241.53,10.0,0.8379612038637493,0.30277672231824954,430.9180048610724,258.47000000000116,0.1,409.37210461801874,452.46390510412607,376.62233624857726,exit
698,698,short,Short2,2026-03-02 18:45:00,2026-03-02 19:00:00,2026-03-03 01:00:00,2026-03-03 08:00:00,put,68500.0,2026-03-02 19:00:00,68745.59,13.0,0.9166922272276985,1.5792037294801629,1545.2957701502091,0.0,0.1,1468.0309816426986,1622.5605586577196,1719.914192177183,entry
698,698,short,Short2,2026-03-02 18:45:00,2026-03-02 19:00:00,2026-03-03 01:00:00,2026-03-03 08:00:00,put,68500.0,2026-03-03 01:00:00,69132.08,7.0,0.7830898542853518,0.26985391257121105,29.204017214216037,0.0,0.28,25.11545480422579,33.29257962420628,23.10621841988773,exit
699,699,short,Short1,2026-03-04 08:00:00,2026-03-04 08:15:00,2026-03-04 14:15:00,2026-03-05 08:00:00,put,69500.0,2026-03-04 08:15:00,69316.41,23.75,0.7877913788679933,1.3922974993585904,2100.0848755934494,183.5899999999965,0.1,1995.0806318137768,2205.089119373122,2337.3944665355093,entry
699,699,short,Short1,2026-03-04 08:00:00,2026-03-04 08:15:00,2026-03-04 14:15:00,2026-03-05 08:00:00,put,69500.0,2026-03-04 14:15:00,71751.67,17.75,0.8149703497219003,0.28898220983314016,2.140004174379783,0.0,0.22,1.9046037151980069,2.3754046335615593,1.7522354179821664,exit
700,700,short,Short1,2026-03-04 13:00:00,2026-03-04 13:15:00,2026-03-04 19:15:00,2026-03-05 08:00:00,put,71500.0,2026-03-04 13:15:00,71364.49,18.75,0.8176293564909306,1.4355625669118492,1960.8495548413193,135.50999999999476,0.1,1862.8070770992533,2058.8920325833856,2182.425554538389,entry
700,700,short,Short1,2026-03-04 13:00:00,2026-03-04 13:15:00,2026-03-04 19:15:00,2026-03-05 08:00:00,put,71500.0,2026-03-04 19:15:00,73557.99,12.75,0.8046116129313414,0.28276696775880483,1.0390286182534965,0.0,0.22,0.9247354702456119,1.1533217662613813,0.8507566326259629,exit
701,701,long,TrendLong,2026-03-04 15:30:00,2026-03-04 15:45:00,2026-03-04 21:45:00,2026-03-05 08:00:00,call,73500.0,2026-03-04 15:45:00,73396.88,16.25,0.8369625525207067,1.4635957011550247,1795.683550347021,0.0,0.1,1705.89937282967,1885.4677278643721,1998.5957915362346,entry
701,701,long,TrendLong,2026-03-04 15:30:00,2026-03-04 15:45:00,2026-03-04 21:45:00,2026-03-05 08:00:00,call,73500.0,2026-03-04 21:45:00,73309.72,10.25,0.756042267664071,0.2536253605984426,170.1768252237962,0.0,0.1,161.66798396260637,178.685666484986,148.73454524559787,exit
702,702,short,Short1,2026-03-05 11:00:00,2026-03-05 11:15:00,2026-03-05 17:15:00,2026-03-06 08:00:00,put,73000.0,2026-03-05 11:15:00,73122.37,20.75,0.6736950412248123,1.2268578097759777,1679.6365463379188,0.0,0.1,1595.6547190210229,1763.6183736548148,1869.435476074104,entry
702,702,short,Short1,2026-03-05 11:00:00,2026-03-05 11:15:00,2026-03-05 17:15:00,2026-03-06 08:00:00,put,73000.0,2026-03-05 17:15:00,70928.41,14.75,0.7114576840930845,0.25,2072.140046262517,2071.5899999999965,0.22,2040.5161499999965,2300.075451351394,2040.5161499999965,exit
703,703,long,Long1,2026-03-06 17:45:00,2026-03-06 18:00:00,2026-03-07 00:00:00,2026-03-07 08:00:00,call,68500.0,2026-03-06 18:00:00,68329.24,14.0,0.6935144617217175,1.2555959694964904,1286.1699591711586,0.0,0.1,1221.8614612126005,1350.4784571297166,1431.5071645574997,entry
703,703,long,Long1,2026-03-06 17:45:00,2026-03-06 18:00:00,2026-03-07 00:00:00,2026-03-07 08:00:00,call,68500.0,2026-03-07 00:00:00,68214.04,8.0,0.6949391600339648,0.25,93.8488957173031,0.0,0.28,80.71005031688065,106.98774111772553,74.2532462915302,exit
706,706,long,Long1,2026-03-08 22:30:00,2026-03-08 22:45:00,2026-03-09 04:45:00,2026-03-09 08:00:00,call,66000.0,2026-03-08 22:45:00,66236.8,9.25,0.6290040574456621,1.16205588329621,1118.8599706745808,236.8000000000029,0.1,1062.9169721408518,1174.8029692083098,1245.2911473608085,entry
706,706,long,Long1,2026-03-08 22:30:00,2026-03-08 22:45:00,2026-03-09 04:45:00,2026-03-09 08:00:00,call,66000.0,2026-03-09 04:45:00,67130.14,3.25,0.6978483730672294,0.25,1130.156906176504,1130.1399999999994,0.4,1113.1878999999994,1356.1882874118048,1113.1878999999994,exit
707,707,long,Long2,2026-03-08 22:30:00,2026-03-08 22:45:00,2026-03-09 04:45:00,2026-03-09 08:00:00,call,66000.0,2026-03-08 22:45:00,66236.8,9.25,0.6290040574456621,1.16205588329621,1118.8599706745808,236.8000000000029,0.1,1062.9169721408518,1174.8029692083098,1245.2911473608085,entry
707,707,long,Long2,2026-03-08 22:30:00,2026-03-08 22:45:00,2026-03-09 04:45:00,2026-03-09 08:00:00,call,66000.0,2026-03-09 04:45:00,67130.14,3.25,0.6978483730672294,0.25,1130.156906176504,1130.1399999999994,0.4,1113.1878999999994,1356.1882874118048,1113.1878999999994,exit
708,708,short,Short1,2026-03-09 14:45:00,2026-03-09 15:00:00,2026-03-09 21:00:00,2026-03-10 08:00:00,put,69000.0,2026-03-09 15:00:00,69166.03,17.0,0.6745879960799183,1.2281525943158815,1409.3711814664966,0.0,0.1,1338.9026223931717,1479.8397405398216,1568.630124972211,entry
708,708,short,Short1,2026-03-09 14:45:00,2026-03-09 15:00:00,2026-03-09 21:00:00,2026-03-10 08:00:00,put,69000.0,2026-03-09 21:00:00,69054.0,11.0,0.7208461796564711,0.25,217.90680301245447,0.0,0.1,207.01146286183175,228.8021431630772,190.4505458328852,exit
709,710,short,Short1,2026-03-10 00:45:00,2026-03-10 01:00:00,2026-03-10 07:00:00,2026-03-10 08:00:00,put,69000.0,2026-03-10 01:00:00,69108.0,7.0,0.6612366598399525,1.208793156767931,888.2828502344928,0.0,0.28,763.9232512016638,1012.6424492673219,1073.4009962233613,entry
709,710,short,Short1,2026-03-10 00:45:00,2026-03-10 01:00:00,2026-03-10 07:00:00,2026-03-10 08:00:00,put,69000.0,2026-03-10 07:00:00,70240.36,1.0,0.6484897992013524,0.25,3.4123444958570394e-10,0.0,0.4,0.8,1.2,0.7360000000000001,exit
710,709,short,Short2,2026-03-10 08:15:00,2026-03-10 08:30:00,2026-03-10 14:30:00,2026-03-11 08:00:00,put,71000.0,2026-03-10 08:30:00,70918.69,23.5,0.634735144384026,1.1703659593568376,1756.7222089966162,81.30999999999767,0.1,1668.8860985467854,1844.558319446447,1955.231818613234,entry
710,709,short,Short2,2026-03-10 08:15:00,2026-03-10 08:30:00,2026-03-10 14:30:00,2026-03-11 08:00:00,put,71000.0,2026-03-10 14:30:00,70457.31,17.5,0.7252307248160924,0.25,658.17840545527,542.6900000000023,0.1,625.2694851825064,691.0873257280335,575.247926367906,exit
711,711,short,Short1,2026-03-11 13:45:00,2026-03-11 14:00:00,2026-03-11 20:00:00,2026-03-12 08:00:00,put,70000.0,2026-03-11 14:00:00,70228.02,18.0,0.5684622077422093,1.0742702012262035,1251.002265670686,0.0,0.1,1188.4521523871517,1313.5523789542203,1392.3655216914735,entry
711,711,short,Short1,2026-03-11 13:45:00,2026-03-11 14:00:00,2026-03-11 20:00:00,2026-03-12 08:00:00,put,70000.0,2026-03-11 20:00:00,70434.15,12.0,0.5553153403531625,0.25,97.92862006252835,0.0,0.1,93.03218905940193,102.82505106565478,85.58961393464978,exit
712,712,short,Short1,2026-03-13 00:45:00,2026-03-13 01:00:00,2026-03-13 07:00:00,2026-03-13 08:00:00,put,71500.0,2026-03-13 01:00:00,71592.36,7.0,0.5369014542100159,1.028507108604523,784.460820017237,0.0,0.28,674.6363052148238,894.2853348196503,947.9424549088294,entry
712,712,short,Short1,2026-03-13 00:45:00,2026-03-13 01:00:00,2026-03-13 07:00:00,2026-03-13 08:00:00,put,71500.0,2026-03-13 07:00:00,71423.43,1.0,0.5299718942835048,0.25,120.48122129883268,76.57000000000698,0.28,103.6138503169961,137.34859228066927,95.32474229163643,exit
713,713,short,Short1,2026-03-15 23:15:00,2026-03-15 23:30:00,2026-03-16 05:30:00,2026-03-16 08:00:00,put,72500.0,2026-03-15 23:30:00,72701.07,8.5,0.5097576813836296,0.989148638006263,795.4510306829397,0.0,0.1,755.6784791487927,835.2235822170868,885.3369971501121,entry
713,713,short,Short1,2026-03-15 23:15:00,2026-03-15 23:30:00,2026-03-16 05:30:00,2026-03-16 08:00:00,put,72500.0,2026-03-16 05:30:00,74045.37,2.5,0.5139629797122854,0.25,1.7083720601721725e-05,0.0,0.4,0.8,1.2,0.7360000000000001,exit
714,714,short,Short2,2026-03-16 22:15:00,2026-03-16 22:30:00,2026-03-17 04:30:00,2026-03-17 08:00:00,put,75000.0,2026-03-16 22:30:00,74764.81,9.5,0.5849093871991327,1.0981186114387422,1201.9185928007573,235.19000000000233,0.1,1141.8226631607195,1262.0145224407952,1337.7353937872429,entry
714,714,short,Short2,2026-03-16 22:15:00,2026-03-16 22:30:00,2026-03-17 04:30:00,2026-03-17 08:00:00,put,75000.0,2026-03-17 04:30:00,74051.38,3.5,0.600246457229345,0.25,949.2641119055625,948.6199999999953,0.28,934.3906999999954,1082.1610875723413,934.3906999999954,exit
716,717,long,Long1,2026-03-18 17:15:00,2026-03-18 17:30:00,2026-03-18 23:30:00,2026-03-19 08:00:00,call,71500.0,2026-03-18 17:30:00,71590.62,14.5,0.4438727048998905,0.9,1090.995607189565,90.61999999999534,0.1,1036.4458268300866,1145.5453875490432,1214.2781108019858,entry
716,717,long,Long1,2026-03-18 17:15:00,2026-03-18 17:30:00,2026-03-18 23:30:00,2026-03-19 08:00:00,call,71500.0,2026-03-18 23:30:00,71275.76,8.5,0.4489556526870348,0.25,127.46550486115666,0.0,0.1,121.09222961809883,133.8387801042145,111.40485124865093,exit
718,716,long,Long3,2026-03-19 13:15:00,2026-03-19 13:30:00,2026-03-19 19:30:00,2026-03-20 08:00:00,call,69500.0,2026-03-19 13:30:00,69717.19,18.5,0.460799677060851,0.918159531738234,1283.4323957246233,217.19000000000233,0.1,1219.260775938392,1347.6040155108547,1428.460256441506,entry
718,716,long,Long3,2026-03-19 13:15:00,2026-03-19 13:30:00,2026-03-19 19:30:00,2026-03-20 08:00:00,call,69500.0,2026-03-19 19:30:00,70445.18,12.5,0.5788226033944371,0.25,967.8336751089519,945.179999999993,0.1,931.002299999993,1016.2253588643995,931.002299999993,exit
719,719,long,Long1,2026-03-20 14:15:00,2026-03-20 14:30:00,2026-03-20 20:30:00,2026-03-21 08:00:00,call,70000.0,2026-03-20 14:30:00,69980.14,17.5,0.5102422811756319,0.9898513077046662,1225.325903645491,0.0,0.1,1164.0596084632164,1286.5921988277657,1363.7877307574317,entry
719,719,long,Long1,2026-03-20 14:15:00,2026-03-20 14:30:00,2026-03-20 20:30:00,2026-03-21 08:00:00,call,70000.0,2026-03-20 20:30:00,69931.91,11.5,0.46124435794086693,0.25,220.2449175260299,0.0,0.1,209.2326716497284,231.2571634023314,192.49405791775013,exit
720,720,long,Long1,2026-03-22 00:15:00,2026-03-22 00:30:00,2026-03-22 06:30:00,2026-03-22 08:00:00,call,69000.0,2026-03-22 00:30:00,69069.68,7.5,0.5386614296390623,1.0310590729766402,866.1576365742585,69.67999999999302,0.28,744.8955674538623,987.4197056946548,1046.664888036334,entry
720,720,long,Long1,2026-03-22 00:15:00,2026-03-22 00:30:00,2026-03-22 06:30:00,2026-03-22 08:00:00,call,69000.0,2026-03-22 06:30:00,69197.95,1.5,0.4629300936868599,0.25,221.68179639737355,197.9499999999971,0.28,194.98074999999713,252.71724789300586,194.98074999999713,exit
721,721,long,Long1,2026-03-22 10:45:00,2026-03-22 11:00:00,2026-03-22 17:00:00,2026-03-23 08:00:00,call,68500.0,2026-03-22 11:00:00,68658.59,21.0,0.4652127153424159,0.924558437246503,1319.301754822125,158.5899999999965,0.1,1253.3366670810187,1385.2668425632314,1468.3828531170254,entry
721,721,long,Long1,2026-03-22 10:45:00,2026-03-22 11:00:00,2026-03-22 17:00:00,2026-03-23 08:00:00,call,68500.0,2026-03-22 17:00:00,68823.98,15.0,0.46764248656985974,0.25,474.3377077211262,323.9799999999959,0.1,450.6208223350699,498.05459310718254,414.5711565482643,exit
722,722,short,Short1,2026-03-23 14:15:00,2026-03-23 14:30:00,2026-03-23 20:30:00,2026-03-24 08:00:00,put,71500.0,2026-03-23 14:30:00,71385.8,17.5,0.9760056177359254,1.6652081457170917,2178.4117936276525,114.19999999999709,0.1,2069.4912039462697,2287.3323833090353,2424.5723263075774,entry
722,722,short,Short1,2026-03-23 14:15:00,2026-03-23 14:30:00,2026-03-23 20:30:00,2026-03-24 08:00:00,put,71500.0,2026-03-23 20:30:00,70949.28,11.5,0.8873325692362481,0.33239954154174883,685.771422688973,550.7200000000012,0.1,651.4828515545242,720.0599938234217,599.3642234301624,exit
723,723,short,Short1,2026-03-25 00:45:00,2026-03-25 01:00:00,2026-03-25 07:00:00,2026-03-25 08:00:00,put,71000.0,2026-03-25 01:00:00,70803.63,7.0,0.5201058315096415,1.0041534556889802,904.8820771748724,196.36999999999534,0.28,778.1985863703902,1031.5655679793547,1093.459502058116,entry
723,723,short,Short1,2026-03-25 00:45:00,2026-03-25 01:00:00,2026-03-25 07:00:00,2026-03-25 08:00:00,put,71000.0,2026-03-25 07:00:00,71142.98,1.0,0.520435055246673,0.25,24.76442925322226,0.0,0.28,21.297409157771146,28.23144934867338,19.593616425149456,exit
724,724,long,Long1,2026-03-26 15:15:00,2026-03-26 15:30:00,2026-03-26 21:30:00,2026-03-27 08:00:00,call,69000.0,2026-03-26 15:30:00,68988.75,16.5,0.5080283677499635,0.9866411332374471,1172.9110093550335,0.0,0.1,1114.2654588872817,1231.5565598227852,1305.4499534121524,entry
724,724,long,Long1,2026-03-26 15:15:00,2026-03-26 15:30:00,2026-03-26 21:30:00,2026-03-27 08:00:00,call,69000.0,2026-03-26 21:30:00,69020.98,10.5,0.5066420357565218,0.25,248.92730960265908,20.979999999995925,0.1,236.48094412252613,261.37367508279203,217.56246859272403,exit
725,725,long,Long1,2026-03-27 15:15:00,2026-03-27 15:30:00,2026-03-27 21:30:00,2026-03-28 08:00:00,call,66500.0,2026-03-27 15:30:00,66399.04,16.5,0.5694071051238173,1.0756403024295351,1187.60184937745,0.0,0.1,1128.2217569085774,1246.9819418463226,1321.800858357102,entry
725,725,long,Long1,2026-03-27 15:15:00,2026-03-27 15:30:00,2026-03-27 21:30:00,2026-03-28 08:00:00,call,66500.0,2026-03-27 21:30:00,66129.89,10.5,0.5143139931281205,0.25,89.94850981413038,0.0,0.1,85.45108432342386,94.4459353048369,78.61499757754996,exit
726,726,long,Long1,2026-03-29 00:00:00,2026-03-29 00:15:00,2026-03-29 06:15:00,2026-03-29 08:00:00,call,66500.0,2026-03-29 00:15:00,66399.76,7.75,0.5008956979800203,0.9762987620710294,720.7052986228045,0.0,0.28,619.8065568156119,821.6040404299973,870.9002828557972,entry
726,726,long,Long1,2026-03-29 00:00:00,2026-03-29 00:15:00,2026-03-29 06:15:00,2026-03-29 08:00:00,call,66500.0,2026-03-29 06:15:00,66701.93,1.75,0.498851704954787,0.25,227.43775546755933,201.92999999999302,0.28,198.90104999999312,259.27904123301767,198.90104999999312,exit
727,727,long,Long1,2026-03-29 22:45:00,2026-03-29 23:00:00,2026-03-30 05:00:00,2026-03-30 08:00:00,call,66000.0,2026-03-29 23:00:00,66102.11,9.0,0.49921761283935284,0.9738655386170616,874.57188194841,102.11000000000058,0.1,830.8432878509894,918.3004760458306,973.3985046085804,entry
727,727,long,Long1,2026-03-29 22:45:00,2026-03-29 23:00:00,2026-03-30 05:00:00,2026-03-30 08:00:00,call,66000.0,2026-03-30 05:00:00,67646.15,3.0,0.5030933394482635,0.25,1646.1500027534785,1646.1499999999942,0.4,1621.4577499999943,1975.3800033041741,1621.4577499999943,exit
728,728,short,Short1,2026-03-30 13:15:00,2026-03-30 13:30:00,2026-03-30 19:30:00,2026-03-31 08:00:00,put,67500.0,2026-03-30 13:30:00,67714.36,18.5,0.44351587017849387,0.9,1011.5408559486677,0.0,0.1,960.9638131512343,1062.1178987461012,1125.8449726708673,entry
728,728,short,Short1,2026-03-30 13:15:00,2026-03-30 13:30:00,2026-03-30 19:30:00,2026-03-31 08:00:00,put,67500.0,2026-03-30 19:30:00,66339.0,12.5,0.5273883074205629,0.25,1169.2112049477437,1161.0,0.22,1143.585,1297.8244374919957,1143.585,exit
730,730,short,Short1,2026-03-31 17:15:00,2026-03-31 17:30:00,2026-03-31 23:30:00,2026-04-01 08:00:00,put,67500.0,2026-03-31 17:30:00,67712.83,14.5,0.7417401712682044,1.3255232483388963,1350.3972439575991,0.0,0.1,1282.8773817597191,1417.9171061554791,1502.9921325248079,entry
730,730,short,Short1,2026-03-31 17:15:00,2026-03-31 17:30:00,2026-03-31 23:30:00,2026-04-01 08:00:00,put,67500.0,2026-03-31 23:30:00,68310.02,8.5,0.6217391059400793,0.25,14.40806632577096,0.0,0.1,13.687663009482412,15.128469642059509,12.59264996872382,exit
733,733,long,Long1,2026-04-02 12:30:00,2026-04-02 12:45:00,2026-04-02 18:45:00,2026-04-03 08:00:00,call,66000.0,2026-04-02 12:45:00,66052.71,19.25,0.4542024994904965,0.9085936242612199,1148.38333713061,52.7100000000064,0.1,1090.9641702740794,1205.8025039871407,1278.1506542263692,entry
733,733,long,Long1,2026-04-02 12:30:00,2026-04-02 12:45:00,2026-04-02 18:45:00,2026-04-03 08:00:00,call,66000.0,2026-04-02 18:45:00,66981.99,13.25,0.5240250603401817,0.25,1000.130351413798,981.9900000000052,0.1,967.2601500000052,1050.136868984488,967.2601500000052,exit
734,734,short,Short1,2026-04-06 00:15:00,2026-04-06 00:30:00,2026-04-06 06:30:00,2026-04-06 08:00:00,put,69500.0,2026-04-06 00:30:00,69312.72,7.5,0.40464822540771456,0.9,826.6157331545837,187.27999999999884,0.28,710.889530512942,942.3419357962256,998.8824519439992,entry
734,734,short,Short1,2026-04-06 00:15:00,2026-04-06 00:30:00,2026-04-06 06:30:00,2026-04-06 08:00:00,put,69500.0,2026-04-06 06:30:00,68926.65,1.5,0.40630364072324204,0.25,573.7605035849119,573.3500000000058,0.28,564.7497500000057,654.0869740867997,564.7497500000057,exit
735,735,short,Short1,2026-04-07 09:45:00,2026-04-07 10:00:00,2026-04-07 16:00:00,2026-04-08 08:00:00,put,69000.0,2026-04-07 10:00:00,68915.52,22.0,0.3940602604583366,0.9,1283.3730568197861,84.47999999999593,0.1,1219.2044039787968,1347.5417096607755,1428.3942122404221,entry
735,735,short,Short1,2026-04-07 09:45:00,2026-04-07 10:00:00,2026-04-07 16:00:00,2026-04-08 08:00:00,put,69000.0,2026-04-07 16:00:00,68154.12,16.0,0.404290351633695,0.25,890.9727561319669,845.8800000000047,0.1,846.4241183253685,935.5213939385653,833.1918000000046,exit
736,736,short,Short1,2026-04-07 23:00:00,2026-04-07 23:15:00,2026-04-08 05:15:00,2026-04-08 08:00:00,put,73000.0,2026-04-07 23:15:00,72753.27,8.75,0.7362859676890676,1.317614653149148,1337.9819060676018,246.72999999999593,0.1,1271.0828107642217,1404.881001370982,1489.173861453241,entry
736,736,short,Short1,2026-04-07 23:00:00,2026-04-07 23:15:00,2026-04-08 05:15:00,2026-04-08 08:00:00,put,73000.0,2026-04-08 05:15:00,71720.97,2.75,0.6588009778533382,0.25,1279.0323876315379,1279.0299999999988,0.4,1259.844549999999,1534.8388651578455,1259.844549999999,exit
737,737,short,Short2,2026-04-07 23:00:00,2026-04-07 23:15:00,2026-04-08 05:15:00,2026-04-08 08:00:00,put,73000.0,2026-04-07 23:15:00,72753.27,8.75,0.7362859676890676,1.317614653149148,1337.9819060676018,246.72999999999593,0.1,1271.0828107642217,1404.881001370982,1489.173861453241,entry
737,737,short,Short2,2026-04-07 23:00:00,2026-04-07 23:15:00,2026-04-08 05:15:00,2026-04-08 08:00:00,put,73000.0,2026-04-08 05:15:00,71720.97,2.75,0.6588009778533382,0.25,1279.0323876315379,1279.0299999999988,0.4,1259.844549999999,1534.8388651578455,1259.844549999999,exit
738,738,short,Short1,2026-04-09 09:15:00,2026-04-09 09:30:00,2026-04-09 15:30:00,2026-04-10 08:00:00,put,71500.0,2026-04-09 09:30:00,71274.35,22.5,0.419069372507586,0.9,1414.8380390580642,225.64999999999418,0.1,1344.096137105161,1485.5799410109673,1574.7147374716255,entry
738,738,short,Short1,2026-04-09 09:15:00,2026-04-09 09:30:00,2026-04-09 15:30:00,2026-04-10 08:00:00,put,71500.0,2026-04-09 15:30:00,72075.75,16.5,0.4651388753229654,0.25,104.08620953776335,0.0,0.1,98.88189906087518,109.29052001465152,90.97134713600518,exit
739,739,short,Short1,2026-04-09 17:45:00,2026-04-09 18:00:00,2026-04-10 00:00:00,2026-04-10 08:00:00,put,72000.0,2026-04-09 18:00:00,71894.13,14.0,0.48518921292651856,0.9535243587434519,1147.8086274207017,105.86999999999534,0.1,1090.4181960496664,1205.199058791737,1277.5110023192412,entry
739,739,short,Short1,2026-04-09 17:45:00,2026-04-09 18:00:00,2026-04-10 00:00:00,2026-04-10 08:00:00,put,72000.0,2026-04-10 00:00:00,71816.0,8.0,0.46630088800966457,0.25,321.0434983894884,184.0,0.28,276.09740861496,365.98958816401677,254.0096159257632,exit
740,740,short,Short1,2026-04-10 11:30:00,2026-04-10 11:45:00,2026-04-10 17:45:00,2026-04-11 08:00:00,put,72000.0,2026-04-10 11:45:00,72127.59,20.25,0.42254214256973993,0.9,1181.1769308582298,0.0,0.1,1122.1180843153181,1240.2357774011414,1314.64992404521,entry
740,740,short,Short1,2026-04-10 11:30:00,2026-04-10 11:45:00,2026-04-10 17:45:00,2026-04-11 08:00:00,put,72000.0,2026-04-10 17:45:00,73121.66,14.25,0.4049643735589538,0.25,19.87413578773794,0.0,0.22,17.687980851086767,22.060290724389116,16.272942382999826,exit
741,741,short,Short1,2026-04-11 19:45:00,2026-04-11 20:00:00,2026-04-12 02:00:00,2026-04-12 08:00:00,put,73500.0,2026-04-11 20:00:00,73493.28,12.0,0.41088471026495166,0.9,980.0127740250755,6.720000000001164,0.1,931.0121353238217,1029.0134127263293,1090.754217489909,entry
741,741,short,Short1,2026-04-11 19:45:00,2026-04-11 20:00:00,2026-04-12 02:00:00,2026-04-12 08:00:00,put,73500.0,2026-04-12 02:00:00,71789.64,6.0,0.5323956511141607,0.25,1710.3786906089663,1710.3600000000006,0.4,1684.7046000000005,2052.4544287307594,1684.7046000000005,exit
742,742,long,Long1,2026-04-12 23:15:00,2026-04-12 23:30:00,2026-04-13 05:30:00,2026-04-13 08:00:00,call,70500.0,2026-04-12 23:30:00,70733.27,8.5,0.43491001709540666,0.9,911.8846940927178,233.27000000000407,0.1,866.2904593880819,957.4789287973538,1014.927664525195,entry
742,742,long,Long1,2026-04-12 23:15:00,2026-04-12 23:30:00,2026-04-13 05:30:00,2026-04-13 08:00:00,call,70500.0,2026-04-13 05:30:00,70747.21,2.5,0.4260117000343762,0.25,281.27863077341317,247.2100000000064,0.28,243.5018500000063,320.65763908169106,243.5018500000063,exit
743,743,short,Short1,2026-04-13 23:30:00,2026-04-13 23:45:00,2026-04-14 05:45:00,2026-04-14 08:00:00,put,74500.0,2026-04-13 23:45:00,74417.99,8.25,0.4846399594267915,0.9527279411688476,910.0926442996497,82.00999999999476,0.1,864.5880120846672,955.5972765146322,1012.9331131055102,entry
743,743,short,Short1,2026-04-13 23:30:00,2026-04-13 23:45:00,2026-04-14 05:45:00,2026-04-14 08:00:00,put,74500.0,2026-04-14 05:45:00,74210.11,2.25,0.4367438404890982,0.25,316.0099290780563,289.8899999999994,0.28,285.54164999999944,360.25131914898424,285.54164999999944,exit
745,744,short,Short2,2026-04-14 14:30:00,2026-04-14 14:45:00,2026-04-14 20:45:00,2026-04-15 08:00:00,put,75000.0,2026-04-14 14:45:00,75013.62,17.25,0.4775764718219613,0.9424858841418439,1244.6026866275788,0.0,0.1,1182.3725522961997,1306.8328209589579,1385.2427902164955,entry
745,744,short,Short2,2026-04-14 14:30:00,2026-04-14 14:45:00,2026-04-14 20:45:00,2026-04-15 08:00:00,put,75000.0,2026-04-14 20:45:00,74102.29,11.25,0.4941814042816869,0.25,925.3774956603447,897.7100000000064,0.1,884.2443500000063,971.646370443362,884.2443500000063,exit
746,746,short,Short1,2026-04-15 19:45:00,2026-04-15 20:00:00,2026-04-16 02:00:00,2026-04-16 08:00:00,put,74500.0,2026-04-15 20:00:00,74668.55,12.0,0.4365234586263857,0.9,909.1066957897419,0.0,0.1,863.6513610002548,954.562030579229,1011.8357524139828,entry
746,746,short,Short1,2026-04-15 19:45:00,2026-04-15 20:00:00,2026-04-16 02:00:00,2026-04-16 08:00:00,put,74500.0,2026-04-16 02:00:00,74678.54,6.0,0.39298522447275186,0.25,118.30804530115347,0.0,0.28,101.74491895899199,134.87117164331497,93.60532544227263,exit
747,747,short,Short1,2026-04-17 09:30:00,2026-04-17 09:45:00,2026-04-17 15:45:00,2026-04-18 08:00:00,put,76000.0,2026-04-17 09:45:00,75779.99,22.25,0.44023989699922084,0.9,1485.941975282869,220.00999999999476,0.1,1411.6448765187254,1560.2390740470125,1653.8534184898333,entry
747,747,short,Short1,2026-04-17 09:30:00,2026-04-17 09:45:00,2026-04-17 15:45:00,2026-04-18 08:00:00,put,76000.0,2026-04-17 15:45:00,77785.02,16.25,0.5436831985131466,0.25,4.580677346229095,0.0,0.22,4.0768028381438945,5.084551854314296,3.750658611092383,exit
748,748,short,Short1,2026-04-17 14:45:00,2026-04-17 15:00:00,2026-04-17 21:00:00,2026-04-18 08:00:00,put,78000.0,2026-04-17 15:00:00,77831.99,17.0,0.544875069234637,1.0400688503902238,1509.6576045924667,168.00999999999476,0.1,1434.1747243628433,1585.14048482209,1680.2489139114155,entry
748,748,short,Short1,2026-04-17 14:45:00,2026-04-17 15:00:00,2026-04-17 21:00:00,2026-04-18 08:00:00,put,78000.0,2026-04-17 21:00:00,77381.04,11.0,0.5102567105208328,0.25,688.1683678901973,618.9600000000064,0.1,653.7599494956874,722.5767862847072,609.6756000000063,exit
749,749,short,Short2,2026-04-17 14:45:00,2026-04-17 15:00:00,2026-04-17 21:00:00,2026-04-18 08:00:00,put,78000.0,2026-04-17 15:00:00,77831.99,17.0,0.544875069234637,1.0400688503902238,1509.6576045924667,168.00999999999476,0.1,1434.1747243628433,1585.14048482209,1680.2489139114155,entry
749,749,short,Short2,2026-04-17 14:45:00,2026-04-17 15:00:00,2026-04-17 21:00:00,2026-04-18 08:00:00,put,78000.0,2026-04-17 21:00:00,77381.04,11.0,0.5102567105208328,0.25,688.1683678901973,618.9600000000064,0.1,653.7599494956874,722.5767862847072,609.6756000000063,exit
751,751,short,Short2,2026-04-22 14:15:00,2026-04-22 14:30:00,2026-04-22 20:30:00,2026-04-23 08:00:00,put,78500.0,2026-04-22 14:30:00,78699.54,17.5,0.5186413507337125,1.0020299585638832,1306.7294695544551,0.0,0.1,1241.3929960767323,1372.065943032178,1454.3898996141088,entry
751,751,short,Short2,2026-04-22 14:15:00,2026-04-22 14:30:00,2026-04-22 20:30:00,2026-04-23 08:00:00,put,78500.0,2026-04-22 20:30:00,78513.37,11.5,0.40553671221438914,0.25,277.0604105774837,0.0,0.1,263.2073900486095,290.9134311063579,242.15079884472075,exit
752,752,short,Short1,2026-04-27 01:00:00,2026-04-27 01:15:00,2026-04-27 07:15:00,2026-04-27 08:00:00,put,79000.0,2026-04-27 01:15:00,78908.39,6.75,0.36887320719228717,0.9,833.5476337805594,91.61000000000058,0.28,716.850965051281,950.2443025098378,1007.2589606604281,entry
752,752,short,Short1,2026-04-27 01:00:00,2026-04-27 01:15:00,2026-04-27 07:15:00,2026-04-27 08:00:00,put,79000.0,2026-04-27 07:15:00,77690.95,0.75,0.3868175904098109,0.25,1309.050000000003,1309.050000000003,0.4,1289.4142500000028,1570.8600000000035,1289.4142500000028,exit
753,753,long,Long1,2026-04-29 16:00:00,2026-04-29 16:15:00,2026-04-29 22:15:00,2026-04-30 08:00:00,call,76000.0,2026-04-29 16:15:00,75837.01,15.75,0.3459006862577055,0.9,1076.0784204621086,0.0,0.1,1022.2744994390032,1129.882341485214,1197.675281974327,entry
753,753,long,Long1,2026-04-29 16:00:00,2026-04-29 16:15:00,2026-04-29 22:15:00,2026-04-30 08:00:00,call,76000.0,2026-04-29 22:15:00,75839.75,9.75,0.4341575169807752,0.25,180.53402842947617,0.0,0.1,171.50732700800236,189.56072985094997,157.78674084736218,exit
