trade_id,side,entry_id,level_snapshot,threshold_type,threshold_pct,hit,hit_bar,hit_minutes,ended_profit,ended_loss
1,short,Short1,1,adverse_pct,0.25,True,0.0,15.0,True,False
1,short,Short1,1,adverse_pct,0.5,True,1.0,30.0,True,False
1,short,Short1,1,adverse_pct,1.0,False,,,True,False
1,short,Short1,1,adverse_pct,2.0,False,,,True,False
1,short,Short1,1,adverse_pct,3.0,False,,,True,False
1,short,Short1,1,favorable_pct,0.25,True,3.0,60.0,True,False
1,short,Short1,1,favorable_pct,0.5,True,7.0,120.0,True,False
1,short,Short1,1,favorable_pct,1.0,True,7.0,120.0,True,False
1,short,Short1,1,favorable_pct,2.0,True,7.0,120.0,True,False
1,short,Short1,1,favorable_pct,3.0,True,7.0,120.0,True,False
2,short,Short1,1,adverse_pct,0.25,True,1.0,30.0,True,False
2,short,Short1,1,adverse_pct,0.5,True,3.0,60.0,True,False
2,short,Short1,1,adverse_pct,1.0,True,4.0,75.0,True,False
2,short,Short1,1,adverse_pct,2.0,True,11.0,180.0,True,False
2,short,Short1,1,adverse_pct,3.0,True,11.0,180.0,True,False
2,short,Short1,1,favorable_pct,0.25,True,7.0,120.0,True,False
2,short,Short1,1,favorable_pct,0.5,True,16.0,255.0,True,False
2,short,Short1,1,favorable_pct,1.0,True,16.0,255.0,True,False
2,short,Short1,1,favorable_pct,2.0,True,17.0,270.0,True,False
2,short,Short1,1,favorable_pct,3.0,False,,,True,False
3,long,Long1,1,adverse_pct,0.25,True,0.0,15.0,False,True
3,long,Long1,1,adverse_pct,0.5,True,0.0,15.0,False,True
3,long,Long1,1,adverse_pct,1.0,True,1.0,30.0,False,True
3,long,Long1,1,adverse_pct,2.0,True,2.0,45.0,False,True
3,long,Long1,1,adverse_pct,3.0,True,5.0,90.0,False,True
3,long,Long1,1,favorable_pct,0.25,False,,,False,True
3,long,Long1,1,favorable_pct,0.5,False,,,False,True
3,long,Long1,1,favorable_pct,1.0,False,,,False,True
3,long,Long1,1,favorable_pct,2.0,False,,,False,True
3,long,Long1,1,favorable_pct,3.0,False,,,False,True
4,long,Long2,2,adverse_pct,0.25,True,1.0,30.0,False,True
4,long,Long2,2,adverse_pct,0.5,True,3.0,60.0,False,True
4,long,Long2,2,adverse_pct,1.0,True,4.0,75.0,False,True
4,long,Long2,2,adverse_pct,2.0,True,6.0,105.0,False,True
4,long,Long2,2,adverse_pct,3.0,True,6.0,105.0,False,True
4,long,Long2,2,favorable_pct,0.25,True,0.0,15.0,False,True
4,long,Long2,2,favorable_pct,0.5,False,,,False,True
4,long,Long2,2,favorable_pct,1.0,False,,,False,True
4,long,Long2,2,favorable_pct,2.0,False,,,False,True
4,long,Long2,2,favorable_pct,3.0,False,,,False,True
5,short,TrendShort,0,adverse_pct,0.25,True,0.0,15.0,False,True
5,short,TrendShort,0,adverse_pct,0.5,True,0.0,15.0,False,True
5,short,TrendShort,0,adverse_pct,1.0,True,1.0,30.0,False,True
5,short,TrendShort,0,adverse_pct,2.0,True,30.0,465.0,False,True
5,short,TrendShort,0,adverse_pct,3.0,False,,,False,True
5,short,TrendShort,0,favorable_pct,0.25,False,,,False,True
5,short,TrendShort,0,favorable_pct,0.5,False,,,False,True
5,short,TrendShort,0,favorable_pct,1.0,False,,,False,True
5,short,TrendShort,0,favorable_pct,2.0,False,,,False,True
5,short,TrendShort,0,favorable_pct,3.0,False,,,False,True
6,long,Long1,1,adverse_pct,0.25,False,,,True,False
6,long,Long1,1,adverse_pct,0.5,False,,,True,False
6,long,Long1,1,adverse_pct,1.0,False,,,True,False
6,long,Long1,1,adverse_pct,2.0,False,,,True,False
6,long,Long1,1,adverse_pct,3.0,False,,,True,False
6,long,Long1,1,favorable_pct,0.25,True,0.0,15.0,True,False
6,long,Long1,1,favorable_pct,0.5,True,3.0,60.0,True,False
6,long,Long1,1,favorable_pct,1.0,True,8.0,135.0,True,False
6,long,Long1,1,favorable_pct,2.0,False,,,True,False
6,long,Long1,1,favorable_pct,3.0,False,,,True,False
7,long,Long1,1,adverse_pct,0.25,False,,,True,False
7,long,Long1,1,adverse_pct,0.5,False,,,True,False
7,long,Long1,1,adverse_pct,1.0,False,,,True,False
7,long,Long1,1,adverse_pct,2.0,False,,,True,False
7,long,Long1,1,adverse_pct,3.0,False,,,True,False
7,long,Long1,1,favorable_pct,0.25,True,0.0,15.0,True,False
7,long,Long1,1,favorable_pct,0.5,True,1.0,30.0,True,False
7,long,Long1,1,favorable_pct,1.0,True,11.0,180.0,True,False
7,long,Long1,1,favorable_pct,2.0,True,54.0,825.0,True,False
7,long,Long1,1,favorable_pct,3.0,True,73.0,1110.0,True,False
8,long,Long2,2,adverse_pct,0.25,False,,,True,False
8,long,Long2,2,adverse_pct,0.5,False,,,True,False
8,long,Long2,2,adverse_pct,1.0,False,,,True,False
8,long,Long2,2,adverse_pct,2.0,False,,,True,False
8,long,Long2,2,adverse_pct,3.0,False,,,True,False
8,long,Long2,2,favorable_pct,0.25,True,0.0,15.0,True,False
8,long,Long2,2,favorable_pct,0.5,True,1.0,30.0,True,False
8,long,Long2,2,favorable_pct,1.0,True,11.0,180.0,True,False
8,long,Long2,2,favorable_pct,2.0,True,54.0,825.0,True,False
8,long,Long2,2,favorable_pct,3.0,True,73.0,1110.0,True,False
9,long,Long1,1,adverse_pct,0.25,True,0.0,15.0,False,True
9,long,Long1,1,adverse_pct,0.5,True,1.0,30.0,False,True
9,long,Long1,1,adverse_pct,1.0,True,4.0,75.0,False,True
9,long,Long1,1,adverse_pct,2.0,True,7.0,120.0,False,True
9,long,Long1,1,adverse_pct,3.0,True,89.0,1350.0,False,True
9,long,Long1,1,favorable_pct,0.25,False,,,False,True
9,long,Long1,1,favorable_pct,0.5,False,,,False,True
9,long,Long1,1,favorable_pct,1.0,False,,,False,True
9,long,Long1,1,favorable_pct,2.0,False,,,False,True
9,long,Long1,1,favorable_pct,3.0,False,,,False,True
10,long,Long2,2,adverse_pct,0.25,False,,,True,False
10,long,Long2,2,adverse_pct,0.5,False,,,True,False
10,long,Long2,2,adverse_pct,1.0,False,,,True,False
10,long,Long2,2,adverse_pct,2.0,False,,,True,False
10,long,Long2,2,adverse_pct,3.0,False,,,True,False
10,long,Long2,2,favorable_pct,0.25,True,0.0,15.0,True,False
10,long,Long2,2,favorable_pct,0.5,True,0.0,15.0,True,False
10,long,Long2,2,favorable_pct,1.0,True,1.0,30.0,True,False
10,long,Long2,2,favorable_pct,2.0,True,4.0,75.0,True,False
10,long,Long2,2,favorable_pct,3.0,True,6.0,105.0,True,False
11,long,Long1,1,adverse_pct,0.25,True,0.0,15.0,True,False
11,long,Long1,1,adverse_pct,0.5,True,0.0,15.0,True,False
11,long,Long1,1,adverse_pct,1.0,True,0.0,15.0,True,False
11,long,Long1,1,adverse_pct,2.0,False,,,True,False
11,long,Long1,1,adverse_pct,3.0,False,,,True,False
11,long,Long1,1,favorable_pct,0.25,True,5.0,90.0,True,False
11,long,Long1,1,favorable_pct,0.5,True,11.0,180.0,True,False
11,long,Long1,1,favorable_pct,1.0,True,11.0,180.0,True,False
11,long,Long1,1,favorable_pct,2.0,False,,,True,False
11,long,Long1,1,favorable_pct,3.0,False,,,True,False
12,long,Long1,1,adverse_pct,0.25,False,,,True,False
12,long,Long1,1,adverse_pct,0.5,False,,,True,False
12,long,Long1,1,adverse_pct,1.0,False,,,True,False
12,long,Long1,1,adverse_pct,2.0,False,,,True,False
12,long,Long1,1,adverse_pct,3.0,False,,,True,False
12,long,Long1,1,favorable_pct,0.25,True,0.0,15.0,True,False
12,long,Long1,1,favorable_pct,0.5,True,0.0,15.0,True,False
12,long,Long1,1,favorable_pct,1.0,True,1.0,30.0,True,False
12,long,Long1,1,favorable_pct,2.0,False,,,True,False
12,long,Long1,1,favorable_pct,3.0,False,,,True,False
13,long,Long1,1,adverse_pct,0.25,True,0.0,15.0,True,False
13,long,Long1,1,adverse_pct,0.5,True,1.0,30.0,True,False
13,long,Long1,1,adverse_pct,1.0,True,3.0,60.0,True,False
13,long,Long1,1,adverse_pct,2.0,True,5.0,90.0,True,False
13,long,Long1,1,adverse_pct,3.0,True,25.0,390.0,True,False
13,long,Long1,1,favorable_pct,0.25,True,63.0,960.0,True,False
13,long,Long1,1,favorable_pct,0.5,True,66.0,1005.0,True,False
13,long,Long1,1,favorable_pct,1.0,True,67.0,1020.0,True,False
13,long,Long1,1,favorable_pct,2.0,False,,,True,False
13,long,Long1,1,favorable_pct,3.0,False,,,True,False
14,long,Long2,2,adverse_pct,0.25,True,6.0,105.0,True,False
14,long,Long2,2,adverse_pct,0.5,False,,,True,False
14,long,Long2,2,adverse_pct,1.0,False,,,True,False
14,long,Long2,2,adverse_pct,2.0,False,,,True,False
14,long,Long2,2,adverse_pct,3.0,False,,,True,False
14,long,Long2,2,favorable_pct,0.25,True,1.0,30.0,True,False
14,long,Long2,2,favorable_pct,0.5,True,6.0,105.0,True,False
14,long,Long2,2,favorable_pct,1.0,True,13.0,210.0,True,False
14,long,Long2,2,favorable_pct,2.0,True,19.0,300.0,True,False
14,long,Long2,2,favorable_pct,3.0,True,61.0,930.0,True,False
15,short,Short1,1,adverse_pct,0.25,True,0.0,15.0,True,False
15,short,Short1,1,adverse_pct,0.5,True,0.0,15.0,True,False
15,short,Short1,1,adverse_pct,1.0,False,,,True,False
15,short,Short1,1,adverse_pct,2.0,False,,,True,False
15,short,Short1,1,adverse_pct,3.0,False,,,True,False
15,short,Short1,1,favorable_pct,0.25,True,23.0,360.0,True,False
15,short,Short1,1,favorable_pct,0.5,True,51.0,780.0,True,False
15,short,Short1,1,favorable_pct,1.0,True,59.0,900.0,True,False
15,short,Short1,1,favorable_pct,2.0,False,,,True,False
15,short,Short1,1,favorable_pct,3.0,False,,,True,False
16,short,Short2,2,adverse_pct,0.25,True,2.0,45.0,True,False
16,short,Short2,2,adverse_pct,0.5,False,,,True,False
16,short,Short2,2,adverse_pct,1.0,False,,,True,False
16,short,Short2,2,adverse_pct,2.0,False,,,True,False
16,short,Short2,2,adverse_pct,3.0,False,,,True,False
16,short,Short2,2,favorable_pct,0.25,True,10.0,165.0,True,False
16,short,Short2,2,favorable_pct,0.5,True,36.0,555.0,True,False
16,short,Short2,2,favorable_pct,1.0,True,43.0,660.0,True,False
16,short,Short2,2,favorable_pct,2.0,False,,,True,False
16,short,Short2,2,favorable_pct,3.0,False,,,True,False
17,short,Short2,2,adverse_pct,0.25,False,,,True,False
17,short,Short2,2,adverse_pct,0.5,False,,,True,False
17,short,Short2,2,adverse_pct,1.0,False,,,True,False
17,short,Short2,2,adverse_pct,2.0,False,,,True,False
17,short,Short2,2,adverse_pct,3.0,False,,,True,False
17,short,Short2,2,favorable_pct,0.25,True,0.0,15.0,True,False
17,short,Short2,2,favorable_pct,0.5,True,1.0,30.0,True,False
17,short,Short2,2,favorable_pct,1.0,False,,,True,False
17,short,Short2,2,favorable_pct,2.0,False,,,True,False
17,short,Short2,2,favorable_pct,3.0,False,,,True,False
18,short,Short1,1,adverse_pct,0.25,True,2.0,45.0,True,False
18,short,Short1,1,adverse_pct,0.5,True,6.0,105.0,True,False
18,short,Short1,1,adverse_pct,1.0,True,32.0,495.0,True,False
18,short,Short1,1,adverse_pct,2.0,True,35.0,540.0,True,False
18,short,Short1,1,adverse_pct,3.0,False,,,True,False
18,short,Short1,1,favorable_pct,0.25,True,94.0,1425.0,True,False
18,short,Short1,1,favorable_pct,0.5,True,96.0,1455.0,True,False
18,short,Short1,1,favorable_pct,1.0,False,,,True,False
18,short,Short1,1,favorable_pct,2.0,False,,,True,False
18,short,Short1,1,favorable_pct,3.0,False,,,True,False
19,short,Short1,1,adverse_pct,0.25,True,1.0,30.0,False,True
19,short,Short1,1,adverse_pct,0.5,True,2.0,45.0,False,True
19,short,Short1,1,adverse_pct,1.0,False,,,False,True
19,short,Short1,1,adverse_pct,2.0,False,,,False,True
19,short,Short1,1,adverse_pct,3.0,False,,,False,True
19,short,Short1,1,favorable_pct,0.25,True,12.0,195.0,False,True
19,short,Short1,1,favorable_pct,0.5,True,20.0,315.0,False,True
19,short,Short1,1,favorable_pct,1.0,True,48.0,735.0,False,True
19,short,Short1,1,favorable_pct,2.0,False,,,False,True
19,short,Short1,1,favorable_pct,3.0,False,,,False,True
20,short,Short1,1,adverse_pct,0.25,True,0.0,15.0,False,True
20,short,Short1,1,adverse_pct,0.5,True,8.0,135.0,False,True
20,short,Short1,1,adverse_pct,1.0,True,23.0,360.0,False,True
20,short,Short1,1,adverse_pct,2.0,False,,,False,True
20,short,Short1,1,adverse_pct,3.0,False,,,False,True
20,short,Short1,1,favorable_pct,0.25,False,,,False,True
20,short,Short1,1,favorable_pct,0.5,False,,,False,True
20,short,Short1,1,favorable_pct,1.0,False,,,False,True
20,short,Short1,1,favorable_pct,2.0,False,,,False,True
20,short,Short1,1,favorable_pct,3.0,False,,,False,True
21,short,Short1,1,adverse_pct,0.25,False,,,True,False
21,short,Short1,1,adverse_pct,0.5,False,,,True,False
21,short,Short1,1,adverse_pct,1.0,False,,,True,False
21,short,Short1,1,adverse_pct,2.0,False,,,True,False
21,short,Short1,1,adverse_pct,3.0,False,,,True,False
21,short,Short1,1,favorable_pct,0.25,True,0.0,15.0,True,False
21,short,Short1,1,favorable_pct,0.5,True,7.0,120.0,True,False
21,short,Short1,1,favorable_pct,1.0,True,9.0,150.0,True,False
21,short,Short1,1,favorable_pct,2.0,True,11.0,180.0,True,False
21,short,Short1,1,favorable_pct,3.0,True,57.0,870.0,True,False
22,long,Long1,1,adverse_pct,0.25,True,0.0,15.0,True,False
22,long,Long1,1,adverse_pct,0.5,False,,,True,False
22,long,Long1,1,adverse_pct,1.0,False,,,True,False
22,long,Long1,1,adverse_pct,2.0,False,,,True,False
22,long,Long1,1,adverse_pct,3.0,False,,,True,False
22,long,Long1,1,favorable_pct,0.25,True,2.0,45.0,True,False
22,long,Long1,1,favorable_pct,0.5,True,23.0,360.0,True,False
22,long,Long1,1,favorable_pct,1.0,True,51.0,780.0,True,False
22,long,Long1,1,favorable_pct,2.0,True,54.0,825.0,True,False
22,long,Long1,1,favorable_pct,3.0,True,90.0,1365.0,True,False
23,short,Short1,1,adverse_pct,0.25,True,0.0,15.0,False,True
23,short,Short1,1,adverse_pct,0.5,True,0.0,15.0,False,True
23,short,Short1,1,adverse_pct,1.0,True,37.0,570.0,False,True
23,short,Short1,1,adverse_pct,2.0,True,58.0,885.0,False,True
23,short,Short1,1,adverse_pct,3.0,False,,,False,True
23,short,Short1,1,favorable_pct,0.25,False,,,False,True
23,short,Short1,1,favorable_pct,0.5,False,,,False,True
23,short,Short1,1,favorable_pct,1.0,False,,,False,True
23,short,Short1,1,favorable_pct,2.0,False,,,False,True
23,short,Short1,1,favorable_pct,3.0,False,,,False,True
24,short,Short2,2,adverse_pct,0.25,True,1.0,30.0,False,True
24,short,Short2,2,adverse_pct,0.5,True,3.0,60.0,False,True
24,short,Short2,2,adverse_pct,1.0,True,6.0,105.0,False,True
24,short,Short2,2,adverse_pct,2.0,True,48.0,735.0,False,True
24,short,Short2,2,adverse_pct,3.0,True,68.0,1035.0,False,True
24,short,Short2,2,favorable_pct,0.25,True,0.0,15.0,False,True
24,short,Short2,2,favorable_pct,0.5,False,,,False,True
24,short,Short2,2,favorable_pct,1.0,False,,,False,True
24,short,Short2,2,favorable_pct,2.0,False,,,False,True
24,short,Short2,2,favorable_pct,3.0,False,,,False,True
25,short,Short3,3,adverse_pct,0.25,True,8.0,135.0,False,True
25,short,Short3,3,adverse_pct,0.5,True,14.0,225.0,False,True
25,short,Short3,3,adverse_pct,1.0,False,,,False,True
25,short,Short3,3,adverse_pct,2.0,False,,,False,True
25,short,Short3,3,adverse_pct,3.0,False,,,False,True
25,short,Short3,3,favorable_pct,0.25,True,3.0,60.0,False,True
25,short,Short3,3,favorable_pct,0.5,False,,,False,True
25,short,Short3,3,favorable_pct,1.0,False,,,False,True
25,short,Short3,3,favorable_pct,2.0,False,,,False,True
25,short,Short3,3,favorable_pct,3.0,False,,,False,True
26,short,Short1,1,adverse_pct,0.25,True,0.0,15.0,False,True
26,short,Short1,1,adverse_pct,0.5,True,0.0,15.0,False,True
26,short,Short1,1,adverse_pct,1.0,False,,,False,True
26,short,Short1,1,adverse_pct,2.0,False,,,False,True
26,short,Short1,1,adverse_pct,3.0,False,,,False,True
26,short,Short1,1,favorable_pct,0.25,False,,,False,True
26,short,Short1,1,favorable_pct,0.5,False,,,False,True
26,short,Short1,1,favorable_pct,1.0,False,,,False,True
26,short,Short1,1,favorable_pct,2.0,False,,,False,True
26,short,Short1,1,favorable_pct,3.0,False,,,False,True
27,long,TrendLong,0,adverse_pct,0.25,True,1.0,30.0,True,False
27,long,TrendLong,0,adverse_pct,0.5,True,1.0,30.0,True,False
27,long,TrendLong,0,adverse_pct,1.0,True,1.0,30.0,True,False
27,long,TrendLong,0,adverse_pct,2.0,False,,,True,False
27,long,TrendLong,0,adverse_pct,3.0,False,,,True,False
27,long,TrendLong,0,favorable_pct,0.25,True,0.0,15.0,True,False
27,long,TrendLong,0,favorable_pct,0.5,True,0.0,15.0,True,False
27,long,TrendLong,0,favorable_pct,1.0,True,17.0,270.0,True,False
27,long,TrendLong,0,favorable_pct,2.0,False,,,True,False
27,long,TrendLong,0,favorable_pct,3.0,False,,,True,False
28,short,Short1,1,adverse_pct,0.25,True,2.0,45.0,False,True
28,short,Short1,1,adverse_pct,0.5,True,2.0,45.0,False,True
28,short,Short1,1,adverse_pct,1.0,True,3.0,60.0,False,True
28,short,Short1,1,adverse_pct,2.0,True,31.0,480.0,False,True
28,short,Short1,1,adverse_pct,3.0,False,,,False,True
28,short,Short1,1,favorable_pct,0.25,False,,,False,True
28,short,Short1,1,favorable_pct,0.5,False,,,False,True
28,short,Short1,1,favorable_pct,1.0,False,,,False,True
28,short,Short1,1,favorable_pct,2.0,False,,,False,True
28,short,Short1,1,favorable_pct,3.0,False,,,False,True
29,short,Short2,2,adverse_pct,0.25,True,16.0,255.0,False,True
29,short,Short2,2,adverse_pct,0.5,True,16.0,255.0,False,True
29,short,Short2,2,adverse_pct,1.0,True,17.0,270.0,False,True
29,short,Short2,2,adverse_pct,2.0,False,,,False,True
29,short,Short2,2,adverse_pct,3.0,False,,,False,True
29,short,Short2,2,favorable_pct,0.25,True,3.0,60.0,False,True
29,short,Short2,2,favorable_pct,0.5,True,8.0,135.0,False,True
29,short,Short2,2,favorable_pct,1.0,False,,,False,True
29,short,Short2,2,favorable_pct,2.0,False,,,False,True
29,short,Short2,2,favorable_pct,3.0,False,,,False,True
30,short,Short1,1,adverse_pct,0.25,False,,,True,False
30,short,Short1,1,adverse_pct,0.5,False,,,True,False
30,short,Short1,1,adverse_pct,1.0,False,,,True,False
30,short,Short1,1,adverse_pct,2.0,False,,,True,False
30,short,Short1,1,adverse_pct,3.0,False,,,True,False
30,short,Short1,1,favorable_pct,0.25,True,0.0,15.0,True,False
30,short,Short1,1,favorable_pct,0.5,True,1.0,30.0,True,False
30,short,Short1,1,favorable_pct,1.0,True,7.0,120.0,True,False
30,short,Short1,1,favorable_pct,2.0,False,,,True,False
30,short,Short1,1,favorable_pct,3.0,False,,,True,False
31,short,Short1,1,adverse_pct,0.25,True,0.0,15.0,True,False
31,short,Short1,1,adverse_pct,0.5,False,,,True,False
31,short,Short1,1,adverse_pct,1.0,False,,,True,False
31,short,Short1,1,adverse_pct,2.0,False,,,True,False
31,short,Short1,1,adverse_pct,3.0,False,,,True,False
31,short,Short1,1,favorable_pct,0.25,True,3.0,60.0,True,False
31,short,Short1,1,favorable_pct,0.5,True,8.0,135.0,True,False
31,short,Short1,1,favorable_pct,1.0,False,,,True,False
31,short,Short1,1,favorable_pct,2.0,False,,,True,False
31,short,Short1,1,favorable_pct,3.0,False,,,True,False
32,short,Short2,2,adverse_pct,0.25,True,0.0,15.0,True,False
32,short,Short2,2,adverse_pct,0.5,False,,,True,False
32,short,Short2,2,adverse_pct,1.0,False,,,True,False
32,short,Short2,2,adverse_pct,2.0,False,,,True,False
32,short,Short2,2,adverse_pct,3.0,False,,,True,False
32,short,Short2,2,favorable_pct,0.25,True,3.0,60.0,True,False
32,short,Short2,2,favorable_pct,0.5,True,8.0,135.0,True,False
32,short,Short2,2,favorable_pct,1.0,False,,,True,False
32,short,Short2,2,favorable_pct,2.0,False,,,True,False
32,short,Short2,2,favorable_pct,3.0,False,,,True,False
33,short,Short1,1,adverse_pct,0.25,True,8.0,135.0,True,False
33,short,Short1,1,adverse_pct,0.5,False,,,True,False
33,short,Short1,1,adverse_pct,1.0,False,,,True,False
33,short,Short1,1,adverse_pct,2.0,False,,,True,False
33,short,Short1,1,adverse_pct,3.0,False,,,True,False
33,short,Short1,1,favorable_pct,0.25,True,0.0,15.0,True,False
33,short,Short1,1,favorable_pct,0.5,True,2.0,45.0,True,False
33,short,Short1,1,favorable_pct,1.0,False,,,True,False
33,short,Short1,1,favorable_pct,2.0,False,,,True,False
33,short,Short1,1,favorable_pct,3.0,False,,,True,False
34,short,Short1,1,adverse_pct,0.25,False,,,True,False
34,short,Short1,1,adverse_pct,0.5,False,,,True,False
34,short,Short1,1,adverse_pct,1.0,False,,,True,False
34,short,Short1,1,adverse_pct,2.0,False,,,True,False
34,short,Short1,1,adverse_pct,3.0,False,,,True,False
34,short,Short1,1,favorable_pct,0.25,True,0.0,15.0,True,False
34,short,Short1,1,favorable_pct,0.5,True,3.0,60.0,True,False
34,short,Short1,1,favorable_pct,1.0,False,,,True,False
34,short,Short1,1,favorable_pct,2.0,False,,,True,False
34,short,Short1,1,favorable_pct,3.0,False,,,True,False
35,short,Short1,1,adverse_pct,0.25,True,0.0,15.0,False,True
35,short,Short1,1,adverse_pct,0.5,True,0.0,15.0,False,True
35,short,Short1,1,adverse_pct,1.0,False,,,False,True
35,short,Short1,1,adverse_pct,2.0,False,,,False,True
35,short,Short1,1,adverse_pct,3.0,False,,,False,True
35,short,Short1,1,favorable_pct,0.25,True,2.0,45.0,False,True
35,short,Short1,1,favorable_pct,0.5,True,3.0,60.0,False,True
35,short,Short1,1,favorable_pct,1.0,False,,,False,True
35,short,Short1,1,favorable_pct,2.0,False,,,False,True
35,short,Short1,1,favorable_pct,3.0,False,,,False,True
36,short,Short1,1,adverse_pct,0.25,False,,,True,False
36,short,Short1,1,adverse_pct,0.5,False,,,True,False
36,short,Short1,1,adverse_pct,1.0,False,,,True,False
36,short,Short1,1,adverse_pct,2.0,False,,,True,False
36,short,Short1,1,adverse_pct,3.0,False,,,True,False
36,short,Short1,1,favorable_pct,0.25,True,0.0,15.0,True,False
36,short,Short1,1,favorable_pct,0.5,True,0.0,15.0,True,False
36,short,Short1,1,favorable_pct,1.0,True,2.0,45.0,True,False
36,short,Short1,1,favorable_pct,2.0,False,,,True,False
36,short,Short1,1,favorable_pct,3.0,False,,,True,False
37,short,Short1,1,adverse_pct,0.25,True,2.0,45.0,False,True
37,short,Short1,1,adverse_pct,0.5,True,14.0,225.0,False,True
37,short,Short1,1,adverse_pct,1.0,True,15.0,240.0,False,True
37,short,Short1,1,adverse_pct,2.0,False,,,False,True
37,short,Short1,1,adverse_pct,3.0,False,,,False,True
37,short,Short1,1,favorable_pct,0.25,True,5.0,90.0,False,True
37,short,Short1,1,favorable_pct,0.5,True,18.0,285.0,False,True
37,short,Short1,1,favorable_pct,1.0,True,18.0,285.0,False,True
37,short,Short1,1,favorable_pct,2.0,False,,,False,True
37,short,Short1,1,favorable_pct,3.0,False,,,False,True
38,short,Short2,2,adverse_pct,0.25,True,2.0,45.0,False,True
38,short,Short2,2,adverse_pct,0.5,True,14.0,225.0,False,True
38,short,Short2,2,adverse_pct,1.0,True,15.0,240.0,False,True
38,short,Short2,2,adverse_pct,2.0,False,,,False,True
38,short,Short2,2,adverse_pct,3.0,False,,,False,True
38,short,Short2,2,favorable_pct,0.25,True,5.0,90.0,False,True
38,short,Short2,2,favorable_pct,0.5,True,18.0,285.0,False,True
38,short,Short2,2,favorable_pct,1.0,True,18.0,285.0,False,True
38,short,Short2,2,favorable_pct,2.0,False,,,False,True
38,short,Short2,2,favorable_pct,3.0,False,,,False,True
39,short,Short1,1,adverse_pct,0.25,False,,,False,True
39,short,Short1,1,adverse_pct,0.5,False,,,False,True
39,short,Short1,1,adverse_pct,1.0,False,,,False,True
39,short,Short1,1,adverse_pct,2.0,False,,,False,True
39,short,Short1,1,adverse_pct,3.0,False,,,False,True
39,short,Short1,1,favorable_pct,0.25,True,3.0,60.0,False,True
39,short,Short1,1,favorable_pct,0.5,True,7.0,120.0,False,True
39,short,Short1,1,favorable_pct,1.0,True,15.0,240.0,False,True
39,short,Short1,1,favorable_pct,2.0,False,,,False,True
39,short,Short1,1,favorable_pct,3.0,False,,,False,True
40,long,Long1,1,adverse_pct,0.25,True,0.0,15.0,True,False
40,long,Long1,1,adverse_pct,0.5,False,,,True,False
40,long,Long1,1,adverse_pct,1.0,False,,,True,False
40,long,Long1,1,adverse_pct,2.0,False,,,True,False
40,long,Long1,1,adverse_pct,3.0,False,,,True,False
40,long,Long1,1,favorable_pct,0.25,True,1.0,30.0,True,False
40,long,Long1,1,favorable_pct,0.5,True,2.0,45.0,True,False
40,long,Long1,1,favorable_pct,1.0,True,17.0,270.0,True,False
40,long,Long1,1,favorable_pct,2.0,True,25.0,390.0,True,False
40,long,Long1,1,favorable_pct,3.0,True,126.0,1905.0,True,False
41,long,Long1,1,adverse_pct,0.25,False,,,False,True
41,long,Long1,1,adverse_pct,0.5,False,,,False,True
41,long,Long1,1,adverse_pct,1.0,False,,,False,True
41,long,Long1,1,adverse_pct,2.0,False,,,False,True
41,long,Long1,1,adverse_pct,3.0,False,,,False,True
41,long,Long1,1,favorable_pct,0.25,True,0.0,15.0,False,True
41,long,Long1,1,favorable_pct,0.5,True,0.0,15.0,False,True
41,long,Long1,1,favorable_pct,1.0,False,,,False,True
41,long,Long1,1,favorable_pct,2.0,False,,,False,True
41,long,Long1,1,favorable_pct,3.0,False,,,False,True
42,short,Short1,1,adverse_pct,0.25,True,1.0,30.0,False,True
42,short,Short1,1,adverse_pct,0.5,True,6.0,105.0,False,True
42,short,Short1,1,adverse_pct,1.0,True,10.0,165.0,False,True
42,short,Short1,1,adverse_pct,2.0,True,11.0,180.0,False,True
42,short,Short1,1,adverse_pct,3.0,True,14.0,225.0,False,True
42,short,Short1,1,favorable_pct,0.25,True,0.0,15.0,False,True
42,short,Short1,1,favorable_pct,0.5,False,,,False,True
42,short,Short1,1,favorable_pct,1.0,False,,,False,True
42,short,Short1,1,favorable_pct,2.0,False,,,False,True
42,short,Short1,1,favorable_pct,3.0,False,,,False,True
43,short,Short1,1,adverse_pct,0.25,True,7.0,120.0,False,True
43,short,Short1,1,adverse_pct,0.5,True,9.0,150.0,False,True
43,short,Short1,1,adverse_pct,1.0,True,9.0,150.0,False,True
43,short,Short1,1,adverse_pct,2.0,False,,,False,True
43,short,Short1,1,adverse_pct,3.0,False,,,False,True
43,short,Short1,1,favorable_pct,0.25,False,,,False,True
43,short,Short1,1,favorable_pct,0.5,False,,,False,True
43,short,Short1,1,favorable_pct,1.0,False,,,False,True
43,short,Short1,1,favorable_pct,2.0,False,,,False,True
43,short,Short1,1,favorable_pct,3.0,False,,,False,True
44,long,TrendLong,0,adverse_pct,0.25,True,0.0,15.0,False,True
44,long,TrendLong,0,adverse_pct,0.5,False,,,False,True
44,long,TrendLong,0,adverse_pct,1.0,False,,,False,True
44,long,TrendLong,0,adverse_pct,2.0,False,,,False,True
44,long,TrendLong,0,adverse_pct,3.0,False,,,False,True
44,long,TrendLong,0,favorable_pct,0.25,True,0.0,15.0,False,True
44,long,TrendLong,0,favorable_pct,0.5,False,,,False,True
44,long,TrendLong,0,favorable_pct,1.0,False,,,False,True
44,long,TrendLong,0,favorable_pct,2.0,False,,,False,True
44,long,TrendLong,0,favorable_pct,3.0,False,,,False,True
45,short,RevShort,0,adverse_pct,0.25,True,2.0,45.0,False,True
45,short,RevShort,0,adverse_pct,0.5,True,28.0,435.0,False,True
45,short,RevShort,0,adverse_pct,1.0,True,39.0,600.0,False,True
45,short,RevShort,0,adverse_pct,2.0,True,69.0,1050.0,False,True
45,short,RevShort,0,adverse_pct,3.0,True,117.0,1770.0,False,True
45,short,RevShort,0,favorable_pct,0.25,True,0.0,15.0,False,True
45,short,RevShort,0,favorable_pct,0.5,True,0.0,15.0,False,True
45,short,RevShort,0,favorable_pct,1.0,True,5.0,90.0,False,True
45,short,RevShort,0,favorable_pct,2.0,False,,,False,True
45,short,RevShort,0,favorable_pct,3.0,False,,,False,True
46,long,TrendLong,0,adverse_pct,0.25,True,0.0,15.0,True,False
46,long,TrendLong,0,adverse_pct,0.5,True,0.0,15.0,True,False
46,long,TrendLong,0,adverse_pct,1.0,False,,,True,False
46,long,TrendLong,0,adverse_pct,2.0,False,,,True,False
46,long,TrendLong,0,adverse_pct,3.0,False,,,True,False
46,long,TrendLong,0,favorable_pct,0.25,True,2.0,45.0,True,False
46,long,TrendLong,0,favorable_pct,0.5,True,3.0,60.0,True,False
46,long,TrendLong,0,favorable_pct,1.0,True,4.0,75.0,True,False
46,long,TrendLong,0,favorable_pct,2.0,False,,,True,False
46,long,TrendLong,0,favorable_pct,3.0,False,,,True,False
47,short,RevShort,0,adverse_pct,0.25,True,0.0,15.0,True,False
47,short,RevShort,0,adverse_pct,0.5,True,0.0,15.0,True,False
47,short,RevShort,0,adverse_pct,1.0,True,0.0,15.0,True,False
47,short,RevShort,0,adverse_pct,2.0,True,1.0,30.0,True,False
47,short,RevShort,0,adverse_pct,3.0,True,1.0,30.0,True,False
47,short,RevShort,0,favorable_pct,0.25,True,2.0,45.0,True,False
47,short,RevShort,0,favorable_pct,0.5,True,2.0,45.0,True,False
47,short,RevShort,0,favorable_pct,1.0,True,3.0,60.0,True,False
47,short,RevShort,0,favorable_pct,2.0,True,3.0,60.0,True,False
47,short,RevShort,0,favorable_pct,3.0,True,3.0,60.0,True,False
48,short,Short1,1,adverse_pct,0.25,True,11.0,180.0,True,False
48,short,Short1,1,adverse_pct,0.5,True,11.0,180.0,True,False
48,short,Short1,1,adverse_pct,1.0,False,,,True,False
48,short,Short1,1,adverse_pct,2.0,False,,,True,False
48,short,Short1,1,adverse_pct,3.0,False,,,True,False
48,short,Short1,1,favorable_pct,0.25,True,4.0,75.0,True,False
48,short,Short1,1,favorable_pct,0.5,True,19.0,300.0,True,False
48,short,Short1,1,favorable_pct,1.0,False,,,True,False
48,short,Short1,1,favorable_pct,2.0,False,,,True,False
48,short,Short1,1,favorable_pct,3.0,False,,,True,False
49,short,Short2,2,adverse_pct,0.25,True,11.0,180.0,True,False
49,short,Short2,2,adverse_pct,0.5,True,11.0,180.0,True,False
49,short,Short2,2,adverse_pct,1.0,False,,,True,False
49,short,Short2,2,adverse_pct,2.0,False,,,True,False
49,short,Short2,2,adverse_pct,3.0,False,,,True,False
49,short,Short2,2,favorable_pct,0.25,True,4.0,75.0,True,False
49,short,Short2,2,favorable_pct,0.5,True,19.0,300.0,True,False
49,short,Short2,2,favorable_pct,1.0,False,,,True,False
49,short,Short2,2,favorable_pct,2.0,False,,,True,False
49,short,Short2,2,favorable_pct,3.0,False,,,True,False
50,short,Short1,1,adverse_pct,0.25,False,,,True,False
50,short,Short1,1,adverse_pct,0.5,False,,,True,False
50,short,Short1,1,adverse_pct,1.0,False,,,True,False
50,short,Short1,1,adverse_pct,2.0,False,,,True,False
50,short,Short1,1,adverse_pct,3.0,False,,,True,False
50,short,Short1,1,favorable_pct,0.25,True,0.0,15.0,True,False
50,short,Short1,1,favorable_pct,0.5,True,4.0,75.0,True,False
50,short,Short1,1,favorable_pct,1.0,True,15.0,240.0,True,False
50,short,Short1,1,favorable_pct,2.0,True,136.0,2055.0,True,False
50,short,Short1,1,favorable_pct,3.0,False,,,True,False
51,short,Short1,1,adverse_pct,0.25,True,5.0,90.0,False,True
51,short,Short1,1,adverse_pct,0.5,True,6.0,105.0,False,True
51,short,Short1,1,adverse_pct,1.0,True,6.0,105.0,False,True
51,short,Short1,1,adverse_pct,2.0,False,,,False,True
51,short,Short1,1,adverse_pct,3.0,False,,,False,True
51,short,Short1,1,favorable_pct,0.25,True,0.0,15.0,False,True
51,short,Short1,1,favorable_pct,0.5,True,0.0,15.0,False,True
51,short,Short1,1,favorable_pct,1.0,True,8.0,135.0,False,True
51,short,Short1,1,favorable_pct,2.0,False,,,False,True
51,short,Short1,1,favorable_pct,3.0,False,,,False,True
52,short,Short2,2,adverse_pct,0.25,True,2.0,45.0,False,True
52,short,Short2,2,adverse_pct,0.5,True,7.0,120.0,False,True
52,short,Short2,2,adverse_pct,1.0,False,,,False,True
52,short,Short2,2,adverse_pct,2.0,False,,,False,True
52,short,Short2,2,adverse_pct,3.0,False,,,False,True
52,short,Short2,2,favorable_pct,0.25,True,0.0,15.0,False,True
52,short,Short2,2,favorable_pct,0.5,True,11.0,180.0,False,True
52,short,Short2,2,favorable_pct,1.0,False,,,False,True
52,short,Short2,2,favorable_pct,2.0,False,,,False,True
52,short,Short2,2,favorable_pct,3.0,False,,,False,True
53,short,Short1,1,adverse_pct,0.25,True,0.0,15.0,False,True
53,short,Short1,1,adverse_pct,0.5,True,0.0,15.0,False,True
53,short,Short1,1,adverse_pct,1.0,True,0.0,15.0,False,True
53,short,Short1,1,adverse_pct,2.0,True,2.0,45.0,False,True
53,short,Short1,1,adverse_pct,3.0,True,26.0,405.0,False,True
53,short,Short1,1,favorable_pct,0.25,False,,,False,True
53,short,Short1,1,favorable_pct,0.5,False,,,False,True
53,short,Short1,1,favorable_pct,1.0,False,,,False,True
53,short,Short1,1,favorable_pct,2.0,False,,,False,True
53,short,Short1,1,favorable_pct,3.0,False,,,False,True
54,short,Short1,1,adverse_pct,0.25,True,0.0,15.0,True,False
54,short,Short1,1,adverse_pct,0.5,False,,,True,False
54,short,Short1,1,adverse_pct,1.0,False,,,True,False
54,short,Short1,1,adverse_pct,2.0,False,,,True,False
54,short,Short1,1,adverse_pct,3.0,False,,,True,False
54,short,Short1,1,favorable_pct,0.25,True,0.0,15.0,True,False
54,short,Short1,1,favorable_pct,0.5,True,0.0,15.0,True,False
54,short,Short1,1,favorable_pct,1.0,False,,,True,False
54,short,Short1,1,favorable_pct,2.0,False,,,True,False
54,short,Short1,1,favorable_pct,3.0,False,,,True,False
55,long,TrendLong,0,adverse_pct,0.25,True,1.0,30.0,True,False
55,long,TrendLong,0,adverse_pct,0.5,True,2.0,45.0,True,False
55,long,TrendLong,0,adverse_pct,1.0,False,,,True,False
55,long,TrendLong,0,adverse_pct,2.0,False,,,True,False
55,long,TrendLong,0,adverse_pct,3.0,False,,,True,False
55,long,TrendLong,0,favorable_pct,0.25,True,0.0,15.0,True,False
55,long,TrendLong,0,favorable_pct,0.5,True,0.0,15.0,True,False
55,long,TrendLong,0,favorable_pct,1.0,False,,,True,False
55,long,TrendLong,0,favorable_pct,2.0,False,,,True,False
55,long,TrendLong,0,favorable_pct,3.0,False,,,True,False
56,long,TrendLong,0,adverse_pct,0.25,True,0.0,15.0,False,True
56,long,TrendLong,0,adverse_pct,0.5,True,1.0,30.0,False,True
56,long,TrendLong,0,adverse_pct,1.0,True,3.0,60.0,False,True
56,long,TrendLong,0,adverse_pct,2.0,True,4.0,75.0,False,True
56,long,TrendLong,0,adverse_pct,3.0,True,4.0,75.0,False,True
56,long,TrendLong,0,favorable_pct,0.25,True,0.0,15.0,False,True
56,long,TrendLong,0,favorable_pct,0.5,False,,,False,True
56,long,TrendLong,0,favorable_pct,1.0,False,,,False,True
56,long,TrendLong,0,favorable_pct,2.0,False,,,False,True
56,long,TrendLong,0,favorable_pct,3.0,False,,,False,True
57,short,Short1,1,adverse_pct,0.25,True,0.0,15.0,False,True
57,short,Short1,1,adverse_pct,0.5,True,4.0,75.0,False,True
57,short,Short1,1,adverse_pct,1.0,True,4.0,75.0,False,True
57,short,Short1,1,adverse_pct,2.0,False,,,False,True
57,short,Short1,1,adverse_pct,3.0,False,,,False,True
57,short,Short1,1,favorable_pct,0.25,True,2.0,45.0,False,True
57,short,Short1,1,favorable_pct,0.5,True,3.0,60.0,False,True
57,short,Short1,1,favorable_pct,1.0,False,,,False,True
57,short,Short1,1,favorable_pct,2.0,False,,,False,True
57,short,Short1,1,favorable_pct,3.0,False,,,False,True
58,short,Short1,1,adverse_pct,0.25,False,,,True,False
58,short,Short1,1,adverse_pct,0.5,False,,,True,False
58,short,Short1,1,adverse_pct,1.0,False,,,True,False
58,short,Short1,1,adverse_pct,2.0,False,,,True,False
58,short,Short1,1,adverse_pct,3.0,False,,,True,False
58,short,Short1,1,favorable_pct,0.25,True,0.0,15.0,True,False
58,short,Short1,1,favorable_pct,0.5,True,0.0,15.0,True,False
58,short,Short1,1,favorable_pct,1.0,True,3.0,60.0,True,False
58,short,Short1,1,favorable_pct,2.0,False,,,True,False
58,short,Short1,1,favorable_pct,3.0,False,,,True,False
59,short,Short1,1,adverse_pct,0.25,True,0.0,15.0,True,False
59,short,Short1,1,adverse_pct,0.5,True,1.0,30.0,True,False
59,short,Short1,1,adverse_pct,1.0,False,,,True,False
59,short,Short1,1,adverse_pct,2.0,False,,,True,False
59,short,Short1,1,adverse_pct,3.0,False,,,True,False
59,short,Short1,1,favorable_pct,0.25,True,2.0,45.0,True,False
59,short,Short1,1,favorable_pct,0.5,True,3.0,60.0,True,False
59,short,Short1,1,favorable_pct,1.0,True,3.0,60.0,True,False
59,short,Short1,1,favorable_pct,2.0,True,4.0,75.0,True,False
59,short,Short1,1,favorable_pct,3.0,True,4.0,75.0,True,False
60,short,Short1,1,adverse_pct,0.25,False,,,True,False
60,short,Short1,1,adverse_pct,0.5,False,,,True,False
60,short,Short1,1,adverse_pct,1.0,False,,,True,False
60,short,Short1,1,adverse_pct,2.0,False,,,True,False
60,short,Short1,1,adverse_pct,3.0,False,,,True,False
60,short,Short1,1,favorable_pct,0.25,True,0.0,15.0,True,False
60,short,Short1,1,favorable_pct,0.5,True,0.0,15.0,True,False
60,short,Short1,1,favorable_pct,1.0,False,,,True,False
60,short,Short1,1,favorable_pct,2.0,False,,,True,False
60,short,Short1,1,favorable_pct,3.0,False,,,True,False
61,short,Short1,1,adverse_pct,0.25,True,3.0,60.0,True,False
61,short,Short1,1,adverse_pct,0.5,False,,,True,False
61,short,Short1,1,adverse_pct,1.0,False,,,True,False
61,short,Short1,1,adverse_pct,2.0,False,,,True,False
61,short,Short1,1,adverse_pct,3.0,False,,,True,False
61,short,Short1,1,favorable_pct,0.25,True,2.0,45.0,True,False
61,short,Short1,1,favorable_pct,0.5,True,5.0,90.0,True,False
61,short,Short1,1,favorable_pct,1.0,False,,,True,False
61,short,Short1,1,favorable_pct,2.0,False,,,True,False
61,short,Short1,1,favorable_pct,3.0,False,,,True,False
62,short,Short1,1,adverse_pct,0.25,True,0.0,15.0,False,True
62,short,Short1,1,adverse_pct,0.5,True,1.0,30.0,False,True
62,short,Short1,1,adverse_pct,1.0,True,2.0,45.0,False,True
62,short,Short1,1,adverse_pct,2.0,True,4.0,75.0,False,True
62,short,Short1,1,adverse_pct,3.0,True,5.0,90.0,False,True
62,short,Short1,1,favorable_pct,0.25,True,5.0,90.0,False,True
62,short,Short1,1,favorable_pct,0.5,True,5.0,90.0,False,True
62,short,Short1,1,favorable_pct,1.0,False,,,False,True
62,short,Short1,1,favorable_pct,2.0,False,,,False,True
62,short,Short1,1,favorable_pct,3.0,False,,,False,True
63,short,Short1,1,adverse_pct,0.25,True,0.0,15.0,True,False
63,short,Short1,1,adverse_pct,0.5,False,,,True,False
63,short,Short1,1,adverse_pct,1.0,False,,,True,False
63,short,Short1,1,adverse_pct,2.0,False,,,True,False
63,short,Short1,1,adverse_pct,3.0,False,,,True,False
63,short,Short1,1,favorable_pct,0.25,True,3.0,60.0,True,False
63,short,Short1,1,favorable_pct,0.5,True,3.0,60.0,True,False
63,short,Short1,1,favorable_pct,1.0,True,5.0,90.0,True,False
63,short,Short1,1,favorable_pct,2.0,False,,,True,False
63,short,Short1,1,favorable_pct,3.0,False,,,True,False
64,short,Short1,1,adverse_pct,0.25,True,1.0,30.0,True,False
64,short,Short1,1,adverse_pct,0.5,True,10.0,165.0,True,False
64,short,Short1,1,adverse_pct,1.0,True,11.0,180.0,True,False
64,short,Short1,1,adverse_pct,2.0,False,,,True,False
64,short,Short1,1,adverse_pct,3.0,False,,,True,False
64,short,Short1,1,favorable_pct,0.25,True,0.0,15.0,True,False
64,short,Short1,1,favorable_pct,0.5,True,84.0,1275.0,True,False
64,short,Short1,1,favorable_pct,1.0,True,85.0,1290.0,True,False
64,short,Short1,1,favorable_pct,2.0,False,,,True,False
64,short,Short1,1,favorable_pct,3.0,False,,,True,False
65,short,Short3,3,adverse_pct,0.25,True,0.0,15.0,True,False
65,short,Short3,3,adverse_pct,0.5,False,,,True,False
65,short,Short3,3,adverse_pct,1.0,False,,,True,False
65,short,Short3,3,adverse_pct,2.0,False,,,True,False
65,short,Short3,3,adverse_pct,3.0,False,,,True,False
65,short,Short3,3,favorable_pct,0.25,True,0.0,15.0,True,False
65,short,Short3,3,favorable_pct,0.5,True,1.0,30.0,True,False
65,short,Short3,3,favorable_pct,1.0,False,,,True,False
65,short,Short3,3,favorable_pct,2.0,False,,,True,False
65,short,Short3,3,favorable_pct,3.0,False,,,True,False
66,short,Short1,1,adverse_pct,0.25,True,1.0,30.0,False,True
66,short,Short1,1,adverse_pct,0.5,True,2.0,45.0,False,True
66,short,Short1,1,adverse_pct,1.0,True,11.0,180.0,False,True
66,short,Short1,1,adverse_pct,2.0,True,27.0,420.0,False,True
66,short,Short1,1,adverse_pct,3.0,False,,,False,True
66,short,Short1,1,favorable_pct,0.25,False,,,False,True
66,short,Short1,1,favorable_pct,0.5,False,,,False,True
66,short,Short1,1,favorable_pct,1.0,False,,,False,True
66,short,Short1,1,favorable_pct,2.0,False,,,False,True
66,short,Short1,1,favorable_pct,3.0,False,,,False,True
67,short,Short2,2,adverse_pct,0.25,True,0.0,15.0,False,True
67,short,Short2,2,adverse_pct,0.5,True,1.0,30.0,False,True
67,short,Short2,2,adverse_pct,1.0,True,5.0,90.0,False,True
67,short,Short2,2,adverse_pct,2.0,False,,,False,True
67,short,Short2,2,adverse_pct,3.0,False,,,False,True
67,short,Short2,2,favorable_pct,0.25,True,0.0,15.0,False,True
67,short,Short2,2,favorable_pct,0.5,False,,,False,True
67,short,Short2,2,favorable_pct,1.0,False,,,False,True
67,short,Short2,2,favorable_pct,2.0,False,,,False,True
67,short,Short2,2,favorable_pct,3.0,False,,,False,True
68,short,Short1,1,adverse_pct,0.25,True,4.0,75.0,False,True
68,short,Short1,1,adverse_pct,0.5,True,16.0,255.0,False,True
68,short,Short1,1,adverse_pct,1.0,True,17.0,270.0,False,True
68,short,Short1,1,adverse_pct,2.0,True,24.0,375.0,False,True
68,short,Short1,1,adverse_pct,3.0,False,,,False,True
68,short,Short1,1,favorable_pct,0.25,True,46.0,705.0,False,True
68,short,Short1,1,favorable_pct,0.5,False,,,False,True
68,short,Short1,1,favorable_pct,1.0,False,,,False,True
68,short,Short1,1,favorable_pct,2.0,False,,,False,True
68,short,Short1,1,favorable_pct,3.0,False,,,False,True
69,short,Short1,1,adverse_pct,0.25,True,1.0,30.0,True,False
69,short,Short1,1,adverse_pct,0.5,False,,,True,False
69,short,Short1,1,adverse_pct,1.0,False,,,True,False
69,short,Short1,1,adverse_pct,2.0,False,,,True,False
69,short,Short1,1,adverse_pct,3.0,False,,,True,False
69,short,Short1,1,favorable_pct,0.25,True,2.0,45.0,True,False
69,short,Short1,1,favorable_pct,0.5,True,4.0,75.0,True,False
69,short,Short1,1,favorable_pct,1.0,True,17.0,270.0,True,False
69,short,Short1,1,favorable_pct,2.0,True,27.0,420.0,True,False
69,short,Short1,1,favorable_pct,3.0,True,32.0,495.0,True,False
70,long,Long1,1,adverse_pct,0.25,True,27.0,420.0,False,True
70,long,Long1,1,adverse_pct,0.5,True,27.0,420.0,False,True
70,long,Long1,1,adverse_pct,1.0,True,27.0,420.0,False,True
70,long,Long1,1,adverse_pct,2.0,True,27.0,420.0,False,True
70,long,Long1,1,adverse_pct,3.0,False,,,False,True
70,long,Long1,1,favorable_pct,0.25,True,0.0,15.0,False,True
70,long,Long1,1,favorable_pct,0.5,True,0.0,15.0,False,True
70,long,Long1,1,favorable_pct,1.0,True,0.0,15.0,False,True
70,long,Long1,1,favorable_pct,2.0,True,1.0,30.0,False,True
70,long,Long1,1,favorable_pct,3.0,True,9.0,150.0,False,True
71,long,Long1,1,adverse_pct,0.25,False,,,True,False
71,long,Long1,1,adverse_pct,0.5,False,,,True,False
71,long,Long1,1,adverse_pct,1.0,False,,,True,False
71,long,Long1,1,adverse_pct,2.0,False,,,True,False
71,long,Long1,1,adverse_pct,3.0,False,,,True,False
71,long,Long1,1,favorable_pct,0.25,True,0.0,15.0,True,False
71,long,Long1,1,favorable_pct,0.5,True,0.0,15.0,True,False
71,long,Long1,1,favorable_pct,1.0,True,1.0,30.0,True,False
71,long,Long1,1,favorable_pct,2.0,True,7.0,120.0,True,False
71,long,Long1,1,favorable_pct,3.0,False,,,True,False
72,long,Long1,1,adverse_pct,0.25,True,1.0,30.0,False,True
72,long,Long1,1,adverse_pct,0.5,True,3.0,60.0,False,True
72,long,Long1,1,adverse_pct,1.0,True,9.0,150.0,False,True
72,long,Long1,1,adverse_pct,2.0,True,25.0,390.0,False,True
72,long,Long1,1,adverse_pct,3.0,True,38.0,585.0,False,True
72,long,Long1,1,favorable_pct,0.25,True,16.0,255.0,False,True
72,long,Long1,1,favorable_pct,0.5,False,,,False,True
72,long,Long1,1,favorable_pct,1.0,False,,,False,True
72,long,Long1,1,favorable_pct,2.0,False,,,False,True
72,long,Long1,1,favorable_pct,3.0,False,,,False,True
73,long,Long2,2,adverse_pct,0.25,True,0.0,15.0,False,True
73,long,Long2,2,adverse_pct,0.5,True,2.0,45.0,False,True
73,long,Long2,2,adverse_pct,1.0,True,3.0,60.0,False,True
73,long,Long2,2,adverse_pct,2.0,True,8.0,135.0,False,True
73,long,Long2,2,adverse_pct,3.0,True,15.0,240.0,False,True
73,long,Long2,2,favorable_pct,0.25,False,,,False,True
73,long,Long2,2,favorable_pct,0.5,False,,,False,True
73,long,Long2,2,favorable_pct,1.0,False,,,False,True
73,long,Long2,2,favorable_pct,2.0,False,,,False,True
73,long,Long2,2,favorable_pct,3.0,False,,,False,True
74,long,Long3,3,adverse_pct,0.25,True,1.0,30.0,False,True
74,long,Long3,3,adverse_pct,0.5,True,2.0,45.0,False,True
74,long,Long3,3,adverse_pct,1.0,True,2.0,45.0,False,True
74,long,Long3,3,adverse_pct,2.0,True,3.0,60.0,False,True
74,long,Long3,3,adverse_pct,3.0,False,,,False,True
74,long,Long3,3,favorable_pct,0.25,True,0.0,15.0,False,True
74,long,Long3,3,favorable_pct,0.5,False,,,False,True
74,long,Long3,3,favorable_pct,1.0,False,,,False,True
74,long,Long3,3,favorable_pct,2.0,False,,,False,True
74,long,Long3,3,favorable_pct,3.0,False,,,False,True
75,long,Long1,1,adverse_pct,0.25,True,0.0,15.0,True,False
75,long,Long1,1,adverse_pct,0.5,True,0.0,15.0,True,False
75,long,Long1,1,adverse_pct,1.0,False,,,True,False
75,long,Long1,1,adverse_pct,2.0,False,,,True,False
75,long,Long1,1,adverse_pct,3.0,False,,,True,False
75,long,Long1,1,favorable_pct,0.25,True,0.0,15.0,True,False
75,long,Long1,1,favorable_pct,0.5,True,1.0,30.0,True,False
75,long,Long1,1,favorable_pct,1.0,True,5.0,90.0,True,False
75,long,Long1,1,favorable_pct,2.0,True,6.0,105.0,True,False
75,long,Long1,1,favorable_pct,3.0,True,12.0,195.0,True,False
76,long,Long1,1,adverse_pct,0.25,True,0.0,15.0,False,True
76,long,Long1,1,adverse_pct,0.5,True,0.0,15.0,False,True
76,long,Long1,1,adverse_pct,1.0,True,1.0,30.0,False,True
76,long,Long1,1,adverse_pct,2.0,True,12.0,195.0,False,True
76,long,Long1,1,adverse_pct,3.0,True,13.0,210.0,False,True
76,long,Long1,1,favorable_pct,0.25,False,,,False,True
76,long,Long1,1,favorable_pct,0.5,False,,,False,True
76,long,Long1,1,favorable_pct,1.0,False,,,False,True
76,long,Long1,1,favorable_pct,2.0,False,,,False,True
76,long,Long1,1,favorable_pct,3.0,False,,,False,True
77,long,Long2,2,adverse_pct,0.25,True,0.0,15.0,False,True
77,long,Long2,2,adverse_pct,0.5,True,0.0,15.0,False,True
77,long,Long2,2,adverse_pct,1.0,True,0.0,15.0,False,True
77,long,Long2,2,adverse_pct,2.0,True,1.0,30.0,False,True
77,long,Long2,2,adverse_pct,3.0,True,15.0,240.0,False,True
77,long,Long2,2,favorable_pct,0.25,False,,,False,True
77,long,Long2,2,favorable_pct,0.5,False,,,False,True
77,long,Long2,2,favorable_pct,1.0,False,,,False,True
77,long,Long2,2,favorable_pct,2.0,False,,,False,True
77,long,Long2,2,favorable_pct,3.0,False,,,False,True
78,long,Long1,1,adverse_pct,0.25,True,0.0,15.0,True,False
78,long,Long1,1,adverse_pct,0.5,False,,,True,False
78,long,Long1,1,adverse_pct,1.0,False,,,True,False
78,long,Long1,1,adverse_pct,2.0,False,,,True,False
78,long,Long1,1,adverse_pct,3.0,False,,,True,False
78,long,Long1,1,favorable_pct,0.25,True,0.0,15.0,True,False
78,long,Long1,1,favorable_pct,0.5,True,2.0,45.0,True,False
78,long,Long1,1,favorable_pct,1.0,True,2.0,45.0,True,False
78,long,Long1,1,favorable_pct,2.0,False,,,True,False
78,long,Long1,1,favorable_pct,3.0,False,,,True,False
79,short,TrendShort,0,adverse_pct,0.25,True,0.0,15.0,False,True
79,short,TrendShort,0,adverse_pct,0.5,True,0.0,15.0,False,True
79,short,TrendShort,0,adverse_pct,1.0,True,1.0,30.0,False,True
79,short,TrendShort,0,adverse_pct,2.0,True,6.0,105.0,False,True
79,short,TrendShort,0,adverse_pct,3.0,True,8.0,135.0,False,True
79,short,TrendShort,0,favorable_pct,0.25,True,0.0,15.0,False,True
79,short,TrendShort,0,favorable_pct,0.5,False,,,False,True
79,short,TrendShort,0,favorable_pct,1.0,False,,,False,True
79,short,TrendShort,0,favorable_pct,2.0,False,,,False,True
79,short,TrendShort,0,favorable_pct,3.0,False,,,False,True
80,short,Short1,1,adverse_pct,0.25,True,0.0,15.0,True,False
80,short,Short1,1,adverse_pct,0.5,True,1.0,30.0,True,False
80,short,Short1,1,adverse_pct,1.0,True,1.0,30.0,True,False
80,short,Short1,1,adverse_pct,2.0,False,,,True,False
80,short,Short1,1,adverse_pct,3.0,False,,,True,False
80,short,Short1,1,favorable_pct,0.25,True,27.0,420.0,True,False
80,short,Short1,1,favorable_pct,0.5,True,27.0,420.0,True,False
80,short,Short1,1,favorable_pct,1.0,True,27.0,420.0,True,False
80,short,Short1,1,favorable_pct,2.0,False,,,True,False
80,short,Short1,1,favorable_pct,3.0,False,,,True,False
81,short,Short1,1,adverse_pct,0.25,False,,,True,False
81,short,Short1,1,adverse_pct,0.5,False,,,True,False
81,short,Short1,1,adverse_pct,1.0,False,,,True,False
81,short,Short1,1,adverse_pct,2.0,False,,,True,False
81,short,Short1,1,adverse_pct,3.0,False,,,True,False
81,short,Short1,1,favorable_pct,0.25,True,2.0,45.0,True,False
81,short,Short1,1,favorable_pct,0.5,True,8.0,135.0,True,False
81,short,Short1,1,favorable_pct,1.0,True,12.0,195.0,True,False
81,short,Short1,1,favorable_pct,2.0,True,15.0,240.0,True,False
81,short,Short1,1,favorable_pct,3.0,True,21.0,330.0,True,False
82,long,Long1,1,adverse_pct,0.25,False,,,True,False
82,long,Long1,1,adverse_pct,0.5,False,,,True,False
82,long,Long1,1,adverse_pct,1.0,False,,,True,False
82,long,Long1,1,adverse_pct,2.0,False,,,True,False
82,long,Long1,1,adverse_pct,3.0,False,,,True,False
82,long,Long1,1,favorable_pct,0.25,True,0.0,15.0,True,False
82,long,Long1,1,favorable_pct,0.5,True,0.0,15.0,True,False
82,long,Long1,1,favorable_pct,1.0,False,,,True,False
82,long,Long1,1,favorable_pct,2.0,False,,,True,False
82,long,Long1,1,favorable_pct,3.0,False,,,True,False
83,long,Long1,1,adverse_pct,0.25,True,0.0,15.0,True,False
83,long,Long1,1,adverse_pct,0.5,True,1.0,30.0,True,False
83,long,Long1,1,adverse_pct,1.0,False,,,True,False
83,long,Long1,1,adverse_pct,2.0,False,,,True,False
83,long,Long1,1,adverse_pct,3.0,False,,,True,False
83,long,Long1,1,favorable_pct,0.25,True,2.0,45.0,True,False
83,long,Long1,1,favorable_pct,0.5,True,4.0,75.0,True,False
83,long,Long1,1,favorable_pct,1.0,True,7.0,120.0,True,False
83,long,Long1,1,favorable_pct,2.0,True,15.0,240.0,True,False
83,long,Long1,1,favorable_pct,3.0,True,59.0,900.0,True,False
84,short,Short1,1,adverse_pct,0.25,False,,,False,True
84,short,Short1,1,adverse_pct,0.5,False,,,False,True
84,short,Short1,1,adverse_pct,1.0,False,,,False,True
84,short,Short1,1,adverse_pct,2.0,False,,,False,True
84,short,Short1,1,adverse_pct,3.0,False,,,False,True
84,short,Short1,1,favorable_pct,0.25,True,0.0,15.0,False,True
84,short,Short1,1,favorable_pct,0.5,True,2.0,45.0,False,True
84,short,Short1,1,favorable_pct,1.0,True,4.0,75.0,False,True
84,short,Short1,1,favorable_pct,2.0,False,,,False,True
84,short,Short1,1,favorable_pct,3.0,False,,,False,True
85,short,Short1,1,adverse_pct,0.25,True,0.0,15.0,False,True
85,short,Short1,1,adverse_pct,0.5,True,1.0,30.0,False,True
85,short,Short1,1,adverse_pct,1.0,False,,,False,True
85,short,Short1,1,adverse_pct,2.0,False,,,False,True
85,short,Short1,1,adverse_pct,3.0,False,,,False,True
85,short,Short1,1,favorable_pct,0.25,False,,,False,True
85,short,Short1,1,favorable_pct,0.5,False,,,False,True
85,short,Short1,1,favorable_pct,1.0,False,,,False,True
85,short,Short1,1,favorable_pct,2.0,False,,,False,True
85,short,Short1,1,favorable_pct,3.0,False,,,False,True
86,long,TrendLong,0,adverse_pct,0.25,False,,,True,False
86,long,TrendLong,0,adverse_pct,0.5,False,,,True,False
86,long,TrendLong,0,adverse_pct,1.0,False,,,True,False
86,long,TrendLong,0,adverse_pct,2.0,False,,,True,False
86,long,TrendLong,0,adverse_pct,3.0,False,,,True,False
86,long,TrendLong,0,favorable_pct,0.25,True,0.0,15.0,True,False
86,long,TrendLong,0,favorable_pct,0.5,True,0.0,15.0,True,False
86,long,TrendLong,0,favorable_pct,1.0,False,,,True,False
86,long,TrendLong,0,favorable_pct,2.0,False,,,True,False
86,long,TrendLong,0,favorable_pct,3.0,False,,,True,False
87,short,RevShort,0,adverse_pct,0.25,True,0.0,15.0,False,True
87,short,RevShort,0,adverse_pct,0.5,True,6.0,105.0,False,True
87,short,RevShort,0,adverse_pct,1.0,True,56.0,855.0,False,True
87,short,RevShort,0,adverse_pct,2.0,False,,,False,True
87,short,RevShort,0,adverse_pct,3.0,False,,,False,True
87,short,RevShort,0,favorable_pct,0.25,True,1.0,30.0,False,True
87,short,RevShort,0,favorable_pct,0.5,True,16.0,255.0,False,True
87,short,RevShort,0,favorable_pct,1.0,True,16.0,255.0,False,True
87,short,RevShort,0,favorable_pct,2.0,False,,,False,True
87,short,RevShort,0,favorable_pct,3.0,False,,,False,True
88,short,Short1,1,adverse_pct,0.25,True,0.0,15.0,True,False
88,short,Short1,1,adverse_pct,0.5,True,0.0,15.0,True,False
88,short,Short1,1,adverse_pct,1.0,True,18.0,285.0,True,False
88,short,Short1,1,adverse_pct,2.0,False,,,True,False
88,short,Short1,1,adverse_pct,3.0,False,,,True,False
88,short,Short1,1,favorable_pct,0.25,True,5.0,90.0,True,False
88,short,Short1,1,favorable_pct,0.5,True,81.0,1230.0,True,False
88,short,Short1,1,favorable_pct,1.0,False,,,True,False
88,short,Short1,1,favorable_pct,2.0,False,,,True,False
88,short,Short1,1,favorable_pct,3.0,False,,,True,False
89,long,Long1,1,adverse_pct,0.25,True,0.0,15.0,False,True
89,long,Long1,1,adverse_pct,0.5,True,1.0,30.0,False,True
89,long,Long1,1,adverse_pct,1.0,True,2.0,45.0,False,True
89,long,Long1,1,adverse_pct,2.0,False,,,False,True
89,long,Long1,1,adverse_pct,3.0,False,,,False,True
89,long,Long1,1,favorable_pct,0.25,True,14.0,225.0,False,True
89,long,Long1,1,favorable_pct,0.5,True,15.0,240.0,False,True
89,long,Long1,1,favorable_pct,1.0,True,15.0,240.0,False,True
89,long,Long1,1,favorable_pct,2.0,False,,,False,True
89,long,Long1,1,favorable_pct,3.0,False,,,False,True
90,long,Long1,1,adverse_pct,0.25,True,9.0,150.0,False,True
90,long,Long1,1,adverse_pct,0.5,True,12.0,195.0,False,True
90,long,Long1,1,adverse_pct,1.0,True,13.0,210.0,False,True
90,long,Long1,1,adverse_pct,2.0,True,22.0,345.0,False,True
90,long,Long1,1,adverse_pct,3.0,False,,,False,True
90,long,Long1,1,favorable_pct,0.25,True,0.0,15.0,False,True
90,long,Long1,1,favorable_pct,0.5,True,1.0,30.0,False,True
90,long,Long1,1,favorable_pct,1.0,False,,,False,True
90,long,Long1,1,favorable_pct,2.0,False,,,False,True
90,long,Long1,1,favorable_pct,3.0,False,,,False,True
91,long,Long2,2,adverse_pct,0.25,True,9.0,150.0,False,True
91,long,Long2,2,adverse_pct,0.5,True,12.0,195.0,False,True
91,long,Long2,2,adverse_pct,1.0,True,13.0,210.0,False,True
91,long,Long2,2,adverse_pct,2.0,True,22.0,345.0,False,True
91,long,Long2,2,adverse_pct,3.0,False,,,False,True
91,long,Long2,2,favorable_pct,0.25,True,0.0,15.0,False,True
91,long,Long2,2,favorable_pct,0.5,True,1.0,30.0,False,True
91,long,Long2,2,favorable_pct,1.0,False,,,False,True
91,long,Long2,2,favorable_pct,2.0,False,,,False,True
91,long,Long2,2,favorable_pct,3.0,False,,,False,True
92,long,Long3,3,adverse_pct,0.25,True,0.0,15.0,False,True
92,long,Long3,3,adverse_pct,0.5,True,0.0,15.0,False,True
92,long,Long3,3,adverse_pct,1.0,True,1.0,30.0,False,True
92,long,Long3,3,adverse_pct,2.0,False,,,False,True
92,long,Long3,3,adverse_pct,3.0,False,,,False,True
92,long,Long3,3,favorable_pct,0.25,False,,,False,True
92,long,Long3,3,favorable_pct,0.5,False,,,False,True
92,long,Long3,3,favorable_pct,1.0,False,,,False,True
92,long,Long3,3,favorable_pct,2.0,False,,,False,True
92,long,Long3,3,favorable_pct,3.0,False,,,False,True
93,long,Long1,1,adverse_pct,0.25,False,,,True,False
93,long,Long1,1,adverse_pct,0.5,False,,,True,False
93,long,Long1,1,adverse_pct,1.0,False,,,True,False
93,long,Long1,1,adverse_pct,2.0,False,,,True,False
93,long,Long1,1,adverse_pct,3.0,False,,,True,False
93,long,Long1,1,favorable_pct,0.25,True,0.0,15.0,True,False
93,long,Long1,1,favorable_pct,0.5,True,2.0,45.0,True,False
93,long,Long1,1,favorable_pct,1.0,True,4.0,75.0,True,False
93,long,Long1,1,favorable_pct,2.0,True,26.0,405.0,True,False
93,long,Long1,1,favorable_pct,3.0,False,,,True,False
94,long,Long1,1,adverse_pct,0.25,False,,,True,False
94,long,Long1,1,adverse_pct,0.5,False,,,True,False
94,long,Long1,1,adverse_pct,1.0,False,,,True,False
94,long,Long1,1,adverse_pct,2.0,False,,,True,False
94,long,Long1,1,adverse_pct,3.0,False,,,True,False
94,long,Long1,1,favorable_pct,0.25,True,1.0,30.0,True,False
94,long,Long1,1,favorable_pct,0.5,True,7.0,120.0,True,False
94,long,Long1,1,favorable_pct,1.0,True,9.0,150.0,True,False
94,long,Long1,1,favorable_pct,2.0,True,31.0,480.0,True,False
94,long,Long1,1,favorable_pct,3.0,True,34.0,525.0,True,False
95,short,Short1,1,adverse_pct,0.25,False,,,True,False
95,short,Short1,1,adverse_pct,0.5,False,,,True,False
95,short,Short1,1,adverse_pct,1.0,False,,,True,False
95,short,Short1,1,adverse_pct,2.0,False,,,True,False
95,short,Short1,1,adverse_pct,3.0,False,,,True,False
95,short,Short1,1,favorable_pct,0.25,True,0.0,15.0,True,False
95,short,Short1,1,favorable_pct,0.5,True,1.0,30.0,True,False
95,short,Short1,1,favorable_pct,1.0,False,,,True,False
95,short,Short1,1,favorable_pct,2.0,False,,,True,False
95,short,Short1,1,favorable_pct,3.0,False,,,True,False
96,short,Short1,1,adverse_pct,0.25,False,,,True,False
96,short,Short1,1,adverse_pct,0.5,False,,,True,False
96,short,Short1,1,adverse_pct,1.0,False,,,True,False
96,short,Short1,1,adverse_pct,2.0,False,,,True,False
96,short,Short1,1,adverse_pct,3.0,False,,,True,False
96,short,Short1,1,favorable_pct,0.25,True,0.0,15.0,True,False
96,short,Short1,1,favorable_pct,0.5,True,22.0,345.0,True,False
96,short,Short1,1,favorable_pct,1.0,False,,,True,False
96,short,Short1,1,favorable_pct,2.0,False,,,True,False
96,short,Short1,1,favorable_pct,3.0,False,,,True,False
97,short,Short1,1,adverse_pct,0.25,True,16.0,255.0,False,True
97,short,Short1,1,adverse_pct,0.5,True,17.0,270.0,False,True
97,short,Short1,1,adverse_pct,1.0,True,19.0,300.0,False,True
97,short,Short1,1,adverse_pct,2.0,True,20.0,315.0,False,True
97,short,Short1,1,adverse_pct,3.0,False,,,False,True
97,short,Short1,1,favorable_pct,0.25,False,,,False,True
97,short,Short1,1,favorable_pct,0.5,False,,,False,True
97,short,Short1,1,favorable_pct,1.0,False,,,False,True
97,short,Short1,1,favorable_pct,2.0,False,,,False,True
97,short,Short1,1,favorable_pct,3.0,False,,,False,True
98,short,Short1,1,adverse_pct,0.25,False,,,True,False
98,short,Short1,1,adverse_pct,0.5,False,,,True,False
98,short,Short1,1,adverse_pct,1.0,False,,,True,False
98,short,Short1,1,adverse_pct,2.0,False,,,True,False
98,short,Short1,1,adverse_pct,3.0,False,,,True,False
98,short,Short1,1,favorable_pct,0.25,True,0.0,15.0,True,False
98,short,Short1,1,favorable_pct,0.5,True,0.0,15.0,True,False
98,short,Short1,1,favorable_pct,1.0,False,,,True,False
98,short,Short1,1,favorable_pct,2.0,False,,,True,False
98,short,Short1,1,favorable_pct,3.0,False,,,True,False
99,short,Short1,1,adverse_pct,0.25,True,1.0,30.0,True,False
99,short,Short1,1,adverse_pct,0.5,True,1.0,30.0,True,False
99,short,Short1,1,adverse_pct,1.0,True,1.0,30.0,True,False
99,short,Short1,1,adverse_pct,2.0,True,14.0,225.0,True,False
99,short,Short1,1,adverse_pct,3.0,False,,,True,False
99,short,Short1,1,favorable_pct,0.25,True,0.0,15.0,True,False
99,short,Short1,1,favorable_pct,0.5,True,66.0,1005.0,True,False
99,short,Short1,1,favorable_pct,1.0,True,91.0,1380.0,True,False
99,short,Short1,1,favorable_pct,2.0,True,94.0,1425.0,True,False
99,short,Short1,1,favorable_pct,3.0,True,120.0,1815.0,True,False
100,short,Short2,2,adverse_pct,0.25,True,1.0,30.0,True,False
100,short,Short2,2,adverse_pct,0.5,True,1.0,30.0,True,False
100,short,Short2,2,adverse_pct,1.0,True,1.0,30.0,True,False
100,short,Short2,2,adverse_pct,2.0,True,14.0,225.0,True,False
100,short,Short2,2,adverse_pct,3.0,False,,,True,False
100,short,Short2,2,favorable_pct,0.25,True,0.0,15.0,True,False
100,short,Short2,2,favorable_pct,0.5,True,66.0,1005.0,True,False
100,short,Short2,2,favorable_pct,1.0,True,91.0,1380.0,True,False
100,short,Short2,2,favorable_pct,2.0,True,94.0,1425.0,True,False
100,short,Short2,2,favorable_pct,3.0,True,120.0,1815.0,True,False
101,short,Short3,3,adverse_pct,0.25,True,1.0,30.0,True,False
101,short,Short3,3,adverse_pct,0.5,True,1.0,30.0,True,False
101,short,Short3,3,adverse_pct,1.0,False,,,True,False
101,short,Short3,3,adverse_pct,2.0,False,,,True,False
101,short,Short3,3,adverse_pct,3.0,False,,,True,False
101,short,Short3,3,favorable_pct,0.25,True,5.0,90.0,True,False
101,short,Short3,3,favorable_pct,0.5,True,7.0,120.0,True,False
101,short,Short3,3,favorable_pct,1.0,True,9.0,150.0,True,False
101,short,Short3,3,favorable_pct,2.0,True,53.0,810.0,True,False
101,short,Short3,3,favorable_pct,3.0,True,80.0,1215.0,True,False
102,long,Long1,1,adverse_pct,0.25,True,0.0,15.0,False,True
102,long,Long1,1,adverse_pct,0.5,True,0.0,15.0,False,True
102,long,Long1,1,adverse_pct,1.0,False,,,False,True
102,long,Long1,1,adverse_pct,2.0,False,,,False,True
102,long,Long1,1,adverse_pct,3.0,False,,,False,True
102,long,Long1,1,favorable_pct,0.25,True,3.0,60.0,False,True
102,long,Long1,1,favorable_pct,0.5,True,4.0,75.0,False,True
102,long,Long1,1,favorable_pct,1.0,True,5.0,90.0,False,True
102,long,Long1,1,favorable_pct,2.0,True,15.0,240.0,False,True
102,long,Long1,1,favorable_pct,3.0,True,27.0,420.0,False,True
103,long,Long2,2,adverse_pct,0.25,True,0.0,15.0,True,False
103,long,Long2,2,adverse_pct,0.5,True,14.0,225.0,True,False
103,long,Long2,2,adverse_pct,1.0,True,16.0,255.0,True,False
103,long,Long2,2,adverse_pct,2.0,False,,,True,False
103,long,Long2,2,adverse_pct,3.0,False,,,True,False
103,long,Long2,2,favorable_pct,0.25,True,2.0,45.0,True,False
103,long,Long2,2,favorable_pct,0.5,True,3.0,60.0,True,False
103,long,Long2,2,favorable_pct,1.0,True,28.0,435.0,True,False
103,long,Long2,2,favorable_pct,2.0,False,,,True,False
103,long,Long2,2,favorable_pct,3.0,False,,,True,False
104,long,Long1,1,adverse_pct,0.25,True,1.0,30.0,False,True
104,long,Long1,1,adverse_pct,0.5,True,2.0,45.0,False,True
104,long,Long1,1,adverse_pct,1.0,True,3.0,60.0,False,True
104,long,Long1,1,adverse_pct,2.0,True,3.0,60.0,False,True
104,long,Long1,1,adverse_pct,3.0,True,3.0,60.0,False,True
104,long,Long1,1,favorable_pct,0.25,True,0.0,15.0,False,True
104,long,Long1,1,favorable_pct,0.5,True,0.0,15.0,False,True
104,long,Long1,1,favorable_pct,1.0,False,,,False,True
104,long,Long1,1,favorable_pct,2.0,False,,,False,True
104,long,Long1,1,favorable_pct,3.0,False,,,False,True
105,short,TrendShort,0,adverse_pct,0.25,True,0.0,15.0,False,True
105,short,TrendShort,0,adverse_pct,0.5,True,0.0,15.0,False,True
105,short,TrendShort,0,adverse_pct,1.0,True,0.0,15.0,False,True
105,short,TrendShort,0,adverse_pct,2.0,False,,,False,True
105,short,TrendShort,0,adverse_pct,3.0,False,,,False,True
105,short,TrendShort,0,favorable_pct,0.25,False,,,False,True
105,short,TrendShort,0,favorable_pct,0.5,False,,,False,True
105,short,TrendShort,0,favorable_pct,1.0,False,,,False,True
105,short,TrendShort,0,favorable_pct,2.0,False,,,False,True
105,short,TrendShort,0,favorable_pct,3.0,False,,,False,True
106,long,RevLong,0,adverse_pct,0.25,True,0.0,15.0,True,False
106,long,RevLong,0,adverse_pct,0.5,True,0.0,15.0,True,False
106,long,RevLong,0,adverse_pct,1.0,True,0.0,15.0,True,False
106,long,RevLong,0,adverse_pct,2.0,False,,,True,False
106,long,RevLong,0,adverse_pct,3.0,False,,,True,False
106,long,RevLong,0,favorable_pct,0.25,True,1.0,30.0,True,False
106,long,RevLong,0,favorable_pct,0.5,True,4.0,75.0,True,False
106,long,RevLong,0,favorable_pct,1.0,True,7.0,120.0,True,False
106,long,RevLong,0,favorable_pct,2.0,True,7.0,120.0,True,False
106,long,RevLong,0,favorable_pct,3.0,True,7.0,120.0,True,False
107,long,Long2,2,adverse_pct,0.25,True,3.0,60.0,True,False
107,long,Long2,2,adverse_pct,0.5,True,7.0,120.0,True,False
107,long,Long2,2,adverse_pct,1.0,False,,,True,False
107,long,Long2,2,adverse_pct,2.0,False,,,True,False
107,long,Long2,2,adverse_pct,3.0,False,,,True,False
107,long,Long2,2,favorable_pct,0.25,True,0.0,15.0,True,False
107,long,Long2,2,favorable_pct,0.5,True,0.0,15.0,True,False
107,long,Long2,2,favorable_pct,1.0,False,,,True,False
107,long,Long2,2,favorable_pct,2.0,False,,,True,False
107,long,Long2,2,favorable_pct,3.0,False,,,True,False
108,long,Long1,1,adverse_pct,0.25,True,0.0,15.0,False,True
108,long,Long1,1,adverse_pct,0.5,True,4.0,75.0,False,True
108,long,Long1,1,adverse_pct,1.0,True,8.0,135.0,False,True
108,long,Long1,1,adverse_pct,2.0,True,12.0,195.0,False,True
108,long,Long1,1,adverse_pct,3.0,True,15.0,240.0,False,True
108,long,Long1,1,favorable_pct,0.25,True,0.0,15.0,False,True
108,long,Long1,1,favorable_pct,0.5,True,3.0,60.0,False,True
108,long,Long1,1,favorable_pct,1.0,False,,,False,True
108,long,Long1,1,favorable_pct,2.0,False,,,False,True
108,long,Long1,1,favorable_pct,3.0,False,,,False,True
109,long,Long1,1,adverse_pct,0.25,True,0.0,15.0,False,True
109,long,Long1,1,adverse_pct,0.5,True,88.0,1335.0,False,True
109,long,Long1,1,adverse_pct,1.0,True,88.0,1335.0,False,True
109,long,Long1,1,adverse_pct,2.0,False,,,False,True
109,long,Long1,1,adverse_pct,3.0,False,,,False,True
109,long,Long1,1,favorable_pct,0.25,True,0.0,15.0,False,True
109,long,Long1,1,favorable_pct,0.5,True,2.0,45.0,False,True
109,long,Long1,1,favorable_pct,1.0,True,2.0,45.0,False,True
109,long,Long1,1,favorable_pct,2.0,True,4.0,75.0,False,True
109,long,Long1,1,favorable_pct,3.0,True,21.0,330.0,False,True
110,long,Long2,2,adverse_pct,0.25,True,0.0,15.0,False,True
110,long,Long2,2,adverse_pct,0.5,True,88.0,1335.0,False,True
110,long,Long2,2,adverse_pct,1.0,True,88.0,1335.0,False,True
110,long,Long2,2,adverse_pct,2.0,False,,,False,True
110,long,Long2,2,adverse_pct,3.0,False,,,False,True
110,long,Long2,2,favorable_pct,0.25,True,0.0,15.0,False,True
110,long,Long2,2,favorable_pct,0.5,True,2.0,45.0,False,True
110,long,Long2,2,favorable_pct,1.0,True,2.0,45.0,False,True
110,long,Long2,2,favorable_pct,2.0,True,4.0,75.0,False,True
110,long,Long2,2,favorable_pct,3.0,True,21.0,330.0,False,True
111,long,Long1,1,adverse_pct,0.25,True,0.0,15.0,True,False
111,long,Long1,1,adverse_pct,0.5,False,,,True,False
111,long,Long1,1,adverse_pct,1.0,False,,,True,False
111,long,Long1,1,adverse_pct,2.0,False,,,True,False
111,long,Long1,1,adverse_pct,3.0,False,,,True,False
111,long,Long1,1,favorable_pct,0.25,True,1.0,30.0,True,False
111,long,Long1,1,favorable_pct,0.5,True,1.0,30.0,True,False
111,long,Long1,1,favorable_pct,1.0,True,2.0,45.0,True,False
111,long,Long1,1,favorable_pct,2.0,False,,,True,False
111,long,Long1,1,favorable_pct,3.0,False,,,True,False
112,long,Long1,1,adverse_pct,0.25,True,0.0,15.0,True,False
112,long,Long1,1,adverse_pct,0.5,False,,,True,False
112,long,Long1,1,adverse_pct,1.0,False,,,True,False
112,long,Long1,1,adverse_pct,2.0,False,,,True,False
112,long,Long1,1,adverse_pct,3.0,False,,,True,False
112,long,Long1,1,favorable_pct,0.25,True,0.0,15.0,True,False
112,long,Long1,1,favorable_pct,0.5,True,0.0,15.0,True,False
112,long,Long1,1,favorable_pct,1.0,True,0.0,15.0,True,False
112,long,Long1,1,favorable_pct,2.0,True,1.0,30.0,True,False
112,long,Long1,1,favorable_pct,3.0,True,2.0,45.0,True,False
113,long,Long2,2,adverse_pct,0.25,True,0.0,15.0,True,False
113,long,Long2,2,adverse_pct,0.5,False,,,True,False
113,long,Long2,2,adverse_pct,1.0,False,,,True,False
113,long,Long2,2,adverse_pct,2.0,False,,,True,False
113,long,Long2,2,adverse_pct,3.0,False,,,True,False
113,long,Long2,2,favorable_pct,0.25,True,0.0,15.0,True,False
113,long,Long2,2,favorable_pct,0.5,True,0.0,15.0,True,False
113,long,Long2,2,favorable_pct,1.0,True,0.0,15.0,True,False
113,long,Long2,2,favorable_pct,2.0,True,1.0,30.0,True,False
113,long,Long2,2,favorable_pct,3.0,True,2.0,45.0,True,False
114,short,Short1,1,adverse_pct,0.25,True,0.0,15.0,False,True
114,short,Short1,1,adverse_pct,0.5,True,3.0,60.0,False,True
114,short,Short1,1,adverse_pct,1.0,True,4.0,75.0,False,True
114,short,Short1,1,adverse_pct,2.0,False,,,False,True
114,short,Short1,1,adverse_pct,3.0,False,,,False,True
114,short,Short1,1,favorable_pct,0.25,True,95.0,1440.0,False,True
114,short,Short1,1,favorable_pct,0.5,False,,,False,True
114,short,Short1,1,favorable_pct,1.0,False,,,False,True
114,short,Short1,1,favorable_pct,2.0,False,,,False,True
114,short,Short1,1,favorable_pct,3.0,False,,,False,True
115,short,Short1,1,adverse_pct,0.25,True,0.0,15.0,False,True
115,short,Short1,1,adverse_pct,0.5,True,4.0,75.0,False,True
115,short,Short1,1,adverse_pct,1.0,True,5.0,90.0,False,True
115,short,Short1,1,adverse_pct,2.0,True,74.0,1125.0,False,True
115,short,Short1,1,adverse_pct,3.0,False,,,False,True
115,short,Short1,1,favorable_pct,0.25,False,,,False,True
115,short,Short1,1,favorable_pct,0.5,False,,,False,True
115,short,Short1,1,favorable_pct,1.0,False,,,False,True
115,short,Short1,1,favorable_pct,2.0,False,,,False,True
115,short,Short1,1,favorable_pct,3.0,False,,,False,True
116,short,Short1,1,adverse_pct,0.25,True,0.0,15.0,True,False
116,short,Short1,1,adverse_pct,0.5,True,0.0,15.0,True,False
116,short,Short1,1,adverse_pct,1.0,False,,,True,False
116,short,Short1,1,adverse_pct,2.0,False,,,True,False
116,short,Short1,1,adverse_pct,3.0,False,,,True,False
116,short,Short1,1,favorable_pct,0.25,True,3.0,60.0,True,False
116,short,Short1,1,favorable_pct,0.5,True,4.0,75.0,True,False
116,short,Short1,1,favorable_pct,1.0,True,23.0,360.0,True,False
116,short,Short1,1,favorable_pct,2.0,False,,,True,False
116,short,Short1,1,favorable_pct,3.0,False,,,True,False
117,short,Short1,1,adverse_pct,0.25,False,,,True,False
117,short,Short1,1,adverse_pct,0.5,False,,,True,False
117,short,Short1,1,adverse_pct,1.0,False,,,True,False
117,short,Short1,1,adverse_pct,2.0,False,,,True,False
117,short,Short1,1,adverse_pct,3.0,False,,,True,False
117,short,Short1,1,favorable_pct,0.25,True,0.0,15.0,True,False
117,short,Short1,1,favorable_pct,0.5,True,3.0,60.0,True,False
117,short,Short1,1,favorable_pct,1.0,True,19.0,300.0,True,False
117,short,Short1,1,favorable_pct,2.0,True,36.0,555.0,True,False
117,short,Short1,1,favorable_pct,3.0,True,37.0,570.0,True,False
118,long,Long1,1,adverse_pct,0.25,True,2.0,45.0,True,False
118,long,Long1,1,adverse_pct,0.5,True,3.0,60.0,True,False
118,long,Long1,1,adverse_pct,1.0,False,,,True,False
118,long,Long1,1,adverse_pct,2.0,False,,,True,False
118,long,Long1,1,adverse_pct,3.0,False,,,True,False
118,long,Long1,1,favorable_pct,0.25,True,0.0,15.0,True,False
118,long,Long1,1,favorable_pct,0.5,True,21.0,330.0,True,False
118,long,Long1,1,favorable_pct,1.0,False,,,True,False
118,long,Long1,1,favorable_pct,2.0,False,,,True,False
118,long,Long1,1,favorable_pct,3.0,False,,,True,False
119,long,Long1,1,adverse_pct,0.25,True,8.0,135.0,False,True
119,long,Long1,1,adverse_pct,0.5,False,,,False,True
119,long,Long1,1,adverse_pct,1.0,False,,,False,True
119,long,Long1,1,adverse_pct,2.0,False,,,False,True
119,long,Long1,1,adverse_pct,3.0,False,,,False,True
119,long,Long1,1,favorable_pct,0.25,True,1.0,30.0,False,True
119,long,Long1,1,favorable_pct,0.5,True,2.0,45.0,False,True
119,long,Long1,1,favorable_pct,1.0,True,7.0,120.0,False,True
119,long,Long1,1,favorable_pct,2.0,False,,,False,True
119,long,Long1,1,favorable_pct,3.0,False,,,False,True
120,long,Long1,1,adverse_pct,0.25,False,,,True,False
120,long,Long1,1,adverse_pct,0.5,False,,,True,False
120,long,Long1,1,adverse_pct,1.0,False,,,True,False
120,long,Long1,1,adverse_pct,2.0,False,,,True,False
120,long,Long1,1,adverse_pct,3.0,False,,,True,False
120,long,Long1,1,favorable_pct,0.25,True,0.0,15.0,True,False
120,long,Long1,1,favorable_pct,0.5,True,0.0,15.0,True,False
120,long,Long1,1,favorable_pct,1.0,False,,,True,False
120,long,Long1,1,favorable_pct,2.0,False,,,True,False
120,long,Long1,1,favorable_pct,3.0,False,,,True,False
121,long,Long1,1,adverse_pct,0.25,True,1.0,30.0,True,False
121,long,Long1,1,adverse_pct,0.5,False,,,True,False
121,long,Long1,1,adverse_pct,1.0,False,,,True,False
121,long,Long1,1,adverse_pct,2.0,False,,,True,False
121,long,Long1,1,adverse_pct,3.0,False,,,True,False
121,long,Long1,1,favorable_pct,0.25,True,2.0,45.0,True,False
121,long,Long1,1,favorable_pct,0.5,True,7.0,120.0,True,False
121,long,Long1,1,favorable_pct,1.0,False,,,True,False
121,long,Long1,1,favorable_pct,2.0,False,,,True,False
121,long,Long1,1,favorable_pct,3.0,False,,,True,False
122,long,Long1,1,adverse_pct,0.25,True,0.0,15.0,True,False
122,long,Long1,1,adverse_pct,0.5,True,1.0,30.0,True,False
122,long,Long1,1,adverse_pct,1.0,True,1.0,30.0,True,False
122,long,Long1,1,adverse_pct,2.0,False,,,True,False
122,long,Long1,1,adverse_pct,3.0,False,,,True,False
122,long,Long1,1,favorable_pct,0.25,True,52.0,795.0,True,False
122,long,Long1,1,favorable_pct,0.5,True,67.0,1020.0,True,False
122,long,Long1,1,favorable_pct,1.0,True,103.0,1560.0,True,False
122,long,Long1,1,favorable_pct,2.0,False,,,True,False
122,long,Long1,1,favorable_pct,3.0,False,,,True,False
123,long,Long1,1,adverse_pct,0.25,True,0.0,15.0,True,False
123,long,Long1,1,adverse_pct,0.5,True,1.0,30.0,True,False
123,long,Long1,1,adverse_pct,1.0,True,13.0,210.0,True,False
123,long,Long1,1,adverse_pct,2.0,False,,,True,False
123,long,Long1,1,adverse_pct,3.0,False,,,True,False
123,long,Long1,1,favorable_pct,0.25,True,43.0,660.0,True,False
123,long,Long1,1,favorable_pct,0.5,True,44.0,675.0,True,False
123,long,Long1,1,favorable_pct,1.0,False,,,True,False
123,long,Long1,1,favorable_pct,2.0,False,,,True,False
123,long,Long1,1,favorable_pct,3.0,False,,,True,False
124,short,Short1,1,adverse_pct,0.25,False,,,True,False
124,short,Short1,1,adverse_pct,0.5,False,,,True,False
124,short,Short1,1,adverse_pct,1.0,False,,,True,False
124,short,Short1,1,adverse_pct,2.0,False,,,True,False
124,short,Short1,1,adverse_pct,3.0,False,,,True,False
124,short,Short1,1,favorable_pct,0.25,True,0.0,15.0,True,False
124,short,Short1,1,favorable_pct,0.5,True,1.0,30.0,True,False
124,short,Short1,1,favorable_pct,1.0,True,2.0,45.0,True,False
124,short,Short1,1,favorable_pct,2.0,True,3.0,60.0,True,False
124,short,Short1,1,favorable_pct,3.0,True,29.0,450.0,True,False
125,long,Long2,2,adverse_pct,0.25,True,1.0,30.0,True,False
125,long,Long2,2,adverse_pct,0.5,True,8.0,135.0,True,False
125,long,Long2,2,adverse_pct,1.0,True,10.0,165.0,True,False
125,long,Long2,2,adverse_pct,2.0,False,,,True,False
125,long,Long2,2,adverse_pct,3.0,False,,,True,False
125,long,Long2,2,favorable_pct,0.25,True,0.0,15.0,True,False
125,long,Long2,2,favorable_pct,0.5,True,22.0,345.0,True,False
125,long,Long2,2,favorable_pct,1.0,True,23.0,360.0,True,False
125,long,Long2,2,favorable_pct,2.0,False,,,True,False
125,long,Long2,2,favorable_pct,3.0,False,,,True,False
126,long,Long1,1,adverse_pct,0.25,True,0.0,15.0,False,True
126,long,Long1,1,adverse_pct,0.5,True,5.0,90.0,False,True
126,long,Long1,1,adverse_pct,1.0,True,6.0,105.0,False,True
126,long,Long1,1,adverse_pct,2.0,True,25.0,390.0,False,True
126,long,Long1,1,adverse_pct,3.0,True,29.0,450.0,False,True
126,long,Long1,1,favorable_pct,0.25,True,9.0,150.0,False,True
126,long,Long1,1,favorable_pct,0.5,False,,,False,True
126,long,Long1,1,favorable_pct,1.0,False,,,False,True
126,long,Long1,1,favorable_pct,2.0,False,,,False,True
126,long,Long1,1,favorable_pct,3.0,False,,,False,True
127,short,TrendShort,0,adverse_pct,0.25,False,,,True,False
127,short,TrendShort,0,adverse_pct,0.5,False,,,True,False
127,short,TrendShort,0,adverse_pct,1.0,False,,,True,False
127,short,TrendShort,0,adverse_pct,2.0,False,,,True,False
127,short,TrendShort,0,adverse_pct,3.0,False,,,True,False
127,short,TrendShort,0,favorable_pct,0.25,True,0.0,15.0,True,False
127,short,TrendShort,0,favorable_pct,0.5,True,0.0,15.0,True,False
127,short,TrendShort,0,favorable_pct,1.0,False,,,True,False
127,short,TrendShort,0,favorable_pct,2.0,False,,,True,False
127,short,TrendShort,0,favorable_pct,3.0,False,,,True,False
128,long,RevLong,0,adverse_pct,0.25,True,0.0,15.0,True,False
128,long,RevLong,0,adverse_pct,0.5,True,0.0,15.0,True,False
128,long,RevLong,0,adverse_pct,1.0,True,0.0,15.0,True,False
128,long,RevLong,0,adverse_pct,2.0,False,,,True,False
128,long,RevLong,0,adverse_pct,3.0,False,,,True,False
128,long,RevLong,0,favorable_pct,0.25,True,3.0,60.0,True,False
128,long,RevLong,0,favorable_pct,0.5,True,3.0,60.0,True,False
128,long,RevLong,0,favorable_pct,1.0,True,15.0,240.0,True,False
128,long,RevLong,0,favorable_pct,2.0,True,41.0,630.0,True,False
128,long,RevLong,0,favorable_pct,3.0,True,42.0,645.0,True,False
129,short,Short1,1,adverse_pct,0.25,True,0.0,15.0,False,True
129,short,Short1,1,adverse_pct,0.5,True,8.0,135.0,False,True
129,short,Short1,1,adverse_pct,1.0,True,24.0,375.0,False,True
129,short,Short1,1,adverse_pct,2.0,True,24.0,375.0,False,True
129,short,Short1,1,adverse_pct,3.0,False,,,False,True
129,short,Short1,1,favorable_pct,0.25,True,0.0,15.0,False,True
129,short,Short1,1,favorable_pct,0.5,False,,,False,True
129,short,Short1,1,favorable_pct,1.0,False,,,False,True
129,short,Short1,1,favorable_pct,2.0,False,,,False,True
129,short,Short1,1,favorable_pct,3.0,False,,,False,True
130,short,Short2,2,adverse_pct,0.25,True,0.0,15.0,False,True
130,short,Short2,2,adverse_pct,0.5,True,8.0,135.0,False,True
130,short,Short2,2,adverse_pct,1.0,True,24.0,375.0,False,True
130,short,Short2,2,adverse_pct,2.0,True,24.0,375.0,False,True
130,short,Short2,2,adverse_pct,3.0,False,,,False,True
130,short,Short2,2,favorable_pct,0.25,True,0.0,15.0,False,True
130,short,Short2,2,favorable_pct,0.5,False,,,False,True
130,short,Short2,2,favorable_pct,1.0,False,,,False,True
130,short,Short2,2,favorable_pct,2.0,False,,,False,True
130,short,Short2,2,favorable_pct,3.0,False,,,False,True
131,short,Short1,1,adverse_pct,0.25,False,,,False,True
131,short,Short1,1,adverse_pct,0.5,False,,,False,True
131,short,Short1,1,adverse_pct,1.0,False,,,False,True
131,short,Short1,1,adverse_pct,2.0,False,,,False,True
131,short,Short1,1,adverse_pct,3.0,False,,,False,True
131,short,Short1,1,favorable_pct,0.25,False,,,False,True
131,short,Short1,1,favorable_pct,0.5,False,,,False,True
131,short,Short1,1,favorable_pct,1.0,False,,,False,True
131,short,Short1,1,favorable_pct,2.0,False,,,False,True
131,short,Short1,1,favorable_pct,3.0,False,,,False,True
132,long,TrendLong,0,adverse_pct,0.25,True,2.0,45.0,False,True
132,long,TrendLong,0,adverse_pct,0.5,True,2.0,45.0,False,True
132,long,TrendLong,0,adverse_pct,1.0,True,9.0,150.0,False,True
132,long,TrendLong,0,adverse_pct,2.0,True,57.0,870.0,False,True
132,long,TrendLong,0,adverse_pct,3.0,False,,,False,True
132,long,TrendLong,0,favorable_pct,0.25,True,0.0,15.0,False,True
132,long,TrendLong,0,favorable_pct,0.5,False,,,False,True
132,long,TrendLong,0,favorable_pct,1.0,False,,,False,True
132,long,TrendLong,0,favorable_pct,2.0,False,,,False,True
132,long,TrendLong,0,favorable_pct,3.0,False,,,False,True
133,short,Short1,1,adverse_pct,0.25,True,5.0,90.0,False,True
133,short,Short1,1,adverse_pct,0.5,True,5.0,90.0,False,True
133,short,Short1,1,adverse_pct,1.0,True,14.0,225.0,False,True
133,short,Short1,1,adverse_pct,2.0,True,81.0,1230.0,False,True
133,short,Short1,1,adverse_pct,3.0,False,,,False,True
133,short,Short1,1,favorable_pct,0.25,True,1.0,30.0,False,True
133,short,Short1,1,favorable_pct,0.5,False,,,False,True
133,short,Short1,1,favorable_pct,1.0,False,,,False,True
133,short,Short1,1,favorable_pct,2.0,False,,,False,True
133,short,Short1,1,favorable_pct,3.0,False,,,False,True
134,short,Short2,2,adverse_pct,0.25,True,5.0,90.0,False,True
134,short,Short2,2,adverse_pct,0.5,True,5.0,90.0,False,True
134,short,Short2,2,adverse_pct,1.0,True,14.0,225.0,False,True
134,short,Short2,2,adverse_pct,2.0,True,81.0,1230.0,False,True
134,short,Short2,2,adverse_pct,3.0,False,,,False,True
134,short,Short2,2,favorable_pct,0.25,True,1.0,30.0,False,True
134,short,Short2,2,favorable_pct,0.5,False,,,False,True
134,short,Short2,2,favorable_pct,1.0,False,,,False,True
134,short,Short2,2,favorable_pct,2.0,False,,,False,True
134,short,Short2,2,favorable_pct,3.0,False,,,False,True
135,long,Long1,1,adverse_pct,0.25,True,0.0,15.0,True,False
135,long,Long1,1,adverse_pct,0.5,True,3.0,60.0,True,False
135,long,Long1,1,adverse_pct,1.0,False,,,True,False
135,long,Long1,1,adverse_pct,2.0,False,,,True,False
135,long,Long1,1,adverse_pct,3.0,False,,,True,False
135,long,Long1,1,favorable_pct,0.25,True,3.0,60.0,True,False
135,long,Long1,1,favorable_pct,0.5,True,10.0,165.0,True,False
135,long,Long1,1,favorable_pct,1.0,False,,,True,False
135,long,Long1,1,favorable_pct,2.0,False,,,True,False
135,long,Long1,1,favorable_pct,3.0,False,,,True,False
136,long,Long1,1,adverse_pct,0.25,True,1.0,30.0,True,False
136,long,Long1,1,adverse_pct,0.5,True,2.0,45.0,True,False
136,long,Long1,1,adverse_pct,1.0,True,6.0,105.0,True,False
136,long,Long1,1,adverse_pct,2.0,False,,,True,False
136,long,Long1,1,adverse_pct,3.0,False,,,True,False
136,long,Long1,1,favorable_pct,0.25,True,22.0,345.0,True,False
136,long,Long1,1,favorable_pct,0.5,True,70.0,1065.0,True,False
136,long,Long1,1,favorable_pct,1.0,True,71.0,1080.0,True,False
136,long,Long1,1,favorable_pct,2.0,True,100.0,1515.0,True,False
136,long,Long1,1,favorable_pct,3.0,False,,,True,False
137,long,Long1,1,adverse_pct,0.25,True,0.0,15.0,False,True
137,long,Long1,1,adverse_pct,0.5,True,0.0,15.0,False,True
137,long,Long1,1,adverse_pct,1.0,True,2.0,45.0,False,True
137,long,Long1,1,adverse_pct,2.0,False,,,False,True
137,long,Long1,1,adverse_pct,3.0,False,,,False,True
137,long,Long1,1,favorable_pct,0.25,True,95.0,1440.0,False,True
137,long,Long1,1,favorable_pct,0.5,True,95.0,1440.0,False,True
137,long,Long1,1,favorable_pct,1.0,False,,,False,True
137,long,Long1,1,favorable_pct,2.0,False,,,False,True
137,long,Long1,1,favorable_pct,3.0,False,,,False,True
138,short,Short1,1,adverse_pct,0.25,True,0.0,15.0,True,False
138,short,Short1,1,adverse_pct,0.5,True,1.0,30.0,True,False
138,short,Short1,1,adverse_pct,1.0,True,29.0,450.0,True,False
138,short,Short1,1,adverse_pct,2.0,False,,,True,False
138,short,Short1,1,adverse_pct,3.0,False,,,True,False
138,short,Short1,1,favorable_pct,0.25,True,6.0,105.0,True,False
138,short,Short1,1,favorable_pct,0.5,True,6.0,105.0,True,False
138,short,Short1,1,favorable_pct,1.0,True,84.0,1275.0,True,False
138,short,Short1,1,favorable_pct,2.0,True,85.0,1290.0,True,False
138,short,Short1,1,favorable_pct,3.0,False,,,True,False
139,short,Short1,1,adverse_pct,0.25,True,0.0,15.0,False,True
139,short,Short1,1,adverse_pct,0.5,True,0.0,15.0,False,True
139,short,Short1,1,adverse_pct,1.0,True,1.0,30.0,False,True
139,short,Short1,1,adverse_pct,2.0,True,8.0,135.0,False,True
139,short,Short1,1,adverse_pct,3.0,True,22.0,345.0,False,True
139,short,Short1,1,favorable_pct,0.25,False,,,False,True
139,short,Short1,1,favorable_pct,0.5,False,,,False,True
139,short,Short1,1,favorable_pct,1.0,False,,,False,True
139,short,Short1,1,favorable_pct,2.0,False,,,False,True
139,short,Short1,1,favorable_pct,3.0,False,,,False,True
140,short,Short2,2,adverse_pct,0.25,True,1.0,30.0,False,True
140,short,Short2,2,adverse_pct,0.5,True,6.0,105.0,False,True
140,short,Short2,2,adverse_pct,1.0,True,8.0,135.0,False,True
140,short,Short2,2,adverse_pct,2.0,True,12.0,195.0,False,True
140,short,Short2,2,adverse_pct,3.0,False,,,False,True
140,short,Short2,2,favorable_pct,0.25,False,,,False,True
140,short,Short2,2,favorable_pct,0.5,False,,,False,True
140,short,Short2,2,favorable_pct,1.0,False,,,False,True
140,short,Short2,2,favorable_pct,2.0,False,,,False,True
140,short,Short2,2,favorable_pct,3.0,False,,,False,True
141,short,Short1,1,adverse_pct,0.25,True,1.0,30.0,False,True
141,short,Short1,1,adverse_pct,0.5,False,,,False,True
141,short,Short1,1,adverse_pct,1.0,False,,,False,True
141,short,Short1,1,adverse_pct,2.0,False,,,False,True
141,short,Short1,1,adverse_pct,3.0,False,,,False,True
141,short,Short1,1,favorable_pct,0.25,False,,,False,True
141,short,Short1,1,favorable_pct,0.5,False,,,False,True
141,short,Short1,1,favorable_pct,1.0,False,,,False,True
141,short,Short1,1,favorable_pct,2.0,False,,,False,True
141,short,Short1,1,favorable_pct,3.0,False,,,False,True
142,short,Short1,1,adverse_pct,0.25,True,0.0,15.0,True,False
142,short,Short1,1,adverse_pct,0.5,True,15.0,240.0,True,False
142,short,Short1,1,adverse_pct,1.0,False,,,True,False
142,short,Short1,1,adverse_pct,2.0,False,,,True,False
142,short,Short1,1,adverse_pct,3.0,False,,,True,False
142,short,Short1,1,favorable_pct,0.25,True,18.0,285.0,True,False
142,short,Short1,1,favorable_pct,0.5,True,20.0,315.0,True,False
142,short,Short1,1,favorable_pct,1.0,True,28.0,435.0,True,False
142,short,Short1,1,favorable_pct,2.0,True,37.0,570.0,True,False
142,short,Short1,1,favorable_pct,3.0,False,,,True,False
143,short,Short2,2,adverse_pct,0.25,False,,,True,False
143,short,Short2,2,adverse_pct,0.5,False,,,True,False
143,short,Short2,2,adverse_pct,1.0,False,,,True,False
143,short,Short2,2,adverse_pct,2.0,False,,,True,False
143,short,Short2,2,adverse_pct,3.0,False,,,True,False
143,short,Short2,2,favorable_pct,0.25,True,4.0,75.0,True,False
143,short,Short2,2,favorable_pct,0.5,True,5.0,90.0,True,False
143,short,Short2,2,favorable_pct,1.0,True,9.0,150.0,True,False
143,short,Short2,2,favorable_pct,2.0,False,,,True,False
143,short,Short2,2,favorable_pct,3.0,False,,,True,False
144,short,Short1,1,adverse_pct,0.25,True,1.0,30.0,False,True
144,short,Short1,1,adverse_pct,0.5,True,18.0,285.0,False,True
144,short,Short1,1,adverse_pct,1.0,True,19.0,300.0,False,True
144,short,Short1,1,adverse_pct,2.0,False,,,False,True
144,short,Short1,1,adverse_pct,3.0,False,,,False,True
144,short,Short1,1,favorable_pct,0.25,True,13.0,210.0,False,True
144,short,Short1,1,favorable_pct,0.5,True,13.0,210.0,False,True
144,short,Short1,1,favorable_pct,1.0,False,,,False,True
144,short,Short1,1,favorable_pct,2.0,False,,,False,True
144,short,Short1,1,favorable_pct,3.0,False,,,False,True
145,short,Short1,1,adverse_pct,0.25,False,,,True,False
145,short,Short1,1,adverse_pct,0.5,False,,,True,False
145,short,Short1,1,adverse_pct,1.0,False,,,True,False
145,short,Short1,1,adverse_pct,2.0,False,,,True,False
145,short,Short1,1,adverse_pct,3.0,False,,,True,False
145,short,Short1,1,favorable_pct,0.25,True,2.0,45.0,True,False
145,short,Short1,1,favorable_pct,0.5,True,5.0,90.0,True,False
145,short,Short1,1,favorable_pct,1.0,False,,,True,False
145,short,Short1,1,favorable_pct,2.0,False,,,True,False
145,short,Short1,1,favorable_pct,3.0,False,,,True,False
146,short,Short2,2,adverse_pct,0.25,True,1.0,30.0,True,False
146,short,Short2,2,adverse_pct,0.5,False,,,True,False
146,short,Short2,2,adverse_pct,1.0,False,,,True,False
146,short,Short2,2,adverse_pct,2.0,False,,,True,False
146,short,Short2,2,adverse_pct,3.0,False,,,True,False
146,short,Short2,2,favorable_pct,0.25,True,1.0,30.0,True,False
146,short,Short2,2,favorable_pct,0.5,True,2.0,45.0,True,False
146,short,Short2,2,favorable_pct,1.0,False,,,True,False
146,short,Short2,2,favorable_pct,2.0,False,,,True,False
146,short,Short2,2,favorable_pct,3.0,False,,,True,False
147,short,Short1,1,adverse_pct,0.25,True,0.0,15.0,False,True
147,short,Short1,1,adverse_pct,0.5,True,1.0,30.0,False,True
147,short,Short1,1,adverse_pct,1.0,True,9.0,150.0,False,True
147,short,Short1,1,adverse_pct,2.0,True,10.0,165.0,False,True
147,short,Short1,1,adverse_pct,3.0,True,12.0,195.0,False,True
147,short,Short1,1,favorable_pct,0.25,False,,,False,True
147,short,Short1,1,favorable_pct,0.5,False,,,False,True
147,short,Short1,1,favorable_pct,1.0,False,,,False,True
147,short,Short1,1,favorable_pct,2.0,False,,,False,True
147,short,Short1,1,favorable_pct,3.0,False,,,False,True
148,short,Short1,1,adverse_pct,0.25,False,,,False,True
148,short,Short1,1,adverse_pct,0.5,False,,,False,True
148,short,Short1,1,adverse_pct,1.0,False,,,False,True
148,short,Short1,1,adverse_pct,2.0,False,,,False,True
148,short,Short1,1,adverse_pct,3.0,False,,,False,True
148,short,Short1,1,favorable_pct,0.25,False,,,False,True
148,short,Short1,1,favorable_pct,0.5,False,,,False,True
148,short,Short1,1,favorable_pct,1.0,False,,,False,True
148,short,Short1,1,favorable_pct,2.0,False,,,False,True
148,short,Short1,1,favorable_pct,3.0,False,,,False,True
149,short,Short1,1,adverse_pct,0.25,False,,,True,False
149,short,Short1,1,adverse_pct,0.5,False,,,True,False
149,short,Short1,1,adverse_pct,1.0,False,,,True,False
149,short,Short1,1,adverse_pct,2.0,False,,,True,False
149,short,Short1,1,adverse_pct,3.0,False,,,True,False
149,short,Short1,1,favorable_pct,0.25,True,0.0,15.0,True,False
149,short,Short1,1,favorable_pct,0.5,True,11.0,180.0,True,False
149,short,Short1,1,favorable_pct,1.0,True,19.0,300.0,True,False
149,short,Short1,1,favorable_pct,2.0,False,,,True,False
149,short,Short1,1,favorable_pct,3.0,False,,,True,False
150,short,Short1,1,adverse_pct,0.25,True,0.0,15.0,True,False
150,short,Short1,1,adverse_pct,0.5,False,,,True,False
150,short,Short1,1,adverse_pct,1.0,False,,,True,False
150,short,Short1,1,adverse_pct,2.0,False,,,True,False
150,short,Short1,1,adverse_pct,3.0,False,,,True,False
150,short,Short1,1,favorable_pct,0.25,True,2.0,45.0,True,False
150,short,Short1,1,favorable_pct,0.5,True,4.0,75.0,True,False
150,short,Short1,1,favorable_pct,1.0,True,6.0,105.0,True,False
150,short,Short1,1,favorable_pct,2.0,True,20.0,315.0,True,False
150,short,Short1,1,favorable_pct,3.0,True,87.0,1320.0,True,False
151,long,Long1,1,adverse_pct,0.25,True,2.0,45.0,True,False
151,long,Long1,1,adverse_pct,0.5,True,2.0,45.0,True,False
151,long,Long1,1,adverse_pct,1.0,True,3.0,60.0,True,False
151,long,Long1,1,adverse_pct,2.0,True,11.0,180.0,True,False
151,long,Long1,1,adverse_pct,3.0,False,,,True,False
151,long,Long1,1,favorable_pct,0.25,True,15.0,240.0,True,False
151,long,Long1,1,favorable_pct,0.5,True,15.0,240.0,True,False
151,long,Long1,1,favorable_pct,1.0,True,96.0,1455.0,True,False
151,long,Long1,1,favorable_pct,2.0,True,166.0,2505.0,True,False
151,long,Long1,1,favorable_pct,3.0,False,,,True,False
152,short,Short1,1,adverse_pct,0.25,False,,,True,False
152,short,Short1,1,adverse_pct,0.5,False,,,True,False
152,short,Short1,1,adverse_pct,1.0,False,,,True,False
152,short,Short1,1,adverse_pct,2.0,False,,,True,False
152,short,Short1,1,adverse_pct,3.0,False,,,True,False
152,short,Short1,1,favorable_pct,0.25,True,0.0,15.0,True,False
152,short,Short1,1,favorable_pct,0.5,True,3.0,60.0,True,False
152,short,Short1,1,favorable_pct,1.0,True,12.0,195.0,True,False
152,short,Short1,1,favorable_pct,2.0,True,37.0,570.0,True,False
152,short,Short1,1,favorable_pct,3.0,True,43.0,660.0,True,False
153,long,Long1,1,adverse_pct,0.25,True,14.0,225.0,False,True
153,long,Long1,1,adverse_pct,0.5,False,,,False,True
153,long,Long1,1,adverse_pct,1.0,False,,,False,True
153,long,Long1,1,adverse_pct,2.0,False,,,False,True
153,long,Long1,1,adverse_pct,3.0,False,,,False,True
153,long,Long1,1,favorable_pct,0.25,True,0.0,15.0,False,True
153,long,Long1,1,favorable_pct,0.5,True,1.0,30.0,False,True
153,long,Long1,1,favorable_pct,1.0,True,39.0,600.0,False,True
153,long,Long1,1,favorable_pct,2.0,False,,,False,True
153,long,Long1,1,favorable_pct,3.0,False,,,False,True
154,long,Long1,1,adverse_pct,0.25,False,,,True,False
154,long,Long1,1,adverse_pct,0.5,False,,,True,False
154,long,Long1,1,adverse_pct,1.0,False,,,True,False
154,long,Long1,1,adverse_pct,2.0,False,,,True,False
154,long,Long1,1,adverse_pct,3.0,False,,,True,False
154,long,Long1,1,favorable_pct,0.25,True,1.0,30.0,True,False
154,long,Long1,1,favorable_pct,0.5,True,2.0,45.0,True,False
154,long,Long1,1,favorable_pct,1.0,True,12.0,195.0,True,False
154,long,Long1,1,favorable_pct,2.0,True,183.0,2760.0,True,False
154,long,Long1,1,favorable_pct,3.0,True,247.0,3720.0,True,False
155,short,Short1,1,adverse_pct,0.25,True,1.0,30.0,False,True
155,short,Short1,1,adverse_pct,0.5,True,1.0,30.0,False,True
155,short,Short1,1,adverse_pct,1.0,True,2.0,45.0,False,True
155,short,Short1,1,adverse_pct,2.0,False,,,False,True
155,short,Short1,1,adverse_pct,3.0,False,,,False,True
155,short,Short1,1,favorable_pct,0.25,True,5.0,90.0,False,True
155,short,Short1,1,favorable_pct,0.5,True,5.0,90.0,False,True
155,short,Short1,1,favorable_pct,1.0,True,6.0,105.0,False,True
155,short,Short1,1,favorable_pct,2.0,False,,,False,True
155,short,Short1,1,favorable_pct,3.0,False,,,False,True
156,short,Short1,1,adverse_pct,0.25,True,0.0,15.0,False,True
156,short,Short1,1,adverse_pct,0.5,True,0.0,15.0,False,True
156,short,Short1,1,adverse_pct,1.0,True,7.0,120.0,False,True
156,short,Short1,1,adverse_pct,2.0,True,10.0,165.0,False,True
156,short,Short1,1,adverse_pct,3.0,False,,,False,True
156,short,Short1,1,favorable_pct,0.25,True,2.0,45.0,False,True
156,short,Short1,1,favorable_pct,0.5,False,,,False,True
156,short,Short1,1,favorable_pct,1.0,False,,,False,True
156,short,Short1,1,favorable_pct,2.0,False,,,False,True
156,short,Short1,1,favorable_pct,3.0,False,,,False,True
157,short,Short1,1,adverse_pct,0.25,True,4.0,75.0,True,False
157,short,Short1,1,adverse_pct,0.5,False,,,True,False
157,short,Short1,1,adverse_pct,1.0,False,,,True,False
157,short,Short1,1,adverse_pct,2.0,False,,,True,False
157,short,Short1,1,adverse_pct,3.0,False,,,True,False
157,short,Short1,1,favorable_pct,0.25,True,0.0,15.0,True,False
157,short,Short1,1,favorable_pct,0.5,True,6.0,105.0,True,False
157,short,Short1,1,favorable_pct,1.0,True,26.0,405.0,True,False
157,short,Short1,1,favorable_pct,2.0,False,,,True,False
157,short,Short1,1,favorable_pct,3.0,False,,,True,False
158,long,Long1,1,adverse_pct,0.25,True,3.0,60.0,True,False
158,long,Long1,1,adverse_pct,0.5,False,,,True,False
158,long,Long1,1,adverse_pct,1.0,False,,,True,False
158,long,Long1,1,adverse_pct,2.0,False,,,True,False
158,long,Long1,1,adverse_pct,3.0,False,,,True,False
158,long,Long1,1,favorable_pct,0.25,True,0.0,15.0,True,False
158,long,Long1,1,favorable_pct,0.5,True,4.0,75.0,True,False
158,long,Long1,1,favorable_pct,1.0,False,,,True,False
158,long,Long1,1,favorable_pct,2.0,False,,,True,False
158,long,Long1,1,favorable_pct,3.0,False,,,True,False
159,long,Long1,1,adverse_pct,0.25,False,,,True,False
159,long,Long1,1,adverse_pct,0.5,False,,,True,False
159,long,Long1,1,adverse_pct,1.0,False,,,True,False
159,long,Long1,1,adverse_pct,2.0,False,,,True,False
159,long,Long1,1,adverse_pct,3.0,False,,,True,False
159,long,Long1,1,favorable_pct,0.25,True,12.0,195.0,True,False
159,long,Long1,1,favorable_pct,0.5,True,38.0,585.0,True,False
159,long,Long1,1,favorable_pct,1.0,False,,,True,False
159,long,Long1,1,favorable_pct,2.0,False,,,True,False
159,long,Long1,1,favorable_pct,3.0,False,,,True,False
160,long,Long1,1,adverse_pct,0.25,True,4.0,75.0,False,True
160,long,Long1,1,adverse_pct,0.5,True,4.0,75.0,False,True
160,long,Long1,1,adverse_pct,1.0,True,13.0,210.0,False,True
160,long,Long1,1,adverse_pct,2.0,True,27.0,420.0,False,True
160,long,Long1,1,adverse_pct,3.0,True,50.0,765.0,False,True
160,long,Long1,1,favorable_pct,0.25,True,1.0,30.0,False,True
160,long,Long1,1,favorable_pct,0.5,False,,,False,True
160,long,Long1,1,favorable_pct,1.0,False,,,False,True
160,long,Long1,1,favorable_pct,2.0,False,,,False,True
160,long,Long1,1,favorable_pct,3.0,False,,,False,True
161,long,Long1,1,adverse_pct,0.25,True,17.0,270.0,True,False
161,long,Long1,1,adverse_pct,0.5,False,,,True,False
161,long,Long1,1,adverse_pct,1.0,False,,,True,False
161,long,Long1,1,adverse_pct,2.0,False,,,True,False
161,long,Long1,1,adverse_pct,3.0,False,,,True,False
161,long,Long1,1,favorable_pct,0.25,True,2.0,45.0,True,False
161,long,Long1,1,favorable_pct,0.5,True,3.0,60.0,True,False
161,long,Long1,1,favorable_pct,1.0,False,,,True,False
161,long,Long1,1,favorable_pct,2.0,False,,,True,False
161,long,Long1,1,favorable_pct,3.0,False,,,True,False
162,long,Long1,1,adverse_pct,0.25,True,0.0,15.0,True,False
162,long,Long1,1,adverse_pct,0.5,False,,,True,False
162,long,Long1,1,adverse_pct,1.0,False,,,True,False
162,long,Long1,1,adverse_pct,2.0,False,,,True,False
162,long,Long1,1,adverse_pct,3.0,False,,,True,False
162,long,Long1,1,favorable_pct,0.25,True,1.0,30.0,True,False
162,long,Long1,1,favorable_pct,0.5,True,2.0,45.0,True,False
162,long,Long1,1,favorable_pct,1.0,True,14.0,225.0,True,False
162,long,Long1,1,favorable_pct,2.0,True,18.0,285.0,True,False
162,long,Long1,1,favorable_pct,3.0,False,,,True,False
163,long,Long1,1,adverse_pct,0.25,True,0.0,15.0,True,False
163,long,Long1,1,adverse_pct,0.5,True,0.0,15.0,True,False
163,long,Long1,1,adverse_pct,1.0,False,,,True,False
163,long,Long1,1,adverse_pct,2.0,False,,,True,False
163,long,Long1,1,adverse_pct,3.0,False,,,True,False
163,long,Long1,1,favorable_pct,0.25,True,1.0,30.0,True,False
163,long,Long1,1,favorable_pct,0.5,True,2.0,45.0,True,False
163,long,Long1,1,favorable_pct,1.0,True,12.0,195.0,True,False
163,long,Long1,1,favorable_pct,2.0,False,,,True,False
163,long,Long1,1,favorable_pct,3.0,False,,,True,False
164,long,Long1,1,adverse_pct,0.25,True,2.0,45.0,False,True
164,long,Long1,1,adverse_pct,0.5,False,,,False,True
164,long,Long1,1,adverse_pct,1.0,False,,,False,True
164,long,Long1,1,adverse_pct,2.0,False,,,False,True
164,long,Long1,1,adverse_pct,3.0,False,,,False,True
164,long,Long1,1,favorable_pct,0.25,True,0.0,15.0,False,True
164,long,Long1,1,favorable_pct,0.5,True,0.0,15.0,False,True
164,long,Long1,1,favorable_pct,1.0,False,,,False,True
164,long,Long1,1,favorable_pct,2.0,False,,,False,True
164,long,Long1,1,favorable_pct,3.0,False,,,False,True
165,long,Long1,1,adverse_pct,0.25,False,,,True,False
165,long,Long1,1,adverse_pct,0.5,False,,,True,False
165,long,Long1,1,adverse_pct,1.0,False,,,True,False
165,long,Long1,1,adverse_pct,2.0,False,,,True,False
165,long,Long1,1,adverse_pct,3.0,False,,,True,False
165,long,Long1,1,favorable_pct,0.25,True,0.0,15.0,True,False
165,long,Long1,1,favorable_pct,0.5,True,1.0,30.0,True,False
165,long,Long1,1,favorable_pct,1.0,False,,,True,False
165,long,Long1,1,favorable_pct,2.0,False,,,True,False
165,long,Long1,1,favorable_pct,3.0,False,,,True,False
166,long,Long1,1,adverse_pct,0.25,True,0.0,15.0,False,True
166,long,Long1,1,adverse_pct,0.5,True,9.0,150.0,False,True
166,long,Long1,1,adverse_pct,1.0,True,20.0,315.0,False,True
166,long,Long1,1,adverse_pct,2.0,True,36.0,555.0,False,True
166,long,Long1,1,adverse_pct,3.0,True,36.0,555.0,False,True
166,long,Long1,1,favorable_pct,0.25,True,0.0,15.0,False,True
166,long,Long1,1,favorable_pct,0.5,False,,,False,True
166,long,Long1,1,favorable_pct,1.0,False,,,False,True
166,long,Long1,1,favorable_pct,2.0,False,,,False,True
166,long,Long1,1,favorable_pct,3.0,False,,,False,True
167,long,Long2,2,adverse_pct,0.25,True,2.0,45.0,False,True
167,long,Long2,2,adverse_pct,0.5,True,4.0,75.0,False,True
167,long,Long2,2,adverse_pct,1.0,True,23.0,360.0,False,True
167,long,Long2,2,adverse_pct,2.0,True,27.0,420.0,False,True
167,long,Long2,2,adverse_pct,3.0,True,39.0,600.0,False,True
167,long,Long2,2,favorable_pct,0.25,True,0.0,15.0,False,True
167,long,Long2,2,favorable_pct,0.5,False,,,False,True
167,long,Long2,2,favorable_pct,1.0,False,,,False,True
167,long,Long2,2,favorable_pct,2.0,False,,,False,True
167,long,Long2,2,favorable_pct,3.0,False,,,False,True
168,long,Long3,3,adverse_pct,0.25,True,0.0,15.0,False,True
168,long,Long3,3,adverse_pct,0.5,True,1.0,30.0,False,True
168,long,Long3,3,adverse_pct,1.0,True,10.0,165.0,False,True
168,long,Long3,3,adverse_pct,2.0,True,12.0,195.0,False,True
168,long,Long3,3,adverse_pct,3.0,False,,,False,True
168,long,Long3,3,favorable_pct,0.25,True,0.0,15.0,False,True
168,long,Long3,3,favorable_pct,0.5,True,0.0,15.0,False,True
168,long,Long3,3,favorable_pct,1.0,False,,,False,True
168,long,Long3,3,favorable_pct,2.0,False,,,False,True
168,long,Long3,3,favorable_pct,3.0,False,,,False,True
169,long,Long1,1,adverse_pct,0.25,True,43.0,660.0,True,False
169,long,Long1,1,adverse_pct,0.5,False,,,True,False
169,long,Long1,1,adverse_pct,1.0,False,,,True,False
169,long,Long1,1,adverse_pct,2.0,False,,,True,False
169,long,Long1,1,adverse_pct,3.0,False,,,True,False
169,long,Long1,1,favorable_pct,0.25,True,0.0,15.0,True,False
169,long,Long1,1,favorable_pct,0.5,True,0.0,15.0,True,False
169,long,Long1,1,favorable_pct,1.0,True,60.0,915.0,True,False
169,long,Long1,1,favorable_pct,2.0,True,74.0,1125.0,True,False
169,long,Long1,1,favorable_pct,3.0,False,,,True,False
170,long,Long1,1,adverse_pct,0.25,True,0.0,15.0,True,False
170,long,Long1,1,adverse_pct,0.5,True,0.0,15.0,True,False
170,long,Long1,1,adverse_pct,1.0,False,,,True,False
170,long,Long1,1,adverse_pct,2.0,False,,,True,False
170,long,Long1,1,adverse_pct,3.0,False,,,True,False
170,long,Long1,1,favorable_pct,0.25,True,18.0,285.0,True,False
170,long,Long1,1,favorable_pct,0.5,True,19.0,300.0,True,False
170,long,Long1,1,favorable_pct,1.0,True,46.0,705.0,True,False
170,long,Long1,1,favorable_pct,2.0,True,141.0,2130.0,True,False
170,long,Long1,1,favorable_pct,3.0,True,194.0,2925.0,True,False
171,short,Short1,1,adverse_pct,0.25,True,0.0,15.0,True,False
171,short,Short1,1,adverse_pct,0.5,True,2.0,45.0,True,False
171,short,Short1,1,adverse_pct,1.0,False,,,True,False
171,short,Short1,1,adverse_pct,2.0,False,,,True,False
171,short,Short1,1,adverse_pct,3.0,False,,,True,False
171,short,Short1,1,favorable_pct,0.25,True,5.0,90.0,True,False
171,short,Short1,1,favorable_pct,0.5,True,27.0,420.0,True,False
171,short,Short1,1,favorable_pct,1.0,True,28.0,435.0,True,False
171,short,Short1,1,favorable_pct,2.0,False,,,True,False
171,short,Short1,1,favorable_pct,3.0,False,,,True,False
172,long,Long2,2,adverse_pct,0.25,True,2.0,45.0,False,True
172,long,Long2,2,adverse_pct,0.5,True,3.0,60.0,False,True
172,long,Long2,2,adverse_pct,1.0,False,,,False,True
172,long,Long2,2,adverse_pct,2.0,False,,,False,True
172,long,Long2,2,adverse_pct,3.0,False,,,False,True
172,long,Long2,2,favorable_pct,0.25,True,5.0,90.0,False,True
172,long,Long2,2,favorable_pct,0.5,True,5.0,90.0,False,True
172,long,Long2,2,favorable_pct,1.0,True,6.0,105.0,False,True
172,long,Long2,2,favorable_pct,2.0,False,,,False,True
172,long,Long2,2,favorable_pct,3.0,False,,,False,True
173,long,Long1,1,adverse_pct,0.25,True,4.0,75.0,False,True
173,long,Long1,1,adverse_pct,0.5,True,20.0,315.0,False,True
173,long,Long1,1,adverse_pct,1.0,True,22.0,345.0,False,True
173,long,Long1,1,adverse_pct,2.0,True,28.0,435.0,False,True
173,long,Long1,1,adverse_pct,3.0,True,89.0,1350.0,False,True
173,long,Long1,1,favorable_pct,0.25,True,10.0,165.0,False,True
173,long,Long1,1,favorable_pct,0.5,False,,,False,True
173,long,Long1,1,favorable_pct,1.0,False,,,False,True
173,long,Long1,1,favorable_pct,2.0,False,,,False,True
173,long,Long1,1,favorable_pct,3.0,False,,,False,True
174,long,Long1,1,adverse_pct,0.25,True,6.0,105.0,False,True
174,long,Long1,1,adverse_pct,0.5,True,6.0,105.0,False,True
174,long,Long1,1,adverse_pct,1.0,True,12.0,195.0,False,True
174,long,Long1,1,adverse_pct,2.0,True,15.0,240.0,False,True
174,long,Long1,1,adverse_pct,3.0,False,,,False,True
174,long,Long1,1,favorable_pct,0.25,False,,,False,True
174,long,Long1,1,favorable_pct,0.5,False,,,False,True
174,long,Long1,1,favorable_pct,1.0,False,,,False,True
174,long,Long1,1,favorable_pct,2.0,False,,,False,True
174,long,Long1,1,favorable_pct,3.0,False,,,False,True
175,long,Long1,1,adverse_pct,0.25,True,0.0,15.0,False,True
175,long,Long1,1,adverse_pct,0.5,True,1.0,30.0,False,True
175,long,Long1,1,adverse_pct,1.0,False,,,False,True
175,long,Long1,1,adverse_pct,2.0,False,,,False,True
175,long,Long1,1,adverse_pct,3.0,False,,,False,True
175,long,Long1,1,favorable_pct,0.25,False,,,False,True
175,long,Long1,1,favorable_pct,0.5,False,,,False,True
175,long,Long1,1,favorable_pct,1.0,False,,,False,True
175,long,Long1,1,favorable_pct,2.0,False,,,False,True
175,long,Long1,1,favorable_pct,3.0,False,,,False,True
176,long,Long1,1,adverse_pct,0.25,True,0.0,15.0,True,False
176,long,Long1,1,adverse_pct,0.5,True,0.0,15.0,True,False
176,long,Long1,1,adverse_pct,1.0,False,,,True,False
176,long,Long1,1,adverse_pct,2.0,False,,,True,False
176,long,Long1,1,adverse_pct,3.0,False,,,True,False
176,long,Long1,1,favorable_pct,0.25,True,0.0,15.0,True,False
176,long,Long1,1,favorable_pct,0.5,True,1.0,30.0,True,False
176,long,Long1,1,favorable_pct,1.0,False,,,True,False
176,long,Long1,1,favorable_pct,2.0,False,,,True,False
176,long,Long1,1,favorable_pct,3.0,False,,,True,False
177,short,TrendShort,0,adverse_pct,0.25,True,0.0,15.0,True,False
177,short,TrendShort,0,adverse_pct,0.5,True,0.0,15.0,True,False
177,short,TrendShort,0,adverse_pct,1.0,False,,,True,False
177,short,TrendShort,0,adverse_pct,2.0,False,,,True,False
177,short,TrendShort,0,adverse_pct,3.0,False,,,True,False
177,short,TrendShort,0,favorable_pct,0.25,True,2.0,45.0,True,False
177,short,TrendShort,0,favorable_pct,0.5,False,,,True,False
177,short,TrendShort,0,favorable_pct,1.0,False,,,True,False
177,short,TrendShort,0,favorable_pct,2.0,False,,,True,False
177,short,TrendShort,0,favorable_pct,3.0,False,,,True,False
178,long,RevLong,0,adverse_pct,0.25,True,0.0,15.0,True,False
178,long,RevLong,0,adverse_pct,0.5,True,1.0,30.0,True,False
178,long,RevLong,0,adverse_pct,1.0,True,1.0,30.0,True,False
178,long,RevLong,0,adverse_pct,2.0,True,1.0,30.0,True,False
178,long,RevLong,0,adverse_pct,3.0,True,1.0,30.0,True,False
178,long,RevLong,0,favorable_pct,0.25,True,25.0,390.0,True,False
178,long,RevLong,0,favorable_pct,0.5,True,30.0,465.0,True,False
178,long,RevLong,0,favorable_pct,1.0,True,34.0,525.0,True,False
178,long,RevLong,0,favorable_pct,2.0,True,44.0,675.0,True,False
178,long,RevLong,0,favorable_pct,3.0,True,49.0,750.0,True,False
179,long,Long1,1,adverse_pct,0.25,True,0.0,15.0,True,False
179,long,Long1,1,adverse_pct,0.5,True,0.0,15.0,True,False
179,long,Long1,1,adverse_pct,1.0,False,,,True,False
179,long,Long1,1,adverse_pct,2.0,False,,,True,False
179,long,Long1,1,adverse_pct,3.0,False,,,True,False
179,long,Long1,1,favorable_pct,0.25,True,1.0,30.0,True,False
179,long,Long1,1,favorable_pct,0.5,True,2.0,45.0,True,False
179,long,Long1,1,favorable_pct,1.0,True,4.0,75.0,True,False
179,long,Long1,1,favorable_pct,2.0,True,21.0,330.0,True,False
179,long,Long1,1,favorable_pct,3.0,True,27.0,420.0,True,False
180,short,Short1,1,adverse_pct,0.25,True,0.0,15.0,True,False
180,short,Short1,1,adverse_pct,0.5,True,1.0,30.0,True,False
180,short,Short1,1,adverse_pct,1.0,False,,,True,False
180,short,Short1,1,adverse_pct,2.0,False,,,True,False
180,short,Short1,1,adverse_pct,3.0,False,,,True,False
180,short,Short1,1,favorable_pct,0.25,True,3.0,60.0,True,False
180,short,Short1,1,favorable_pct,0.5,True,3.0,60.0,True,False
180,short,Short1,1,favorable_pct,1.0,True,18.0,285.0,True,False
180,short,Short1,1,favorable_pct,2.0,True,31.0,480.0,True,False
180,short,Short1,1,favorable_pct,3.0,True,57.0,870.0,True,False
181,short,Short1,1,adverse_pct,0.25,True,0.0,15.0,True,False
181,short,Short1,1,adverse_pct,0.5,False,,,True,False
181,short,Short1,1,adverse_pct,1.0,False,,,True,False
181,short,Short1,1,adverse_pct,2.0,False,,,True,False
181,short,Short1,1,adverse_pct,3.0,False,,,True,False
181,short,Short1,1,favorable_pct,0.25,True,0.0,15.0,True,False
181,short,Short1,1,favorable_pct,0.5,True,0.0,15.0,True,False
181,short,Short1,1,favorable_pct,1.0,True,5.0,90.0,True,False
181,short,Short1,1,favorable_pct,2.0,True,5.0,90.0,True,False
181,short,Short1,1,favorable_pct,3.0,True,48.0,735.0,True,False
182,short,Short1,1,adverse_pct,0.25,True,12.0,195.0,False,True
182,short,Short1,1,adverse_pct,0.5,False,,,False,True
182,short,Short1,1,adverse_pct,1.0,False,,,False,True
182,short,Short1,1,adverse_pct,2.0,False,,,False,True
182,short,Short1,1,adverse_pct,3.0,False,,,False,True
182,short,Short1,1,favorable_pct,0.25,True,0.0,15.0,False,True
182,short,Short1,1,favorable_pct,0.5,True,37.0,570.0,False,True
182,short,Short1,1,favorable_pct,1.0,False,,,False,True
182,short,Short1,1,favorable_pct,2.0,False,,,False,True
182,short,Short1,1,favorable_pct,3.0,False,,,False,True
183,short,Short1,1,adverse_pct,0.25,True,9.0,150.0,False,True
183,short,Short1,1,adverse_pct,0.5,True,9.0,150.0,False,True
183,short,Short1,1,adverse_pct,1.0,True,16.0,255.0,False,True
183,short,Short1,1,adverse_pct,2.0,True,77.0,1170.0,False,True
183,short,Short1,1,adverse_pct,3.0,True,92.0,1395.0,False,True
183,short,Short1,1,favorable_pct,0.25,True,0.0,15.0,False,True
183,short,Short1,1,favorable_pct,0.5,True,1.0,30.0,False,True
183,short,Short1,1,favorable_pct,1.0,False,,,False,True
183,short,Short1,1,favorable_pct,2.0,False,,,False,True
183,short,Short1,1,favorable_pct,3.0,False,,,False,True
184,short,Short2,2,adverse_pct,0.25,True,4.0,75.0,False,True
184,short,Short2,2,adverse_pct,0.5,True,4.0,75.0,False,True
184,short,Short2,2,adverse_pct,1.0,True,11.0,180.0,False,True
184,short,Short2,2,adverse_pct,2.0,True,16.0,255.0,False,True
184,short,Short2,2,adverse_pct,3.0,False,,,False,True
184,short,Short2,2,favorable_pct,0.25,True,7.0,120.0,False,True
184,short,Short2,2,favorable_pct,0.5,False,,,False,True
184,short,Short2,2,favorable_pct,1.0,False,,,False,True
184,short,Short2,2,favorable_pct,2.0,False,,,False,True
184,short,Short2,2,favorable_pct,3.0,False,,,False,True
185,short,Short1,1,adverse_pct,0.25,True,1.0,30.0,False,True
185,short,Short1,1,adverse_pct,0.5,False,,,False,True
185,short,Short1,1,adverse_pct,1.0,False,,,False,True
185,short,Short1,1,adverse_pct,2.0,False,,,False,True
185,short,Short1,1,adverse_pct,3.0,False,,,False,True
185,short,Short1,1,favorable_pct,0.25,False,,,False,True
185,short,Short1,1,favorable_pct,0.5,False,,,False,True
185,short,Short1,1,favorable_pct,1.0,False,,,False,True
185,short,Short1,1,favorable_pct,2.0,False,,,False,True
185,short,Short1,1,favorable_pct,3.0,False,,,False,True
186,short,Short1,1,adverse_pct,0.25,True,0.0,15.0,True,False
186,short,Short1,1,adverse_pct,0.5,True,1.0,30.0,True,False
186,short,Short1,1,adverse_pct,1.0,False,,,True,False
186,short,Short1,1,adverse_pct,2.0,False,,,True,False
186,short,Short1,1,adverse_pct,3.0,False,,,True,False
186,short,Short1,1,favorable_pct,0.25,True,2.0,45.0,True,False
186,short,Short1,1,favorable_pct,0.5,False,,,True,False
186,short,Short1,1,favorable_pct,1.0,False,,,True,False
186,short,Short1,1,favorable_pct,2.0,False,,,True,False
186,short,Short1,1,favorable_pct,3.0,False,,,True,False
187,short,Short1,1,adverse_pct,0.25,True,0.0,15.0,False,True
187,short,Short1,1,adverse_pct,0.5,True,1.0,30.0,False,True
187,short,Short1,1,adverse_pct,1.0,False,,,False,True
187,short,Short1,1,adverse_pct,2.0,False,,,False,True
187,short,Short1,1,adverse_pct,3.0,False,,,False,True
187,short,Short1,1,favorable_pct,0.25,False,,,False,True
187,short,Short1,1,favorable_pct,0.5,False,,,False,True
187,short,Short1,1,favorable_pct,1.0,False,,,False,True
187,short,Short1,1,favorable_pct,2.0,False,,,False,True
187,short,Short1,1,favorable_pct,3.0,False,,,False,True
188,long,TrendLong,0,adverse_pct,0.25,False,,,True,False
188,long,TrendLong,0,adverse_pct,0.5,False,,,True,False
188,long,TrendLong,0,adverse_pct,1.0,False,,,True,False
188,long,TrendLong,0,adverse_pct,2.0,False,,,True,False
188,long,TrendLong,0,adverse_pct,3.0,False,,,True,False
188,long,TrendLong,0,favorable_pct,0.25,True,0.0,15.0,True,False
188,long,TrendLong,0,favorable_pct,0.5,True,1.0,30.0,True,False
188,long,TrendLong,0,favorable_pct,1.0,False,,,True,False
188,long,TrendLong,0,favorable_pct,2.0,False,,,True,False
188,long,TrendLong,0,favorable_pct,3.0,False,,,True,False
189,short,Short1,1,adverse_pct,0.25,False,,,True,False
189,short,Short1,1,adverse_pct,0.5,False,,,True,False
189,short,Short1,1,adverse_pct,1.0,False,,,True,False
189,short,Short1,1,adverse_pct,2.0,False,,,True,False
189,short,Short1,1,adverse_pct,3.0,False,,,True,False
189,short,Short1,1,favorable_pct,0.25,True,0.0,15.0,True,False
189,short,Short1,1,favorable_pct,0.5,True,0.0,15.0,True,False
189,short,Short1,1,favorable_pct,1.0,False,,,True,False
189,short,Short1,1,favorable_pct,2.0,False,,,True,False
189,short,Short1,1,favorable_pct,3.0,False,,,True,False
190,short,Short1,1,adverse_pct,0.25,True,2.0,45.0,False,True
190,short,Short1,1,adverse_pct,0.5,True,3.0,60.0,False,True
190,short,Short1,1,adverse_pct,1.0,True,5.0,90.0,False,True
190,short,Short1,1,adverse_pct,2.0,False,,,False,True
190,short,Short1,1,adverse_pct,3.0,False,,,False,True
190,short,Short1,1,favorable_pct,0.25,True,1.0,30.0,False,True
190,short,Short1,1,favorable_pct,0.5,False,,,False,True
190,short,Short1,1,favorable_pct,1.0,False,,,False,True
190,short,Short1,1,favorable_pct,2.0,False,,,False,True
190,short,Short1,1,favorable_pct,3.0,False,,,False,True
191,short,Short1,1,adverse_pct,0.25,True,11.0,180.0,True,False
191,short,Short1,1,adverse_pct,0.5,False,,,True,False
191,short,Short1,1,adverse_pct,1.0,False,,,True,False
191,short,Short1,1,adverse_pct,2.0,False,,,True,False
191,short,Short1,1,adverse_pct,3.0,False,,,True,False
191,short,Short1,1,favorable_pct,0.25,True,1.0,30.0,True,False
191,short,Short1,1,favorable_pct,0.5,True,3.0,60.0,True,False
191,short,Short1,1,favorable_pct,1.0,True,41.0,630.0,True,False
191,short,Short1,1,favorable_pct,2.0,True,45.0,690.0,True,False
191,short,Short1,1,favorable_pct,3.0,False,,,True,False
192,short,Short1,1,adverse_pct,0.25,True,0.0,15.0,False,True
192,short,Short1,1,adverse_pct,0.5,True,3.0,60.0,False,True
192,short,Short1,1,adverse_pct,1.0,True,3.0,60.0,False,True
192,short,Short1,1,adverse_pct,2.0,True,15.0,240.0,False,True
192,short,Short1,1,adverse_pct,3.0,False,,,False,True
192,short,Short1,1,favorable_pct,0.25,True,0.0,15.0,False,True
192,short,Short1,1,favorable_pct,0.5,False,,,False,True
192,short,Short1,1,favorable_pct,1.0,False,,,False,True
192,short,Short1,1,favorable_pct,2.0,False,,,False,True
192,short,Short1,1,favorable_pct,3.0,False,,,False,True
193,short,Short2,2,adverse_pct,0.25,False,,,True,False
193,short,Short2,2,adverse_pct,0.5,False,,,True,False
193,short,Short2,2,adverse_pct,1.0,False,,,True,False
193,short,Short2,2,adverse_pct,2.0,False,,,True,False
193,short,Short2,2,adverse_pct,3.0,False,,,True,False
193,short,Short2,2,favorable_pct,0.25,True,1.0,30.0,True,False
193,short,Short2,2,favorable_pct,0.5,True,5.0,90.0,True,False
193,short,Short2,2,favorable_pct,1.0,True,11.0,180.0,True,False
193,short,Short2,2,favorable_pct,2.0,False,,,True,False
193,short,Short2,2,favorable_pct,3.0,False,,,True,False
194,short,Short1,1,adverse_pct,0.25,False,,,True,False
194,short,Short1,1,adverse_pct,0.5,False,,,True,False
194,short,Short1,1,adverse_pct,1.0,False,,,True,False
194,short,Short1,1,adverse_pct,2.0,False,,,True,False
194,short,Short1,1,adverse_pct,3.0,False,,,True,False
194,short,Short1,1,favorable_pct,0.25,True,2.0,45.0,True,False
194,short,Short1,1,favorable_pct,0.5,True,2.0,45.0,True,False
194,short,Short1,1,favorable_pct,1.0,False,,,True,False
194,short,Short1,1,favorable_pct,2.0,False,,,True,False
194,short,Short1,1,favorable_pct,3.0,False,,,True,False
195,short,Short1,1,adverse_pct,0.25,True,2.0,45.0,False,True
195,short,Short1,1,adverse_pct,0.5,True,8.0,135.0,False,True
195,short,Short1,1,adverse_pct,1.0,False,,,False,True
195,short,Short1,1,adverse_pct,2.0,False,,,False,True
195,short,Short1,1,adverse_pct,3.0,False,,,False,True
195,short,Short1,1,favorable_pct,0.25,True,0.0,15.0,False,True
195,short,Short1,1,favorable_pct,0.5,True,5.0,90.0,False,True
195,short,Short1,1,favorable_pct,1.0,True,11.0,180.0,False,True
195,short,Short1,1,favorable_pct,2.0,True,12.0,195.0,False,True
195,short,Short1,1,favorable_pct,3.0,False,,,False,True
196,short,Short1,1,adverse_pct,0.25,True,6.0,105.0,True,False
196,short,Short1,1,adverse_pct,0.5,True,9.0,150.0,True,False
196,short,Short1,1,adverse_pct,1.0,False,,,True,False
196,short,Short1,1,adverse_pct,2.0,False,,,True,False
196,short,Short1,1,adverse_pct,3.0,False,,,True,False
196,short,Short1,1,favorable_pct,0.25,True,11.0,180.0,True,False
196,short,Short1,1,favorable_pct,0.5,True,28.0,435.0,True,False
196,short,Short1,1,favorable_pct,1.0,True,32.0,495.0,True,False
196,short,Short1,1,favorable_pct,2.0,True,65.0,990.0,True,False
196,short,Short1,1,favorable_pct,3.0,False,,,True,False
197,long,Long1,1,adverse_pct,0.25,True,2.0,45.0,True,False
197,long,Long1,1,adverse_pct,0.5,True,9.0,150.0,True,False
197,long,Long1,1,adverse_pct,1.0,False,,,True,False
197,long,Long1,1,adverse_pct,2.0,False,,,True,False
197,long,Long1,1,adverse_pct,3.0,False,,,True,False
197,long,Long1,1,favorable_pct,0.25,True,0.0,15.0,True,False
197,long,Long1,1,favorable_pct,0.5,True,59.0,900.0,True,False
197,long,Long1,1,favorable_pct,1.0,True,80.0,1215.0,True,False
197,long,Long1,1,favorable_pct,2.0,False,,,True,False
197,long,Long1,1,favorable_pct,3.0,False,,,True,False
198,long,Long1,1,adverse_pct,0.25,True,3.0,60.0,False,True
198,long,Long1,1,adverse_pct,0.5,True,5.0,90.0,False,True
198,long,Long1,1,adverse_pct,1.0,True,5.0,90.0,False,True
198,long,Long1,1,adverse_pct,2.0,True,19.0,300.0,False,True
198,long,Long1,1,adverse_pct,3.0,True,31.0,480.0,False,True
198,long,Long1,1,favorable_pct,0.25,True,1.0,30.0,False,True
198,long,Long1,1,favorable_pct,0.5,False,,,False,True
198,long,Long1,1,favorable_pct,1.0,False,,,False,True
198,long,Long1,1,favorable_pct,2.0,False,,,False,True
198,long,Long1,1,favorable_pct,3.0,False,,,False,True
199,long,Long2,2,adverse_pct,0.25,True,0.0,15.0,True,False
199,long,Long2,2,adverse_pct,0.5,True,39.0,600.0,True,False
199,long,Long2,2,adverse_pct,1.0,False,,,True,False
199,long,Long2,2,adverse_pct,2.0,False,,,True,False
199,long,Long2,2,adverse_pct,3.0,False,,,True,False
199,long,Long2,2,favorable_pct,0.25,True,2.0,45.0,True,False
199,long,Long2,2,favorable_pct,0.5,True,19.0,300.0,True,False
199,long,Long2,2,favorable_pct,1.0,True,42.0,645.0,True,False
199,long,Long2,2,favorable_pct,2.0,True,68.0,1035.0,True,False
199,long,Long2,2,favorable_pct,3.0,True,72.0,1095.0,True,False
200,short,Short1,1,adverse_pct,0.25,True,6.0,105.0,True,False
200,short,Short1,1,adverse_pct,0.5,True,6.0,105.0,True,False
200,short,Short1,1,adverse_pct,1.0,True,7.0,120.0,True,False
200,short,Short1,1,adverse_pct,2.0,True,49.0,750.0,True,False
200,short,Short1,1,adverse_pct,3.0,False,,,True,False
200,short,Short1,1,favorable_pct,0.25,True,2.0,45.0,True,False
200,short,Short1,1,favorable_pct,0.5,True,2.0,45.0,True,False
200,short,Short1,1,favorable_pct,1.0,True,57.0,870.0,True,False
200,short,Short1,1,favorable_pct,2.0,True,63.0,960.0,True,False
200,short,Short1,1,favorable_pct,3.0,True,65.0,990.0,True,False
201,long,Long1,1,adverse_pct,0.25,True,0.0,15.0,False,True
201,long,Long1,1,adverse_pct,0.5,True,2.0,45.0,False,True
201,long,Long1,1,adverse_pct,1.0,True,3.0,60.0,False,True
201,long,Long1,1,adverse_pct,2.0,True,61.0,930.0,False,True
201,long,Long1,1,adverse_pct,3.0,False,,,False,True
201,long,Long1,1,favorable_pct,0.25,False,,,False,True
201,long,Long1,1,favorable_pct,0.5,False,,,False,True
201,long,Long1,1,favorable_pct,1.0,False,,,False,True
201,long,Long1,1,favorable_pct,2.0,False,,,False,True
201,long,Long1,1,favorable_pct,3.0,False,,,False,True
202,long,Long2,2,adverse_pct,0.25,True,1.0,30.0,True,False
202,long,Long2,2,adverse_pct,0.5,True,8.0,135.0,True,False
202,long,Long2,2,adverse_pct,1.0,False,,,True,False
202,long,Long2,2,adverse_pct,2.0,False,,,True,False
202,long,Long2,2,adverse_pct,3.0,False,,,True,False
202,long,Long2,2,favorable_pct,0.25,True,10.0,165.0,True,False
202,long,Long2,2,favorable_pct,0.5,True,15.0,240.0,True,False
202,long,Long2,2,favorable_pct,1.0,True,25.0,390.0,True,False
202,long,Long2,2,favorable_pct,2.0,False,,,True,False
202,long,Long2,2,favorable_pct,3.0,False,,,True,False
203,long,Long3,3,adverse_pct,0.25,True,0.0,15.0,True,False
203,long,Long3,3,adverse_pct,0.5,True,0.0,15.0,True,False
203,long,Long3,3,adverse_pct,1.0,False,,,True,False
203,long,Long3,3,adverse_pct,2.0,False,,,True,False
203,long,Long3,3,adverse_pct,3.0,False,,,True,False
203,long,Long3,3,favorable_pct,0.25,True,1.0,30.0,True,False
203,long,Long3,3,favorable_pct,0.5,True,1.0,30.0,True,False
203,long,Long3,3,favorable_pct,1.0,True,2.0,45.0,True,False
203,long,Long3,3,favorable_pct,2.0,False,,,True,False
203,long,Long3,3,favorable_pct,3.0,False,,,True,False
204,long,Long1,1,adverse_pct,0.25,True,0.0,15.0,False,True
204,long,Long1,1,adverse_pct,0.5,True,0.0,15.0,False,True
204,long,Long1,1,adverse_pct,1.0,True,17.0,270.0,False,True
204,long,Long1,1,adverse_pct,2.0,True,30.0,465.0,False,True
204,long,Long1,1,adverse_pct,3.0,True,72.0,1095.0,False,True
204,long,Long1,1,favorable_pct,0.25,True,0.0,15.0,False,True
204,long,Long1,1,favorable_pct,0.5,False,,,False,True
204,long,Long1,1,favorable_pct,1.0,False,,,False,True
204,long,Long1,1,favorable_pct,2.0,False,,,False,True
204,long,Long1,1,favorable_pct,3.0,False,,,False,True
205,long,Long1,1,adverse_pct,0.25,False,,,True,False
205,long,Long1,1,adverse_pct,0.5,False,,,True,False
205,long,Long1,1,adverse_pct,1.0,False,,,True,False
205,long,Long1,1,adverse_pct,2.0,False,,,True,False
205,long,Long1,1,adverse_pct,3.0,False,,,True,False
205,long,Long1,1,favorable_pct,0.25,True,0.0,15.0,True,False
205,long,Long1,1,favorable_pct,0.5,True,0.0,15.0,True,False
205,long,Long1,1,favorable_pct,1.0,True,1.0,30.0,True,False
205,long,Long1,1,favorable_pct,2.0,False,,,True,False
205,long,Long1,1,favorable_pct,3.0,False,,,True,False
206,long,Long3,3,adverse_pct,0.25,True,0.0,15.0,False,True
206,long,Long3,3,adverse_pct,0.5,True,0.0,15.0,False,True
206,long,Long3,3,adverse_pct,1.0,False,,,False,True
206,long,Long3,3,adverse_pct,2.0,False,,,False,True
206,long,Long3,3,adverse_pct,3.0,False,,,False,True
206,long,Long3,3,favorable_pct,0.25,True,1.0,30.0,False,True
206,long,Long3,3,favorable_pct,0.5,True,2.0,45.0,False,True
206,long,Long3,3,favorable_pct,1.0,True,8.0,135.0,False,True
206,long,Long3,3,favorable_pct,2.0,False,,,False,True
206,long,Long3,3,favorable_pct,3.0,False,,,False,True
207,long,Long1,1,adverse_pct,0.25,True,2.0,45.0,False,True
207,long,Long1,1,adverse_pct,0.5,True,2.0,45.0,False,True
207,long,Long1,1,adverse_pct,1.0,True,4.0,75.0,False,True
207,long,Long1,1,adverse_pct,2.0,True,13.0,210.0,False,True
207,long,Long1,1,adverse_pct,3.0,True,83.0,1260.0,False,True
207,long,Long1,1,favorable_pct,0.25,True,1.0,30.0,False,True
207,long,Long1,1,favorable_pct,0.5,False,,,False,True
207,long,Long1,1,favorable_pct,1.0,False,,,False,True
207,long,Long1,1,favorable_pct,2.0,False,,,False,True
207,long,Long1,1,favorable_pct,3.0,False,,,False,True
208,long,Long2,2,adverse_pct,0.25,True,2.0,45.0,False,True
208,long,Long2,2,adverse_pct,0.5,True,2.0,45.0,False,True
208,long,Long2,2,adverse_pct,1.0,True,4.0,75.0,False,True
208,long,Long2,2,adverse_pct,2.0,True,13.0,210.0,False,True
208,long,Long2,2,adverse_pct,3.0,True,83.0,1260.0,False,True
208,long,Long2,2,favorable_pct,0.25,True,1.0,30.0,False,True
208,long,Long2,2,favorable_pct,0.5,False,,,False,True
208,long,Long2,2,favorable_pct,1.0,False,,,False,True
208,long,Long2,2,favorable_pct,2.0,False,,,False,True
208,long,Long2,2,favorable_pct,3.0,False,,,False,True
209,long,Long1,1,adverse_pct,0.25,True,0.0,15.0,False,True
209,long,Long1,1,adverse_pct,0.5,True,0.0,15.0,False,True
209,long,Long1,1,adverse_pct,1.0,True,2.0,45.0,False,True
209,long,Long1,1,adverse_pct,2.0,False,,,False,True
209,long,Long1,1,adverse_pct,3.0,False,,,False,True
209,long,Long1,1,favorable_pct,0.25,False,,,False,True
209,long,Long1,1,favorable_pct,0.5,False,,,False,True
209,long,Long1,1,favorable_pct,1.0,False,,,False,True
209,long,Long1,1,favorable_pct,2.0,False,,,False,True
209,long,Long1,1,favorable_pct,3.0,False,,,False,True
210,short,TrendShort,0,adverse_pct,0.25,False,,,True,False
210,short,TrendShort,0,adverse_pct,0.5,False,,,True,False
210,short,TrendShort,0,adverse_pct,1.0,False,,,True,False
210,short,TrendShort,0,adverse_pct,2.0,False,,,True,False
210,short,TrendShort,0,adverse_pct,3.0,False,,,True,False
210,short,TrendShort,0,favorable_pct,0.25,True,0.0,15.0,True,False
210,short,TrendShort,0,favorable_pct,0.5,True,0.0,15.0,True,False
210,short,TrendShort,0,favorable_pct,1.0,True,0.0,15.0,True,False
210,short,TrendShort,0,favorable_pct,2.0,True,1.0,30.0,True,False
210,short,TrendShort,0,favorable_pct,3.0,True,2.0,45.0,True,False
211,long,RevLong,0,adverse_pct,0.25,True,0.0,15.0,True,False
211,long,RevLong,0,adverse_pct,0.5,True,0.0,15.0,True,False
211,long,RevLong,0,adverse_pct,1.0,True,0.0,15.0,True,False
211,long,RevLong,0,adverse_pct,2.0,True,15.0,240.0,True,False
211,long,RevLong,0,adverse_pct,3.0,True,15.0,240.0,True,False
211,long,RevLong,0,favorable_pct,0.25,True,0.0,15.0,True,False
211,long,RevLong,0,favorable_pct,0.5,True,0.0,15.0,True,False
211,long,RevLong,0,favorable_pct,1.0,True,0.0,15.0,True,False
211,long,RevLong,0,favorable_pct,2.0,True,1.0,30.0,True,False
211,long,RevLong,0,favorable_pct,3.0,True,60.0,915.0,True,False
212,short,Short1,1,adverse_pct,0.25,False,,,True,False
212,short,Short1,1,adverse_pct,0.5,False,,,True,False
212,short,Short1,1,adverse_pct,1.0,False,,,True,False
212,short,Short1,1,adverse_pct,2.0,False,,,True,False
212,short,Short1,1,adverse_pct,3.0,False,,,True,False
212,short,Short1,1,favorable_pct,0.25,True,1.0,30.0,True,False
212,short,Short1,1,favorable_pct,0.5,True,1.0,30.0,True,False
212,short,Short1,1,favorable_pct,1.0,True,5.0,90.0,True,False
212,short,Short1,1,favorable_pct,2.0,False,,,True,False
212,short,Short1,1,favorable_pct,3.0,False,,,True,False
213,long,Long1,1,adverse_pct,0.25,True,7.0,120.0,True,False
213,long,Long1,1,adverse_pct,0.5,False,,,True,False
213,long,Long1,1,adverse_pct,1.0,False,,,True,False
213,long,Long1,1,adverse_pct,2.0,False,,,True,False
213,long,Long1,1,adverse_pct,3.0,False,,,True,False
213,long,Long1,1,favorable_pct,0.25,True,0.0,15.0,True,False
213,long,Long1,1,favorable_pct,0.5,True,0.0,15.0,True,False
213,long,Long1,1,favorable_pct,1.0,False,,,True,False
213,long,Long1,1,favorable_pct,2.0,False,,,True,False
213,long,Long1,1,favorable_pct,3.0,False,,,True,False
214,short,Short2,2,adverse_pct,0.25,True,1.0,30.0,False,True
214,short,Short2,2,adverse_pct,0.5,True,1.0,30.0,False,True
214,short,Short2,2,adverse_pct,1.0,False,,,False,True
214,short,Short2,2,adverse_pct,2.0,False,,,False,True
214,short,Short2,2,adverse_pct,3.0,False,,,False,True
214,short,Short2,2,favorable_pct,0.25,True,0.0,15.0,False,True
214,short,Short2,2,favorable_pct,0.5,True,2.0,45.0,False,True
214,short,Short2,2,favorable_pct,1.0,True,3.0,60.0,False,True
214,short,Short2,2,favorable_pct,2.0,True,3.0,60.0,False,True
214,short,Short2,2,favorable_pct,3.0,False,,,False,True
215,short,Short1,1,adverse_pct,0.25,True,0.0,15.0,False,True
215,short,Short1,1,adverse_pct,0.5,True,0.0,15.0,False,True
215,short,Short1,1,adverse_pct,1.0,True,1.0,30.0,False,True
215,short,Short1,1,adverse_pct,2.0,True,42.0,645.0,False,True
215,short,Short1,1,adverse_pct,3.0,True,51.0,780.0,False,True
215,short,Short1,1,favorable_pct,0.25,True,11.0,180.0,False,True
215,short,Short1,1,favorable_pct,0.5,False,,,False,True
215,short,Short1,1,favorable_pct,1.0,False,,,False,True
215,short,Short1,1,favorable_pct,2.0,False,,,False,True
215,short,Short1,1,favorable_pct,3.0,False,,,False,True
216,short,Short1,1,adverse_pct,0.25,True,0.0,15.0,True,False
216,short,Short1,1,adverse_pct,0.5,False,,,True,False
216,short,Short1,1,adverse_pct,1.0,False,,,True,False
216,short,Short1,1,adverse_pct,2.0,False,,,True,False
216,short,Short1,1,adverse_pct,3.0,False,,,True,False
216,short,Short1,1,favorable_pct,0.25,True,1.0,30.0,True,False
216,short,Short1,1,favorable_pct,0.5,True,1.0,30.0,True,False
216,short,Short1,1,favorable_pct,1.0,False,,,True,False
216,short,Short1,1,favorable_pct,2.0,False,,,True,False
216,short,Short1,1,favorable_pct,3.0,False,,,True,False
217,long,TrendLong,0,adverse_pct,0.25,False,,,True,False
217,long,TrendLong,0,adverse_pct,0.5,False,,,True,False
217,long,TrendLong,0,adverse_pct,1.0,False,,,True,False
217,long,TrendLong,0,adverse_pct,2.0,False,,,True,False
217,long,TrendLong,0,adverse_pct,3.0,False,,,True,False
217,long,TrendLong,0,favorable_pct,0.25,True,0.0,15.0,True,False
217,long,TrendLong,0,favorable_pct,0.5,True,0.0,15.0,True,False
217,long,TrendLong,0,favorable_pct,1.0,True,1.0,30.0,True,False
217,long,TrendLong,0,favorable_pct,2.0,True,2.0,45.0,True,False
217,long,TrendLong,0,favorable_pct,3.0,True,2.0,45.0,True,False
218,short,RevShort,0,adverse_pct,0.25,True,0.0,15.0,True,False
218,short,RevShort,0,adverse_pct,0.5,True,0.0,15.0,True,False
218,short,RevShort,0,adverse_pct,1.0,False,,,True,False
218,short,RevShort,0,adverse_pct,2.0,False,,,True,False
218,short,RevShort,0,adverse_pct,3.0,False,,,True,False
218,short,RevShort,0,favorable_pct,0.25,True,0.0,15.0,True,False
218,short,RevShort,0,favorable_pct,0.5,True,1.0,30.0,True,False
218,short,RevShort,0,favorable_pct,1.0,True,2.0,45.0,True,False
218,short,RevShort,0,favorable_pct,2.0,True,8.0,135.0,True,False
218,short,RevShort,0,favorable_pct,3.0,True,45.0,690.0,True,False
219,long,Long1,1,adverse_pct,0.25,True,0.0,15.0,False,True
219,long,Long1,1,adverse_pct,0.5,True,1.0,30.0,False,True
219,long,Long1,1,adverse_pct,1.0,False,,,False,True
219,long,Long1,1,adverse_pct,2.0,False,,,False,True
219,long,Long1,1,adverse_pct,3.0,False,,,False,True
219,long,Long1,1,favorable_pct,0.25,True,3.0,60.0,False,True
219,long,Long1,1,favorable_pct,0.5,True,4.0,75.0,False,True
219,long,Long1,1,favorable_pct,1.0,True,5.0,90.0,False,True
219,long,Long1,1,favorable_pct,2.0,False,,,False,True
219,long,Long1,1,favorable_pct,3.0,False,,,False,True
220,long,Long1,1,adverse_pct,0.25,False,,,True,False
220,long,Long1,1,adverse_pct,0.5,False,,,True,False
220,long,Long1,1,adverse_pct,1.0,False,,,True,False
220,long,Long1,1,adverse_pct,2.0,False,,,True,False
220,long,Long1,1,adverse_pct,3.0,False,,,True,False
220,long,Long1,1,favorable_pct,0.25,True,1.0,30.0,True,False
220,long,Long1,1,favorable_pct,0.5,True,5.0,90.0,True,False
220,long,Long1,1,favorable_pct,1.0,False,,,True,False
220,long,Long1,1,favorable_pct,2.0,False,,,True,False
220,long,Long1,1,favorable_pct,3.0,False,,,True,False
221,short,Short1,1,adverse_pct,0.25,True,0.0,15.0,True,False
221,short,Short1,1,adverse_pct,0.5,False,,,True,False
221,short,Short1,1,adverse_pct,1.0,False,,,True,False
221,short,Short1,1,adverse_pct,2.0,False,,,True,False
221,short,Short1,1,adverse_pct,3.0,False,,,True,False
221,short,Short1,1,favorable_pct,0.25,True,1.0,30.0,True,False
221,short,Short1,1,favorable_pct,0.5,True,1.0,30.0,True,False
221,short,Short1,1,favorable_pct,1.0,True,6.0,105.0,True,False
221,short,Short1,1,favorable_pct,2.0,False,,,True,False
221,short,Short1,1,favorable_pct,3.0,False,,,True,False
222,short,Short1,1,adverse_pct,0.25,True,1.0,30.0,True,False
222,short,Short1,1,adverse_pct,0.5,True,1.0,30.0,True,False
222,short,Short1,1,adverse_pct,1.0,False,,,True,False
222,short,Short1,1,adverse_pct,2.0,False,,,True,False
222,short,Short1,1,adverse_pct,3.0,False,,,True,False
222,short,Short1,1,favorable_pct,0.25,True,2.0,45.0,True,False
222,short,Short1,1,favorable_pct,0.5,True,2.0,45.0,True,False
222,short,Short1,1,favorable_pct,1.0,True,4.0,75.0,True,False
222,short,Short1,1,favorable_pct,2.0,True,6.0,105.0,True,False
222,short,Short1,1,favorable_pct,3.0,True,8.0,135.0,True,False
223,long,Long1,1,adverse_pct,0.25,True,0.0,15.0,False,True
223,long,Long1,1,adverse_pct,0.5,True,2.0,45.0,False,True
223,long,Long1,1,adverse_pct,1.0,False,,,False,True
223,long,Long1,1,adverse_pct,2.0,False,,,False,True
223,long,Long1,1,adverse_pct,3.0,False,,,False,True
223,long,Long1,1,favorable_pct,0.25,True,7.0,120.0,False,True
223,long,Long1,1,favorable_pct,0.5,True,9.0,150.0,False,True
223,long,Long1,1,favorable_pct,1.0,True,18.0,285.0,False,True
223,long,Long1,1,favorable_pct,2.0,True,23.0,360.0,False,True
223,long,Long1,1,favorable_pct,3.0,False,,,False,True
224,long,Long1,1,adverse_pct,0.25,True,0.0,15.0,True,False
224,long,Long1,1,adverse_pct,0.5,False,,,True,False
224,long,Long1,1,adverse_pct,1.0,False,,,True,False
224,long,Long1,1,adverse_pct,2.0,False,,,True,False
224,long,Long1,1,adverse_pct,3.0,False,,,True,False
224,long,Long1,1,favorable_pct,0.25,True,0.0,15.0,True,False
224,long,Long1,1,favorable_pct,0.5,True,1.0,30.0,True,False
224,long,Long1,1,favorable_pct,1.0,True,2.0,45.0,True,False
224,long,Long1,1,favorable_pct,2.0,True,21.0,330.0,True,False
224,long,Long1,1,favorable_pct,3.0,True,38.0,585.0,True,False
225,long,Long2,2,adverse_pct,0.25,True,0.0,15.0,True,False
225,long,Long2,2,adverse_pct,0.5,False,,,True,False
225,long,Long2,2,adverse_pct,1.0,False,,,True,False
225,long,Long2,2,adverse_pct,2.0,False,,,True,False
225,long,Long2,2,adverse_pct,3.0,False,,,True,False
225,long,Long2,2,favorable_pct,0.25,True,0.0,15.0,True,False
225,long,Long2,2,favorable_pct,0.5,True,1.0,30.0,True,False
225,long,Long2,2,favorable_pct,1.0,True,2.0,45.0,True,False
225,long,Long2,2,favorable_pct,2.0,True,21.0,330.0,True,False
225,long,Long2,2,favorable_pct,3.0,True,38.0,585.0,True,False
226,short,Short1,1,adverse_pct,0.25,True,0.0,15.0,True,False
226,short,Short1,1,adverse_pct,0.5,True,0.0,15.0,True,False
226,short,Short1,1,adverse_pct,1.0,False,,,True,False
226,short,Short1,1,adverse_pct,2.0,False,,,True,False
226,short,Short1,1,adverse_pct,3.0,False,,,True,False
226,short,Short1,1,favorable_pct,0.25,True,2.0,45.0,True,False
226,short,Short1,1,favorable_pct,0.5,True,2.0,45.0,True,False
226,short,Short1,1,favorable_pct,1.0,False,,,True,False
226,short,Short1,1,favorable_pct,2.0,False,,,True,False
226,short,Short1,1,favorable_pct,3.0,False,,,True,False
227,short,Short1,1,adverse_pct,0.25,False,,,True,False
227,short,Short1,1,adverse_pct,0.5,False,,,True,False
227,short,Short1,1,adverse_pct,1.0,False,,,True,False
227,short,Short1,1,adverse_pct,2.0,False,,,True,False
227,short,Short1,1,adverse_pct,3.0,False,,,True,False
227,short,Short1,1,favorable_pct,0.25,True,0.0,15.0,True,False
227,short,Short1,1,favorable_pct,0.5,True,0.0,15.0,True,False
227,short,Short1,1,favorable_pct,1.0,True,3.0,60.0,True,False
227,short,Short1,1,favorable_pct,2.0,True,29.0,450.0,True,False
227,short,Short1,1,favorable_pct,3.0,True,97.0,1470.0,True,False
228,long,Long1,1,adverse_pct,0.25,True,0.0,15.0,False,True
228,long,Long1,1,adverse_pct,0.5,True,0.0,15.0,False,True
228,long,Long1,1,adverse_pct,1.0,True,6.0,105.0,False,True
228,long,Long1,1,adverse_pct,2.0,True,30.0,465.0,False,True
228,long,Long1,1,adverse_pct,3.0,True,31.0,480.0,False,True
228,long,Long1,1,favorable_pct,0.25,False,,,False,True
228,long,Long1,1,favorable_pct,0.5,False,,,False,True
228,long,Long1,1,favorable_pct,1.0,False,,,False,True
228,long,Long1,1,favorable_pct,2.0,False,,,False,True
228,long,Long1,1,favorable_pct,3.0,False,,,False,True
229,long,Long1,1,adverse_pct,0.25,False,,,True,False
229,long,Long1,1,adverse_pct,0.5,False,,,True,False
229,long,Long1,1,adverse_pct,1.0,False,,,True,False
229,long,Long1,1,adverse_pct,2.0,False,,,True,False
229,long,Long1,1,adverse_pct,3.0,False,,,True,False
229,long,Long1,1,favorable_pct,0.25,True,0.0,15.0,True,False
229,long,Long1,1,favorable_pct,0.5,False,,,True,False
229,long,Long1,1,favorable_pct,1.0,False,,,True,False
229,long,Long1,1,favorable_pct,2.0,False,,,True,False
229,long,Long1,1,favorable_pct,3.0,False,,,True,False
230,long,Long1,1,adverse_pct,0.25,True,1.0,30.0,False,True
230,long,Long1,1,adverse_pct,0.5,True,1.0,30.0,False,True
230,long,Long1,1,adverse_pct,1.0,False,,,False,True
230,long,Long1,1,adverse_pct,2.0,False,,,False,True
230,long,Long1,1,adverse_pct,3.0,False,,,False,True
230,long,Long1,1,favorable_pct,0.25,False,,,False,True
230,long,Long1,1,favorable_pct,0.5,False,,,False,True
230,long,Long1,1,favorable_pct,1.0,False,,,False,True
230,long,Long1,1,favorable_pct,2.0,False,,,False,True
230,long,Long1,1,favorable_pct,3.0,False,,,False,True
231,long,Long1,1,adverse_pct,0.25,True,1.0,30.0,False,True
231,long,Long1,1,adverse_pct,0.5,True,2.0,45.0,False,True
231,long,Long1,1,adverse_pct,1.0,True,2.0,45.0,False,True
231,long,Long1,1,adverse_pct,2.0,False,,,False,True
231,long,Long1,1,adverse_pct,3.0,False,,,False,True
231,long,Long1,1,favorable_pct,0.25,True,0.0,15.0,False,True
231,long,Long1,1,favorable_pct,0.5,False,,,False,True
231,long,Long1,1,favorable_pct,1.0,False,,,False,True
231,long,Long1,1,favorable_pct,2.0,False,,,False,True
231,long,Long1,1,favorable_pct,3.0,False,,,False,True
232,long,Long1,1,adverse_pct,0.25,True,1.0,30.0,True,False
232,long,Long1,1,adverse_pct,0.5,True,1.0,30.0,True,False
232,long,Long1,1,adverse_pct,1.0,True,10.0,165.0,True,False
232,long,Long1,1,adverse_pct,2.0,False,,,True,False
232,long,Long1,1,adverse_pct,3.0,False,,,True,False
232,long,Long1,1,favorable_pct,0.25,True,0.0,15.0,True,False
232,long,Long1,1,favorable_pct,0.5,True,68.0,1035.0,True,False
232,long,Long1,1,favorable_pct,1.0,False,,,True,False
232,long,Long1,1,favorable_pct,2.0,False,,,True,False
232,long,Long1,1,favorable_pct,3.0,False,,,True,False
233,long,Long1,1,adverse_pct,0.25,True,0.0,15.0,True,False
233,long,Long1,1,adverse_pct,0.5,True,0.0,15.0,True,False
233,long,Long1,1,adverse_pct,1.0,True,0.0,15.0,True,False
233,long,Long1,1,adverse_pct,2.0,False,,,True,False
233,long,Long1,1,adverse_pct,3.0,False,,,True,False
233,long,Long1,1,favorable_pct,0.25,True,2.0,45.0,True,False
233,long,Long1,1,favorable_pct,0.5,True,3.0,60.0,True,False
233,long,Long1,1,favorable_pct,1.0,True,8.0,135.0,True,False
233,long,Long1,1,favorable_pct,2.0,False,,,True,False
233,long,Long1,1,favorable_pct,3.0,False,,,True,False
234,long,Long1,1,adverse_pct,0.25,True,15.0,240.0,True,False
234,long,Long1,1,adverse_pct,0.5,True,19.0,300.0,True,False
234,long,Long1,1,adverse_pct,1.0,True,31.0,480.0,True,False
234,long,Long1,1,adverse_pct,2.0,False,,,True,False
234,long,Long1,1,adverse_pct,3.0,False,,,True,False
234,long,Long1,1,favorable_pct,0.25,True,6.0,105.0,True,False
234,long,Long1,1,favorable_pct,0.5,True,6.0,105.0,True,False
234,long,Long1,1,favorable_pct,1.0,True,48.0,735.0,True,False
234,long,Long1,1,favorable_pct,2.0,False,,,True,False
234,long,Long1,1,favorable_pct,3.0,False,,,True,False
235,long,Long1,1,adverse_pct,0.25,True,0.0,15.0,True,False
235,long,Long1,1,adverse_pct,0.5,True,0.0,15.0,True,False
235,long,Long1,1,adverse_pct,1.0,False,,,True,False
235,long,Long1,1,adverse_pct,2.0,False,,,True,False
235,long,Long1,1,adverse_pct,3.0,False,,,True,False
235,long,Long1,1,favorable_pct,0.25,True,0.0,15.0,True,False
235,long,Long1,1,favorable_pct,0.5,True,27.0,420.0,True,False
235,long,Long1,1,favorable_pct,1.0,True,38.0,585.0,True,False
235,long,Long1,1,favorable_pct,2.0,True,63.0,960.0,True,False
235,long,Long1,1,favorable_pct,3.0,True,89.0,1350.0,True,False
236,long,Long1,1,adverse_pct,0.25,False,,,True,False
236,long,Long1,1,adverse_pct,0.5,False,,,True,False
236,long,Long1,1,adverse_pct,1.0,False,,,True,False
236,long,Long1,1,adverse_pct,2.0,False,,,True,False
236,long,Long1,1,adverse_pct,3.0,False,,,True,False
236,long,Long1,1,favorable_pct,0.25,True,0.0,15.0,True,False
236,long,Long1,1,favorable_pct,0.5,True,0.0,15.0,True,False
236,long,Long1,1,favorable_pct,1.0,False,,,True,False
236,long,Long1,1,favorable_pct,2.0,False,,,True,False
236,long,Long1,1,favorable_pct,3.0,False,,,True,False
237,long,Long1,1,adverse_pct,0.25,True,11.0,180.0,False,True
237,long,Long1,1,adverse_pct,0.5,True,21.0,330.0,False,True
237,long,Long1,1,adverse_pct,1.0,False,,,False,True
237,long,Long1,1,adverse_pct,2.0,False,,,False,True
237,long,Long1,1,adverse_pct,3.0,False,,,False,True
237,long,Long1,1,favorable_pct,0.25,True,1.0,30.0,False,True
237,long,Long1,1,favorable_pct,0.5,True,1.0,30.0,False,True
237,long,Long1,1,favorable_pct,1.0,False,,,False,True
237,long,Long1,1,favorable_pct,2.0,False,,,False,True
237,long,Long1,1,favorable_pct,3.0,False,,,False,True
238,long,Long1,1,adverse_pct,0.25,True,6.0,105.0,True,False
238,long,Long1,1,adverse_pct,0.5,True,6.0,105.0,True,False
238,long,Long1,1,adverse_pct,1.0,False,,,True,False
238,long,Long1,1,adverse_pct,2.0,False,,,True,False
238,long,Long1,1,adverse_pct,3.0,False,,,True,False
238,long,Long1,1,favorable_pct,0.25,True,0.0,15.0,True,False
238,long,Long1,1,favorable_pct,0.5,True,22.0,345.0,True,False
238,long,Long1,1,favorable_pct,1.0,True,24.0,375.0,True,False
238,long,Long1,1,favorable_pct,2.0,False,,,True,False
238,long,Long1,1,favorable_pct,3.0,False,,,True,False
239,long,Long1,1,adverse_pct,0.25,True,0.0,15.0,False,True
239,long,Long1,1,adverse_pct,0.5,True,0.0,15.0,False,True
239,long,Long1,1,adverse_pct,1.0,True,2.0,45.0,False,True
239,long,Long1,1,adverse_pct,2.0,True,15.0,240.0,False,True
239,long,Long1,1,adverse_pct,3.0,False,,,False,True
239,long,Long1,1,favorable_pct,0.25,False,,,False,True
239,long,Long1,1,favorable_pct,0.5,False,,,False,True
239,long,Long1,1,favorable_pct,1.0,False,,,False,True
239,long,Long1,1,favorable_pct,2.0,False,,,False,True
239,long,Long1,1,favorable_pct,3.0,False,,,False,True
240,long,Long1,1,adverse_pct,0.25,True,11.0,180.0,True,False
240,long,Long1,1,adverse_pct,0.5,True,14.0,225.0,True,False
240,long,Long1,1,adverse_pct,1.0,False,,,True,False
240,long,Long1,1,adverse_pct,2.0,False,,,True,False
240,long,Long1,1,adverse_pct,3.0,False,,,True,False
240,long,Long1,1,favorable_pct,0.25,True,0.0,15.0,True,False
240,long,Long1,1,favorable_pct,0.5,True,5.0,90.0,True,False
240,long,Long1,1,favorable_pct,1.0,False,,,True,False
240,long,Long1,1,favorable_pct,2.0,False,,,True,False
240,long,Long1,1,favorable_pct,3.0,False,,,True,False
241,long,Long1,1,adverse_pct,0.25,True,2.0,45.0,True,False
241,long,Long1,1,adverse_pct,0.5,True,7.0,120.0,True,False
241,long,Long1,1,adverse_pct,1.0,True,9.0,150.0,True,False
241,long,Long1,1,adverse_pct,2.0,False,,,True,False
241,long,Long1,1,adverse_pct,3.0,False,,,True,False
241,long,Long1,1,favorable_pct,0.25,True,1.0,30.0,True,False
241,long,Long1,1,favorable_pct,0.5,True,18.0,285.0,True,False
241,long,Long1,1,favorable_pct,1.0,True,35.0,540.0,True,False
241,long,Long1,1,favorable_pct,2.0,True,46.0,705.0,True,False
241,long,Long1,1,favorable_pct,3.0,False,,,True,False
242,short,Short2,2,adverse_pct,0.25,True,0.0,15.0,True,False
242,short,Short2,2,adverse_pct,0.5,False,,,True,False
242,short,Short2,2,adverse_pct,1.0,False,,,True,False
242,short,Short2,2,adverse_pct,2.0,False,,,True,False
242,short,Short2,2,adverse_pct,3.0,False,,,True,False
242,short,Short2,2,favorable_pct,0.25,True,3.0,60.0,True,False
242,short,Short2,2,favorable_pct,0.5,True,3.0,60.0,True,False
242,short,Short2,2,favorable_pct,1.0,False,,,True,False
242,short,Short2,2,favorable_pct,2.0,False,,,True,False
242,short,Short2,2,favorable_pct,3.0,False,,,True,False
243,short,Short1,1,adverse_pct,0.25,True,0.0,15.0,False,True
243,short,Short1,1,adverse_pct,0.5,True,5.0,90.0,False,True
243,short,Short1,1,adverse_pct,1.0,True,7.0,120.0,False,True
243,short,Short1,1,adverse_pct,2.0,True,13.0,210.0,False,True
243,short,Short1,1,adverse_pct,3.0,False,,,False,True
243,short,Short1,1,favorable_pct,0.25,True,1.0,30.0,False,True
243,short,Short1,1,favorable_pct,0.5,False,,,False,True
243,short,Short1,1,favorable_pct,1.0,False,,,False,True
243,short,Short1,1,favorable_pct,2.0,False,,,False,True
243,short,Short1,1,favorable_pct,3.0,False,,,False,True
244,short,Short1,1,adverse_pct,0.25,True,2.0,45.0,False,True
244,short,Short1,1,adverse_pct,0.5,True,2.0,45.0,False,True
244,short,Short1,1,adverse_pct,1.0,False,,,False,True
244,short,Short1,1,adverse_pct,2.0,False,,,False,True
244,short,Short1,1,adverse_pct,3.0,False,,,False,True
244,short,Short1,1,favorable_pct,0.25,True,0.0,15.0,False,True
244,short,Short1,1,favorable_pct,0.5,True,26.0,405.0,False,True
244,short,Short1,1,favorable_pct,1.0,True,26.0,405.0,False,True
244,short,Short1,1,favorable_pct,2.0,True,37.0,570.0,False,True
244,short,Short1,1,favorable_pct,3.0,True,75.0,1140.0,False,True
245,short,Short2,2,adverse_pct,0.25,True,2.0,45.0,False,True
245,short,Short2,2,adverse_pct,0.5,True,2.0,45.0,False,True
245,short,Short2,2,adverse_pct,1.0,False,,,False,True
245,short,Short2,2,adverse_pct,2.0,False,,,False,True
245,short,Short2,2,adverse_pct,3.0,False,,,False,True
245,short,Short2,2,favorable_pct,0.25,True,0.0,15.0,False,True
245,short,Short2,2,favorable_pct,0.5,True,26.0,405.0,False,True
245,short,Short2,2,favorable_pct,1.0,True,26.0,405.0,False,True
245,short,Short2,2,favorable_pct,2.0,True,37.0,570.0,False,True
245,short,Short2,2,favorable_pct,3.0,True,75.0,1140.0,False,True
246,short,Short1,1,adverse_pct,0.25,True,17.0,270.0,False,True
246,short,Short1,1,adverse_pct,0.5,True,17.0,270.0,False,True
246,short,Short1,1,adverse_pct,1.0,True,22.0,345.0,False,True
246,short,Short1,1,adverse_pct,2.0,False,,,False,True
246,short,Short1,1,adverse_pct,3.0,False,,,False,True
246,short,Short1,1,favorable_pct,0.25,True,3.0,60.0,False,True
246,short,Short1,1,favorable_pct,0.5,True,3.0,60.0,False,True
246,short,Short1,1,favorable_pct,1.0,False,,,False,True
246,short,Short1,1,favorable_pct,2.0,False,,,False,True
246,short,Short1,1,favorable_pct,3.0,False,,,False,True
247,short,Short1,1,adverse_pct,0.25,True,0.0,15.0,False,True
247,short,Short1,1,adverse_pct,0.5,True,6.0,105.0,False,True
247,short,Short1,1,adverse_pct,1.0,True,19.0,300.0,False,True
247,short,Short1,1,adverse_pct,2.0,False,,,False,True
247,short,Short1,1,adverse_pct,3.0,False,,,False,True
247,short,Short1,1,favorable_pct,0.25,True,1.0,30.0,False,True
247,short,Short1,1,favorable_pct,0.5,False,,,False,True
247,short,Short1,1,favorable_pct,1.0,False,,,False,True
247,short,Short1,1,favorable_pct,2.0,False,,,False,True
247,short,Short1,1,favorable_pct,3.0,False,,,False,True
248,short,Short2,2,adverse_pct,0.25,True,5.0,90.0,True,False
248,short,Short2,2,adverse_pct,0.5,True,5.0,90.0,True,False
248,short,Short2,2,adverse_pct,1.0,True,9.0,150.0,True,False
248,short,Short2,2,adverse_pct,2.0,False,,,True,False
248,short,Short2,2,adverse_pct,3.0,False,,,True,False
248,short,Short2,2,favorable_pct,0.25,True,0.0,15.0,True,False
248,short,Short2,2,favorable_pct,0.5,True,89.0,1350.0,True,False
248,short,Short2,2,favorable_pct,1.0,False,,,True,False
248,short,Short2,2,favorable_pct,2.0,False,,,True,False
248,short,Short2,2,favorable_pct,3.0,False,,,True,False
249,short,Short1,1,adverse_pct,0.25,True,46.0,705.0,True,False
249,short,Short1,1,adverse_pct,0.5,False,,,True,False
249,short,Short1,1,adverse_pct,1.0,False,,,True,False
249,short,Short1,1,adverse_pct,2.0,False,,,True,False
249,short,Short1,1,adverse_pct,3.0,False,,,True,False
249,short,Short1,1,favorable_pct,0.25,True,10.0,165.0,True,False
249,short,Short1,1,favorable_pct,0.5,True,35.0,540.0,True,False
249,short,Short1,1,favorable_pct,1.0,False,,,True,False
249,short,Short1,1,favorable_pct,2.0,False,,,True,False
249,short,Short1,1,favorable_pct,3.0,False,,,True,False
250,long,Long1,1,adverse_pct,0.25,True,41.0,630.0,False,True
250,long,Long1,1,adverse_pct,0.5,False,,,False,True
250,long,Long1,1,adverse_pct,1.0,False,,,False,True
250,long,Long1,1,adverse_pct,2.0,False,,,False,True
250,long,Long1,1,adverse_pct,3.0,False,,,False,True
250,long,Long1,1,favorable_pct,0.25,True,1.0,30.0,False,True
250,long,Long1,1,favorable_pct,0.5,True,10.0,165.0,False,True
250,long,Long1,1,favorable_pct,1.0,True,18.0,285.0,False,True
250,long,Long1,1,favorable_pct,2.0,False,,,False,True
250,long,Long1,1,favorable_pct,3.0,False,,,False,True
251,long,Long1,1,adverse_pct,0.25,True,0.0,15.0,False,True
251,long,Long1,1,adverse_pct,0.5,True,0.0,15.0,False,True
251,long,Long1,1,adverse_pct,1.0,False,,,False,True
251,long,Long1,1,adverse_pct,2.0,False,,,False,True
251,long,Long1,1,adverse_pct,3.0,False,,,False,True
251,long,Long1,1,favorable_pct,0.25,True,3.0,60.0,False,True
251,long,Long1,1,favorable_pct,0.5,True,3.0,60.0,False,True
251,long,Long1,1,favorable_pct,1.0,True,27.0,420.0,False,True
251,long,Long1,1,favorable_pct,2.0,False,,,False,True
251,long,Long1,1,favorable_pct,3.0,False,,,False,True
252,short,Short1,1,adverse_pct,0.25,True,0.0,15.0,True,False
252,short,Short1,1,adverse_pct,0.5,True,1.0,30.0,True,False
252,short,Short1,1,adverse_pct,1.0,False,,,True,False
252,short,Short1,1,adverse_pct,2.0,False,,,True,False
252,short,Short1,1,adverse_pct,3.0,False,,,True,False
252,short,Short1,1,favorable_pct,0.25,True,2.0,45.0,True,False
252,short,Short1,1,favorable_pct,0.5,True,12.0,195.0,True,False
252,short,Short1,1,favorable_pct,1.0,True,14.0,225.0,True,False
252,short,Short1,1,favorable_pct,2.0,True,16.0,255.0,True,False
252,short,Short1,1,favorable_pct,3.0,False,,,True,False
253,short,Short1,1,adverse_pct,0.25,True,0.0,15.0,True,False
253,short,Short1,1,adverse_pct,0.5,True,0.0,15.0,True,False
253,short,Short1,1,adverse_pct,1.0,False,,,True,False
253,short,Short1,1,adverse_pct,2.0,False,,,True,False
253,short,Short1,1,adverse_pct,3.0,False,,,True,False
253,short,Short1,1,favorable_pct,0.25,True,2.0,45.0,True,False
253,short,Short1,1,favorable_pct,0.5,True,2.0,45.0,True,False
253,short,Short1,1,favorable_pct,1.0,True,5.0,90.0,True,False
253,short,Short1,1,favorable_pct,2.0,False,,,True,False
253,short,Short1,1,favorable_pct,3.0,False,,,True,False
254,short,Short1,1,adverse_pct,0.25,False,,,True,False
254,short,Short1,1,adverse_pct,0.5,False,,,True,False
254,short,Short1,1,adverse_pct,1.0,False,,,True,False
254,short,Short1,1,adverse_pct,2.0,False,,,True,False
254,short,Short1,1,adverse_pct,3.0,False,,,True,False
254,short,Short1,1,favorable_pct,0.25,True,0.0,15.0,True,False
254,short,Short1,1,favorable_pct,0.5,True,0.0,15.0,True,False
254,short,Short1,1,favorable_pct,1.0,True,2.0,45.0,True,False
254,short,Short1,1,favorable_pct,2.0,False,,,True,False
254,short,Short1,1,favorable_pct,3.0,False,,,True,False
255,short,Short1,1,adverse_pct,0.25,True,0.0,15.0,False,True
255,short,Short1,1,adverse_pct,0.5,True,1.0,30.0,False,True
255,short,Short1,1,adverse_pct,1.0,True,8.0,135.0,False,True
255,short,Short1,1,adverse_pct,2.0,True,27.0,420.0,False,True
255,short,Short1,1,adverse_pct,3.0,False,,,False,True
255,short,Short1,1,favorable_pct,0.25,False,,,False,True
255,short,Short1,1,favorable_pct,0.5,False,,,False,True
255,short,Short1,1,favorable_pct,1.0,False,,,False,True
255,short,Short1,1,favorable_pct,2.0,False,,,False,True
255,short,Short1,1,favorable_pct,3.0,False,,,False,True
256,short,Short2,2,adverse_pct,0.25,True,0.0,15.0,False,True
256,short,Short2,2,adverse_pct,0.5,True,1.0,30.0,False,True
256,short,Short2,2,adverse_pct,1.0,True,8.0,135.0,False,True
256,short,Short2,2,adverse_pct,2.0,True,27.0,420.0,False,True
256,short,Short2,2,adverse_pct,3.0,False,,,False,True
256,short,Short2,2,favorable_pct,0.25,False,,,False,True
256,short,Short2,2,favorable_pct,0.5,False,,,False,True
256,short,Short2,2,favorable_pct,1.0,False,,,False,True
256,short,Short2,2,favorable_pct,2.0,False,,,False,True
256,short,Short2,2,favorable_pct,3.0,False,,,False,True
257,short,Short3,3,adverse_pct,0.25,True,1.0,30.0,False,True
257,short,Short3,3,adverse_pct,0.5,True,1.0,30.0,False,True
257,short,Short3,3,adverse_pct,1.0,True,12.0,195.0,False,True
257,short,Short3,3,adverse_pct,2.0,False,,,False,True
257,short,Short3,3,adverse_pct,3.0,False,,,False,True
257,short,Short3,3,favorable_pct,0.25,True,0.0,15.0,False,True
257,short,Short3,3,favorable_pct,0.5,False,,,False,True
257,short,Short3,3,favorable_pct,1.0,False,,,False,True
257,short,Short3,3,favorable_pct,2.0,False,,,False,True
257,short,Short3,3,favorable_pct,3.0,False,,,False,True
258,short,Short2,2,adverse_pct,0.25,True,2.0,45.0,True,False
258,short,Short2,2,adverse_pct,0.5,False,,,True,False
258,short,Short2,2,adverse_pct,1.0,False,,,True,False
258,short,Short2,2,adverse_pct,2.0,False,,,True,False
258,short,Short2,2,adverse_pct,3.0,False,,,True,False
258,short,Short2,2,favorable_pct,0.25,True,12.0,195.0,True,False
258,short,Short2,2,favorable_pct,0.5,True,12.0,195.0,True,False
258,short,Short2,2,favorable_pct,1.0,True,13.0,210.0,True,False
258,short,Short2,2,favorable_pct,2.0,False,,,True,False
258,short,Short2,2,favorable_pct,3.0,False,,,True,False
259,short,Short1,1,adverse_pct,0.25,True,3.0,60.0,True,False
259,short,Short1,1,adverse_pct,0.5,False,,,True,False
259,short,Short1,1,adverse_pct,1.0,False,,,True,False
259,short,Short1,1,adverse_pct,2.0,False,,,True,False
259,short,Short1,1,adverse_pct,3.0,False,,,True,False
259,short,Short1,1,favorable_pct,0.25,True,0.0,15.0,True,False
259,short,Short1,1,favorable_pct,0.5,True,11.0,180.0,True,False
259,short,Short1,1,favorable_pct,1.0,True,16.0,255.0,True,False
259,short,Short1,1,favorable_pct,2.0,True,38.0,585.0,True,False
259,short,Short1,1,favorable_pct,3.0,False,,,True,False
260,short,Short1,1,adverse_pct,0.25,False,,,True,False
260,short,Short1,1,adverse_pct,0.5,False,,,True,False
260,short,Short1,1,adverse_pct,1.0,False,,,True,False
260,short,Short1,1,adverse_pct,2.0,False,,,True,False
260,short,Short1,1,adverse_pct,3.0,False,,,True,False
260,short,Short1,1,favorable_pct,0.25,True,0.0,15.0,True,False
260,short,Short1,1,favorable_pct,0.5,True,2.0,45.0,True,False
260,short,Short1,1,favorable_pct,1.0,True,3.0,60.0,True,False
260,short,Short1,1,favorable_pct,2.0,True,37.0,570.0,True,False
260,short,Short1,1,favorable_pct,3.0,False,,,True,False
261,short,Short1,1,adverse_pct,0.25,True,1.0,30.0,True,False
261,short,Short1,1,adverse_pct,0.5,True,12.0,195.0,True,False
261,short,Short1,1,adverse_pct,1.0,False,,,True,False
261,short,Short1,1,adverse_pct,2.0,False,,,True,False
261,short,Short1,1,adverse_pct,3.0,False,,,True,False
261,short,Short1,1,favorable_pct,0.25,True,1.0,30.0,True,False
261,short,Short1,1,favorable_pct,0.5,True,7.0,120.0,True,False
261,short,Short1,1,favorable_pct,1.0,True,33.0,510.0,True,False
261,short,Short1,1,favorable_pct,2.0,True,76.0,1155.0,True,False
261,short,Short1,1,favorable_pct,3.0,False,,,True,False
262,short,Short1,1,adverse_pct,0.25,True,0.0,15.0,False,True
262,short,Short1,1,adverse_pct,0.5,True,4.0,75.0,False,True
262,short,Short1,1,adverse_pct,1.0,True,4.0,75.0,False,True
262,short,Short1,1,adverse_pct,2.0,True,94.0,1425.0,False,True
262,short,Short1,1,adverse_pct,3.0,False,,,False,True
262,short,Short1,1,favorable_pct,0.25,True,1.0,30.0,False,True
262,short,Short1,1,favorable_pct,0.5,True,2.0,45.0,False,True
262,short,Short1,1,favorable_pct,1.0,False,,,False,True
262,short,Short1,1,favorable_pct,2.0,False,,,False,True
262,short,Short1,1,favorable_pct,3.0,False,,,False,True
263,short,Short1,1,adverse_pct,0.25,True,1.0,30.0,True,False
263,short,Short1,1,adverse_pct,0.5,False,,,True,False
263,short,Short1,1,adverse_pct,1.0,False,,,True,False
263,short,Short1,1,adverse_pct,2.0,False,,,True,False
263,short,Short1,1,adverse_pct,3.0,False,,,True,False
263,short,Short1,1,favorable_pct,0.25,True,3.0,60.0,True,False
263,short,Short1,1,favorable_pct,0.5,True,5.0,90.0,True,False
263,short,Short1,1,favorable_pct,1.0,True,14.0,225.0,True,False
263,short,Short1,1,favorable_pct,2.0,False,,,True,False
263,short,Short1,1,favorable_pct,3.0,False,,,True,False
264,long,Long1,1,adverse_pct,0.25,True,20.0,315.0,False,True
264,long,Long1,1,adverse_pct,0.5,True,22.0,345.0,False,True
264,long,Long1,1,adverse_pct,1.0,True,24.0,375.0,False,True
264,long,Long1,1,adverse_pct,2.0,True,60.0,915.0,False,True
264,long,Long1,1,adverse_pct,3.0,False,,,False,True
264,long,Long1,1,favorable_pct,0.25,True,11.0,180.0,False,True
264,long,Long1,1,favorable_pct,0.5,False,,,False,True
264,long,Long1,1,favorable_pct,1.0,False,,,False,True
264,long,Long1,1,favorable_pct,2.0,False,,,False,True
264,long,Long1,1,favorable_pct,3.0,False,,,False,True
265,long,Long2,2,adverse_pct,0.25,False,,,True,False
265,long,Long2,2,adverse_pct,0.5,False,,,True,False
265,long,Long2,2,adverse_pct,1.0,False,,,True,False
265,long,Long2,2,adverse_pct,2.0,False,,,True,False
265,long,Long2,2,adverse_pct,3.0,False,,,True,False
265,long,Long2,2,favorable_pct,0.25,True,0.0,15.0,True,False
265,long,Long2,2,favorable_pct,0.5,True,0.0,15.0,True,False
265,long,Long2,2,favorable_pct,1.0,True,3.0,60.0,True,False
265,long,Long2,2,favorable_pct,2.0,False,,,True,False
265,long,Long2,2,favorable_pct,3.0,False,,,True,False
266,long,Long3,3,adverse_pct,0.25,True,0.0,15.0,True,False
266,long,Long3,3,adverse_pct,0.5,True,0.0,15.0,True,False
266,long,Long3,3,adverse_pct,1.0,False,,,True,False
266,long,Long3,3,adverse_pct,2.0,False,,,True,False
266,long,Long3,3,adverse_pct,3.0,False,,,True,False
266,long,Long3,3,favorable_pct,0.25,True,12.0,195.0,True,False
266,long,Long3,3,favorable_pct,0.5,True,14.0,225.0,True,False
266,long,Long3,3,favorable_pct,1.0,True,19.0,300.0,True,False
266,long,Long3,3,favorable_pct,2.0,False,,,True,False
266,long,Long3,3,favorable_pct,3.0,False,,,True,False
267,long,Long1,1,adverse_pct,0.25,True,0.0,15.0,False,True
267,long,Long1,1,adverse_pct,0.5,True,2.0,45.0,False,True
267,long,Long1,1,adverse_pct,1.0,True,4.0,75.0,False,True
267,long,Long1,1,adverse_pct,2.0,True,13.0,210.0,False,True
267,long,Long1,1,adverse_pct,3.0,True,25.0,390.0,False,True
267,long,Long1,1,favorable_pct,0.25,True,0.0,15.0,False,True
267,long,Long1,1,favorable_pct,0.5,False,,,False,True
267,long,Long1,1,favorable_pct,1.0,False,,,False,True
267,long,Long1,1,favorable_pct,2.0,False,,,False,True
267,long,Long1,1,favorable_pct,3.0,False,,,False,True
268,long,Long1,1,adverse_pct,0.25,True,0.0,15.0,True,False
268,long,Long1,1,adverse_pct,0.5,True,0.0,15.0,True,False
268,long,Long1,1,adverse_pct,1.0,True,0.0,15.0,True,False
268,long,Long1,1,adverse_pct,2.0,False,,,True,False
268,long,Long1,1,adverse_pct,3.0,False,,,True,False
268,long,Long1,1,favorable_pct,0.25,True,21.0,330.0,True,False
268,long,Long1,1,favorable_pct,0.5,True,24.0,375.0,True,False
268,long,Long1,1,favorable_pct,1.0,True,34.0,525.0,True,False
268,long,Long1,1,favorable_pct,2.0,False,,,True,False
268,long,Long1,1,favorable_pct,3.0,False,,,True,False
269,long,Long2,2,adverse_pct,0.25,False,,,False,True
269,long,Long2,2,adverse_pct,0.5,False,,,False,True
269,long,Long2,2,adverse_pct,1.0,False,,,False,True
269,long,Long2,2,adverse_pct,2.0,False,,,False,True
269,long,Long2,2,adverse_pct,3.0,False,,,False,True
269,long,Long2,2,favorable_pct,0.25,True,0.0,15.0,False,True
269,long,Long2,2,favorable_pct,0.5,True,2.0,45.0,False,True
269,long,Long2,2,favorable_pct,1.0,True,12.0,195.0,False,True
269,long,Long2,2,favorable_pct,2.0,False,,,False,True
269,long,Long2,2,favorable_pct,3.0,False,,,False,True
270,long,Long1,1,adverse_pct,0.25,False,,,False,True
270,long,Long1,1,adverse_pct,0.5,False,,,False,True
270,long,Long1,1,adverse_pct,1.0,False,,,False,True
270,long,Long1,1,adverse_pct,2.0,False,,,False,True
270,long,Long1,1,adverse_pct,3.0,False,,,False,True
270,long,Long1,1,favorable_pct,0.25,True,0.0,15.0,False,True
270,long,Long1,1,favorable_pct,0.5,True,2.0,45.0,False,True
270,long,Long1,1,favorable_pct,1.0,False,,,False,True
270,long,Long1,1,favorable_pct,2.0,False,,,False,True
270,long,Long1,1,favorable_pct,3.0,False,,,False,True
271,short,Short1,1,adverse_pct,0.25,True,2.0,45.0,True,False
271,short,Short1,1,adverse_pct,0.5,False,,,True,False
271,short,Short1,1,adverse_pct,1.0,False,,,True,False
271,short,Short1,1,adverse_pct,2.0,False,,,True,False
271,short,Short1,1,adverse_pct,3.0,False,,,True,False
271,short,Short1,1,favorable_pct,0.25,True,11.0,180.0,True,False
271,short,Short1,1,favorable_pct,0.5,True,12.0,195.0,True,False
271,short,Short1,1,favorable_pct,1.0,True,27.0,420.0,True,False
271,short,Short1,1,favorable_pct,2.0,False,,,True,False
271,short,Short1,1,favorable_pct,3.0,False,,,True,False
272,short,Short1,1,adverse_pct,0.25,True,3.0,60.0,False,True
272,short,Short1,1,adverse_pct,0.5,True,17.0,270.0,False,True
272,short,Short1,1,adverse_pct,1.0,True,37.0,570.0,False,True
272,short,Short1,1,adverse_pct,2.0,True,39.0,600.0,False,True
272,short,Short1,1,adverse_pct,3.0,False,,,False,True
272,short,Short1,1,favorable_pct,0.25,True,0.0,15.0,False,True
272,short,Short1,1,favorable_pct,0.5,True,26.0,405.0,False,True
272,short,Short1,1,favorable_pct,1.0,False,,,False,True
272,short,Short1,1,favorable_pct,2.0,False,,,False,True
272,short,Short1,1,favorable_pct,3.0,False,,,False,True
273,long,Long1,1,adverse_pct,0.25,True,1.0,30.0,False,True
273,long,Long1,1,adverse_pct,0.5,True,4.0,75.0,False,True
273,long,Long1,1,adverse_pct,1.0,True,4.0,75.0,False,True
273,long,Long1,1,adverse_pct,2.0,True,88.0,1335.0,False,True
273,long,Long1,1,adverse_pct,3.0,True,89.0,1350.0,False,True
273,long,Long1,1,favorable_pct,0.25,True,63.0,960.0,False,True
273,long,Long1,1,favorable_pct,0.5,False,,,False,True
273,long,Long1,1,favorable_pct,1.0,False,,,False,True
273,long,Long1,1,favorable_pct,2.0,False,,,False,True
273,long,Long1,1,favorable_pct,3.0,False,,,False,True
274,long,Long2,2,adverse_pct,0.25,False,,,True,False
274,long,Long2,2,adverse_pct,0.5,False,,,True,False
274,long,Long2,2,adverse_pct,1.0,False,,,True,False
274,long,Long2,2,adverse_pct,2.0,False,,,True,False
274,long,Long2,2,adverse_pct,3.0,False,,,True,False
274,long,Long2,2,favorable_pct,0.25,True,0.0,15.0,True,False
274,long,Long2,2,favorable_pct,0.5,True,1.0,30.0,True,False
274,long,Long2,2,favorable_pct,1.0,True,5.0,90.0,True,False
274,long,Long2,2,favorable_pct,2.0,True,28.0,435.0,True,False
274,long,Long2,2,favorable_pct,3.0,True,60.0,915.0,True,False
275,short,Short2,2,adverse_pct,0.25,True,1.0,30.0,False,True
275,short,Short2,2,adverse_pct,0.5,True,4.0,75.0,False,True
275,short,Short2,2,adverse_pct,1.0,False,,,False,True
275,short,Short2,2,adverse_pct,2.0,False,,,False,True
275,short,Short2,2,adverse_pct,3.0,False,,,False,True
275,short,Short2,2,favorable_pct,0.25,True,0.0,15.0,False,True
275,short,Short2,2,favorable_pct,0.5,True,13.0,210.0,False,True
275,short,Short2,2,favorable_pct,1.0,True,16.0,255.0,False,True
275,short,Short2,2,favorable_pct,2.0,False,,,False,True
275,short,Short2,2,favorable_pct,3.0,False,,,False,True
276,short,Short1,1,adverse_pct,0.25,False,,,False,True
276,short,Short1,1,adverse_pct,0.5,False,,,False,True
276,short,Short1,1,adverse_pct,1.0,False,,,False,True
276,short,Short1,1,adverse_pct,2.0,False,,,False,True
276,short,Short1,1,adverse_pct,3.0,False,,,False,True
276,short,Short1,1,favorable_pct,0.25,True,0.0,15.0,False,True
276,short,Short1,1,favorable_pct,0.5,True,0.0,15.0,False,True
276,short,Short1,1,favorable_pct,1.0,True,1.0,30.0,False,True
276,short,Short1,1,favorable_pct,2.0,True,1.0,30.0,False,True
276,short,Short1,1,favorable_pct,3.0,True,2.0,45.0,False,True
277,short,Short1,1,adverse_pct,0.25,True,0.0,15.0,True,False
277,short,Short1,1,adverse_pct,0.5,True,2.0,45.0,True,False
277,short,Short1,1,adverse_pct,1.0,True,3.0,60.0,True,False
277,short,Short1,1,adverse_pct,2.0,False,,,True,False
277,short,Short1,1,adverse_pct,3.0,False,,,True,False
277,short,Short1,1,favorable_pct,0.25,True,11.0,180.0,True,False
277,short,Short1,1,favorable_pct,0.5,True,11.0,180.0,True,False
277,short,Short1,1,favorable_pct,1.0,True,95.0,1440.0,True,False
277,short,Short1,1,favorable_pct,2.0,False,,,True,False
277,short,Short1,1,favorable_pct,3.0,False,,,True,False
278,short,Short2,2,adverse_pct,0.25,True,0.0,15.0,True,False
278,short,Short2,2,adverse_pct,0.5,True,2.0,45.0,True,False
278,short,Short2,2,adverse_pct,1.0,True,3.0,60.0,True,False
278,short,Short2,2,adverse_pct,2.0,False,,,True,False
278,short,Short2,2,adverse_pct,3.0,False,,,True,False
278,short,Short2,2,favorable_pct,0.25,True,11.0,180.0,True,False
278,short,Short2,2,favorable_pct,0.5,True,11.0,180.0,True,False
278,short,Short2,2,favorable_pct,1.0,True,95.0,1440.0,True,False
278,short,Short2,2,favorable_pct,2.0,False,,,True,False
278,short,Short2,2,favorable_pct,3.0,False,,,True,False
279,short,Short1,1,adverse_pct,0.25,True,29.0,450.0,False,True
279,short,Short1,1,adverse_pct,0.5,True,29.0,450.0,False,True
279,short,Short1,1,adverse_pct,1.0,True,35.0,540.0,False,True
279,short,Short1,1,adverse_pct,2.0,False,,,False,True
279,short,Short1,1,adverse_pct,3.0,False,,,False,True
279,short,Short1,1,favorable_pct,0.25,True,4.0,75.0,False,True
279,short,Short1,1,favorable_pct,0.5,True,20.0,315.0,False,True
279,short,Short1,1,favorable_pct,1.0,False,,,False,True
279,short,Short1,1,favorable_pct,2.0,False,,,False,True
279,short,Short1,1,favorable_pct,3.0,False,,,False,True
280,short,Short1,1,adverse_pct,0.25,False,,,True,False
280,short,Short1,1,adverse_pct,0.5,False,,,True,False
280,short,Short1,1,adverse_pct,1.0,False,,,True,False
280,short,Short1,1,adverse_pct,2.0,False,,,True,False
280,short,Short1,1,adverse_pct,3.0,False,,,True,False
280,short,Short1,1,favorable_pct,0.25,True,2.0,45.0,True,False
280,short,Short1,1,favorable_pct,0.5,True,3.0,60.0,True,False
280,short,Short1,1,favorable_pct,1.0,True,5.0,90.0,True,False
280,short,Short1,1,favorable_pct,2.0,False,,,True,False
280,short,Short1,1,favorable_pct,3.0,False,,,True,False
281,long,Long1,1,adverse_pct,0.25,False,,,True,False
281,long,Long1,1,adverse_pct,0.5,False,,,True,False
281,long,Long1,1,adverse_pct,1.0,False,,,True,False
281,long,Long1,1,adverse_pct,2.0,False,,,True,False
281,long,Long1,1,adverse_pct,3.0,False,,,True,False
281,long,Long1,1,favorable_pct,0.25,True,1.0,30.0,True,False
281,long,Long1,1,favorable_pct,0.5,True,1.0,30.0,True,False
281,long,Long1,1,favorable_pct,1.0,True,12.0,195.0,True,False
281,long,Long1,1,favorable_pct,2.0,False,,,True,False
281,long,Long1,1,favorable_pct,3.0,False,,,True,False
282,long,Long1,1,adverse_pct,0.25,True,0.0,15.0,True,False
282,long,Long1,1,adverse_pct,0.5,True,3.0,60.0,True,False
282,long,Long1,1,adverse_pct,1.0,False,,,True,False
282,long,Long1,1,adverse_pct,2.0,False,,,True,False
282,long,Long1,1,adverse_pct,3.0,False,,,True,False
282,long,Long1,1,favorable_pct,0.25,True,9.0,150.0,True,False
282,long,Long1,1,favorable_pct,0.5,True,10.0,165.0,True,False
282,long,Long1,1,favorable_pct,1.0,False,,,True,False
282,long,Long1,1,favorable_pct,2.0,False,,,True,False
282,long,Long1,1,favorable_pct,3.0,False,,,True,False
283,long,Long1,1,adverse_pct,0.25,True,12.0,195.0,True,False
283,long,Long1,1,adverse_pct,0.5,False,,,True,False
283,long,Long1,1,adverse_pct,1.0,False,,,True,False
283,long,Long1,1,adverse_pct,2.0,False,,,True,False
283,long,Long1,1,adverse_pct,3.0,False,,,True,False
283,long,Long1,1,favorable_pct,0.25,True,0.0,15.0,True,False
283,long,Long1,1,favorable_pct,0.5,True,17.0,270.0,True,False
283,long,Long1,1,favorable_pct,1.0,False,,,True,False
283,long,Long1,1,favorable_pct,2.0,False,,,True,False
283,long,Long1,1,favorable_pct,3.0,False,,,True,False
284,long,Long1,1,adverse_pct,0.25,False,,,True,False
284,long,Long1,1,adverse_pct,0.5,False,,,True,False
284,long,Long1,1,adverse_pct,1.0,False,,,True,False
284,long,Long1,1,adverse_pct,2.0,False,,,True,False
284,long,Long1,1,adverse_pct,3.0,False,,,True,False
284,long,Long1,1,favorable_pct,0.25,True,0.0,15.0,True,False
284,long,Long1,1,favorable_pct,0.5,True,1.0,30.0,True,False
284,long,Long1,1,favorable_pct,1.0,True,3.0,60.0,True,False
284,long,Long1,1,favorable_pct,2.0,True,25.0,390.0,True,False
284,long,Long1,1,favorable_pct,3.0,True,26.0,405.0,True,False
285,long,Long1,1,adverse_pct,0.25,False,,,True,False
285,long,Long1,1,adverse_pct,0.5,False,,,True,False
285,long,Long1,1,adverse_pct,1.0,False,,,True,False
285,long,Long1,1,adverse_pct,2.0,False,,,True,False
285,long,Long1,1,adverse_pct,3.0,False,,,True,False
285,long,Long1,1,favorable_pct,0.25,True,0.0,15.0,True,False
285,long,Long1,1,favorable_pct,0.5,True,0.0,15.0,True,False
285,long,Long1,1,favorable_pct,1.0,True,1.0,30.0,True,False
285,long,Long1,1,favorable_pct,2.0,True,23.0,360.0,True,False
285,long,Long1,1,favorable_pct,3.0,True,158.0,2385.0,True,False
286,short,Short1,1,adverse_pct,0.25,True,9.0,150.0,False,True
286,short,Short1,1,adverse_pct,0.5,True,9.0,150.0,False,True
286,short,Short1,1,adverse_pct,1.0,True,25.0,390.0,False,True
286,short,Short1,1,adverse_pct,2.0,True,26.0,405.0,False,True
286,short,Short1,1,adverse_pct,3.0,True,73.0,1110.0,False,True
286,short,Short1,1,favorable_pct,0.25,True,0.0,15.0,False,True
286,short,Short1,1,favorable_pct,0.5,False,,,False,True
286,short,Short1,1,favorable_pct,1.0,False,,,False,True
286,short,Short1,1,favorable_pct,2.0,False,,,False,True
286,short,Short1,1,favorable_pct,3.0,False,,,False,True
287,short,Short2,2,adverse_pct,0.25,True,0.0,15.0,False,True
287,short,Short2,2,adverse_pct,0.5,True,11.0,180.0,False,True
287,short,Short2,2,adverse_pct,1.0,True,39.0,600.0,False,True
287,short,Short2,2,adverse_pct,2.0,True,47.0,720.0,False,True
287,short,Short2,2,adverse_pct,3.0,False,,,False,True
287,short,Short2,2,favorable_pct,0.25,False,,,False,True
287,short,Short2,2,favorable_pct,0.5,False,,,False,True
287,short,Short2,2,favorable_pct,1.0,False,,,False,True
287,short,Short2,2,favorable_pct,2.0,False,,,False,True
287,short,Short2,2,favorable_pct,3.0,False,,,False,True
288,long,Long1,1,adverse_pct,0.25,True,1.0,30.0,False,True
288,long,Long1,1,adverse_pct,0.5,True,1.0,30.0,False,True
288,long,Long1,1,adverse_pct,1.0,True,21.0,330.0,False,True
288,long,Long1,1,adverse_pct,2.0,False,,,False,True
288,long,Long1,1,adverse_pct,3.0,False,,,False,True
288,long,Long1,1,favorable_pct,0.25,True,3.0,60.0,False,True
288,long,Long1,1,favorable_pct,0.5,True,10.0,165.0,False,True
288,long,Long1,1,favorable_pct,1.0,True,68.0,1035.0,False,True
288,long,Long1,1,favorable_pct,2.0,True,72.0,1095.0,False,True
288,long,Long1,1,favorable_pct,3.0,False,,,False,True
289,long,Long1,1,adverse_pct,0.25,True,8.0,135.0,True,False
289,long,Long1,1,adverse_pct,0.5,False,,,True,False
289,long,Long1,1,adverse_pct,1.0,False,,,True,False
289,long,Long1,1,adverse_pct,2.0,False,,,True,False
289,long,Long1,1,adverse_pct,3.0,False,,,True,False
289,long,Long1,1,favorable_pct,0.25,True,0.0,15.0,True,False
289,long,Long1,1,favorable_pct,0.5,True,0.0,15.0,True,False
289,long,Long1,1,favorable_pct,1.0,True,26.0,405.0,True,False
289,long,Long1,1,favorable_pct,2.0,False,,,True,False
289,long,Long1,1,favorable_pct,3.0,False,,,True,False
290,long,Long1,1,adverse_pct,0.25,True,6.0,105.0,False,True
290,long,Long1,1,adverse_pct,0.5,True,9.0,150.0,False,True
290,long,Long1,1,adverse_pct,1.0,True,10.0,165.0,False,True
290,long,Long1,1,adverse_pct,2.0,True,58.0,885.0,False,True
290,long,Long1,1,adverse_pct,3.0,False,,,False,True
290,long,Long1,1,favorable_pct,0.25,False,,,False,True
290,long,Long1,1,favorable_pct,0.5,False,,,False,True
290,long,Long1,1,favorable_pct,1.0,False,,,False,True
290,long,Long1,1,favorable_pct,2.0,False,,,False,True
290,long,Long1,1,favorable_pct,3.0,False,,,False,True
291,long,Long1,1,adverse_pct,0.25,True,2.0,45.0,True,False
291,long,Long1,1,adverse_pct,0.5,True,13.0,210.0,True,False
291,long,Long1,1,adverse_pct,1.0,True,15.0,240.0,True,False
291,long,Long1,1,adverse_pct,2.0,False,,,True,False
291,long,Long1,1,adverse_pct,3.0,False,,,True,False
291,long,Long1,1,favorable_pct,0.25,True,3.0,60.0,True,False
291,long,Long1,1,favorable_pct,0.5,True,29.0,450.0,True,False
291,long,Long1,1,favorable_pct,1.0,True,45.0,690.0,True,False
291,long,Long1,1,favorable_pct,2.0,True,83.0,1260.0,True,False
291,long,Long1,1,favorable_pct,3.0,True,84.0,1275.0,True,False
292,short,Short1,1,adverse_pct,0.25,True,0.0,15.0,False,True
292,short,Short1,1,adverse_pct,0.5,True,4.0,75.0,False,True
292,short,Short1,1,adverse_pct,1.0,True,5.0,90.0,False,True
292,short,Short1,1,adverse_pct,2.0,True,6.0,105.0,False,True
292,short,Short1,1,adverse_pct,3.0,True,7.0,120.0,False,True
292,short,Short1,1,favorable_pct,0.25,True,1.0,30.0,False,True
292,short,Short1,1,favorable_pct,0.5,True,1.0,30.0,False,True
292,short,Short1,1,favorable_pct,1.0,False,,,False,True
292,short,Short1,1,favorable_pct,2.0,False,,,False,True
292,short,Short1,1,favorable_pct,3.0,False,,,False,True
293,long,TrendLong,0,adverse_pct,0.25,True,0.0,15.0,True,False
293,long,TrendLong,0,adverse_pct,0.5,True,0.0,15.0,True,False
293,long,TrendLong,0,adverse_pct,1.0,False,,,True,False
293,long,TrendLong,0,adverse_pct,2.0,False,,,True,False
293,long,TrendLong,0,adverse_pct,3.0,False,,,True,False
293,long,TrendLong,0,favorable_pct,0.25,True,0.0,15.0,True,False
293,long,TrendLong,0,favorable_pct,0.5,False,,,True,False
293,long,TrendLong,0,favorable_pct,1.0,False,,,True,False
293,long,TrendLong,0,favorable_pct,2.0,False,,,True,False
293,long,TrendLong,0,favorable_pct,3.0,False,,,True,False
294,short,RevShort,0,adverse_pct,0.25,True,0.0,15.0,False,True
294,short,RevShort,0,adverse_pct,0.5,True,0.0,15.0,False,True
294,short,RevShort,0,adverse_pct,1.0,True,8.0,135.0,False,True
294,short,RevShort,0,adverse_pct,2.0,True,63.0,960.0,False,True
294,short,RevShort,0,adverse_pct,3.0,False,,,False,True
294,short,RevShort,0,favorable_pct,0.25,True,3.0,60.0,False,True
294,short,RevShort,0,favorable_pct,0.5,True,3.0,60.0,False,True
294,short,RevShort,0,favorable_pct,1.0,True,3.0,60.0,False,True
294,short,RevShort,0,favorable_pct,2.0,True,14.0,225.0,False,True
294,short,RevShort,0,favorable_pct,3.0,False,,,False,True
295,short,Short1,1,adverse_pct,0.25,True,0.0,15.0,False,True
295,short,Short1,1,adverse_pct,0.5,True,1.0,30.0,False,True
295,short,Short1,1,adverse_pct,1.0,False,,,False,True
295,short,Short1,1,adverse_pct,2.0,False,,,False,True
295,short,Short1,1,adverse_pct,3.0,False,,,False,True
295,short,Short1,1,favorable_pct,0.25,False,,,False,True
295,short,Short1,1,favorable_pct,0.5,False,,,False,True
295,short,Short1,1,favorable_pct,1.0,False,,,False,True
295,short,Short1,1,favorable_pct,2.0,False,,,False,True
295,short,Short1,1,favorable_pct,3.0,False,,,False,True
296,short,Short1,1,adverse_pct,0.25,True,2.0,45.0,True,False
296,short,Short1,1,adverse_pct,0.5,True,3.0,60.0,True,False
296,short,Short1,1,adverse_pct,1.0,False,,,True,False
296,short,Short1,1,adverse_pct,2.0,False,,,True,False
296,short,Short1,1,adverse_pct,3.0,False,,,True,False
296,short,Short1,1,favorable_pct,0.25,True,5.0,90.0,True,False
296,short,Short1,1,favorable_pct,0.5,True,5.0,90.0,True,False
296,short,Short1,1,favorable_pct,1.0,False,,,True,False
296,short,Short1,1,favorable_pct,2.0,False,,,True,False
296,short,Short1,1,favorable_pct,3.0,False,,,True,False
297,short,Short2,2,adverse_pct,0.25,True,2.0,45.0,False,True
297,short,Short2,2,adverse_pct,0.5,True,2.0,45.0,False,True
297,short,Short2,2,adverse_pct,1.0,True,30.0,465.0,False,True
297,short,Short2,2,adverse_pct,2.0,True,33.0,510.0,False,True
297,short,Short2,2,adverse_pct,3.0,False,,,False,True
297,short,Short2,2,favorable_pct,0.25,True,42.0,645.0,False,True
297,short,Short2,2,favorable_pct,0.5,True,43.0,660.0,False,True
297,short,Short2,2,favorable_pct,1.0,True,44.0,675.0,False,True
297,short,Short2,2,favorable_pct,2.0,False,,,False,True
297,short,Short2,2,favorable_pct,3.0,False,,,False,True
298,short,Short3,3,adverse_pct,0.25,True,14.0,225.0,False,True
298,short,Short3,3,adverse_pct,0.5,True,14.0,225.0,False,True
298,short,Short3,3,adverse_pct,1.0,False,,,False,True
298,short,Short3,3,adverse_pct,2.0,False,,,False,True
298,short,Short3,3,adverse_pct,3.0,False,,,False,True
298,short,Short3,3,favorable_pct,0.25,True,0.0,15.0,False,True
298,short,Short3,3,favorable_pct,0.5,True,2.0,45.0,False,True
298,short,Short3,3,favorable_pct,1.0,True,3.0,60.0,False,True
298,short,Short3,3,favorable_pct,2.0,True,8.0,135.0,False,True
298,short,Short3,3,favorable_pct,3.0,False,,,False,True
299,short,Short1,1,adverse_pct,0.25,True,3.0,60.0,False,True
299,short,Short1,1,adverse_pct,0.5,True,3.0,60.0,False,True
299,short,Short1,1,adverse_pct,1.0,True,4.0,75.0,False,True
299,short,Short1,1,adverse_pct,2.0,True,4.0,75.0,False,True
299,short,Short1,1,adverse_pct,3.0,True,6.0,105.0,False,True
299,short,Short1,1,favorable_pct,0.25,True,1.0,30.0,False,True
299,short,Short1,1,favorable_pct,0.5,False,,,False,True
299,short,Short1,1,favorable_pct,1.0,False,,,False,True
299,short,Short1,1,favorable_pct,2.0,False,,,False,True
299,short,Short1,1,favorable_pct,3.0,False,,,False,True
300,short,Short1,1,adverse_pct,0.25,False,,,True,False
300,short,Short1,1,adverse_pct,0.5,False,,,True,False
300,short,Short1,1,adverse_pct,1.0,False,,,True,False
300,short,Short1,1,adverse_pct,2.0,False,,,True,False
300,short,Short1,1,adverse_pct,3.0,False,,,True,False
300,short,Short1,1,favorable_pct,0.25,True,0.0,15.0,True,False
300,short,Short1,1,favorable_pct,0.5,True,0.0,15.0,True,False
300,short,Short1,1,favorable_pct,1.0,True,5.0,90.0,True,False
300,short,Short1,1,favorable_pct,2.0,False,,,True,False
300,short,Short1,1,favorable_pct,3.0,False,,,True,False
301,short,Short1,1,adverse_pct,0.25,True,0.0,15.0,True,False
301,short,Short1,1,adverse_pct,0.5,False,,,True,False
301,short,Short1,1,adverse_pct,1.0,False,,,True,False
301,short,Short1,1,adverse_pct,2.0,False,,,True,False
301,short,Short1,1,adverse_pct,3.0,False,,,True,False
301,short,Short1,1,favorable_pct,0.25,True,2.0,45.0,True,False
301,short,Short1,1,favorable_pct,0.5,True,2.0,45.0,True,False
301,short,Short1,1,favorable_pct,1.0,False,,,True,False
301,short,Short1,1,favorable_pct,2.0,False,,,True,False
301,short,Short1,1,favorable_pct,3.0,False,,,True,False
302,long,TrendLong,0,adverse_pct,0.25,True,0.0,15.0,True,False
302,long,TrendLong,0,adverse_pct,0.5,True,0.0,15.0,True,False
302,long,TrendLong,0,adverse_pct,1.0,True,1.0,30.0,True,False
302,long,TrendLong,0,adverse_pct,2.0,False,,,True,False
302,long,TrendLong,0,adverse_pct,3.0,False,,,True,False
302,long,TrendLong,0,favorable_pct,0.25,True,9.0,150.0,True,False
302,long,TrendLong,0,favorable_pct,0.5,True,9.0,150.0,True,False
302,long,TrendLong,0,favorable_pct,1.0,True,10.0,165.0,True,False
302,long,TrendLong,0,favorable_pct,2.0,True,11.0,180.0,True,False
302,long,TrendLong,0,favorable_pct,3.0,False,,,True,False
303,short,RevShort,0,adverse_pct,0.25,True,2.0,45.0,True,False
303,short,RevShort,0,adverse_pct,0.5,True,4.0,75.0,True,False
303,short,RevShort,0,adverse_pct,1.0,True,4.0,75.0,True,False
303,short,RevShort,0,adverse_pct,2.0,True,11.0,180.0,True,False
303,short,RevShort,0,adverse_pct,3.0,True,42.0,645.0,True,False
303,short,RevShort,0,favorable_pct,0.25,True,0.0,15.0,True,False
303,short,RevShort,0,favorable_pct,0.5,True,0.0,15.0,True,False
303,short,RevShort,0,favorable_pct,1.0,True,57.0,870.0,True,False
303,short,RevShort,0,favorable_pct,2.0,True,58.0,885.0,True,False
303,short,RevShort,0,favorable_pct,3.0,False,,,True,False
304,short,Short1,1,adverse_pct,0.25,True,0.0,15.0,False,True
304,short,Short1,1,adverse_pct,0.5,True,0.0,15.0,False,True
304,short,Short1,1,adverse_pct,1.0,False,,,False,True
304,short,Short1,1,adverse_pct,2.0,False,,,False,True
304,short,Short1,1,adverse_pct,3.0,False,,,False,True
304,short,Short1,1,favorable_pct,0.25,False,,,False,True
304,short,Short1,1,favorable_pct,0.5,False,,,False,True
304,short,Short1,1,favorable_pct,1.0,False,,,False,True
304,short,Short1,1,favorable_pct,2.0,False,,,False,True
304,short,Short1,1,favorable_pct,3.0,False,,,False,True
305,long,TrendLong,0,adverse_pct,0.25,False,,,True,False
305,long,TrendLong,0,adverse_pct,0.5,False,,,True,False
305,long,TrendLong,0,adverse_pct,1.0,False,,,True,False
305,long,TrendLong,0,adverse_pct,2.0,False,,,True,False
305,long,TrendLong,0,adverse_pct,3.0,False,,,True,False
305,long,TrendLong,0,favorable_pct,0.25,True,0.0,15.0,True,False
305,long,TrendLong,0,favorable_pct,0.5,True,0.0,15.0,True,False
305,long,TrendLong,0,favorable_pct,1.0,False,,,True,False
305,long,TrendLong,0,favorable_pct,2.0,False,,,True,False
305,long,TrendLong,0,favorable_pct,3.0,False,,,True,False
306,short,RevShort,0,adverse_pct,0.25,True,0.0,15.0,True,False
306,short,RevShort,0,adverse_pct,0.5,True,0.0,15.0,True,False
306,short,RevShort,0,adverse_pct,1.0,False,,,True,False
306,short,RevShort,0,adverse_pct,2.0,False,,,True,False
306,short,RevShort,0,adverse_pct,3.0,False,,,True,False
306,short,RevShort,0,favorable_pct,0.25,True,0.0,15.0,True,False
306,short,RevShort,0,favorable_pct,0.5,True,2.0,45.0,True,False
306,short,RevShort,0,favorable_pct,1.0,True,2.0,45.0,True,False
306,short,RevShort,0,favorable_pct,2.0,True,13.0,210.0,True,False
306,short,RevShort,0,favorable_pct,3.0,True,16.0,255.0,True,False
307,short,Short1,1,adverse_pct,0.25,False,,,True,False
307,short,Short1,1,adverse_pct,0.5,False,,,True,False
307,short,Short1,1,adverse_pct,1.0,False,,,True,False
307,short,Short1,1,adverse_pct,2.0,False,,,True,False
307,short,Short1,1,adverse_pct,3.0,False,,,True,False
307,short,Short1,1,favorable_pct,0.25,True,0.0,15.0,True,False
307,short,Short1,1,favorable_pct,0.5,True,0.0,15.0,True,False
307,short,Short1,1,favorable_pct,1.0,True,4.0,75.0,True,False
307,short,Short1,1,favorable_pct,2.0,False,,,True,False
307,short,Short1,1,favorable_pct,3.0,False,,,True,False
308,short,Short1,1,adverse_pct,0.25,True,0.0,15.0,False,True
308,short,Short1,1,adverse_pct,0.5,True,0.0,15.0,False,True
308,short,Short1,1,adverse_pct,1.0,True,3.0,60.0,False,True
308,short,Short1,1,adverse_pct,2.0,False,,,False,True
308,short,Short1,1,adverse_pct,3.0,False,,,False,True
308,short,Short1,1,favorable_pct,0.25,True,79.0,1200.0,False,True
308,short,Short1,1,favorable_pct,0.5,False,,,False,True
308,short,Short1,1,favorable_pct,1.0,False,,,False,True
308,short,Short1,1,favorable_pct,2.0,False,,,False,True
308,short,Short1,1,favorable_pct,3.0,False,,,False,True
309,short,Short1,1,adverse_pct,0.25,True,9.0,150.0,True,False
309,short,Short1,1,adverse_pct,0.5,False,,,True,False
309,short,Short1,1,adverse_pct,1.0,False,,,True,False
309,short,Short1,1,adverse_pct,2.0,False,,,True,False
309,short,Short1,1,adverse_pct,3.0,False,,,True,False
309,short,Short1,1,favorable_pct,0.25,True,0.0,15.0,True,False
309,short,Short1,1,favorable_pct,0.5,True,1.0,30.0,True,False
309,short,Short1,1,favorable_pct,1.0,True,16.0,255.0,True,False
309,short,Short1,1,favorable_pct,2.0,True,18.0,285.0,True,False
309,short,Short1,1,favorable_pct,3.0,False,,,True,False
310,short,Short1,1,adverse_pct,0.25,True,1.0,30.0,True,False
310,short,Short1,1,adverse_pct,0.5,True,1.0,30.0,True,False
310,short,Short1,1,adverse_pct,1.0,False,,,True,False
310,short,Short1,1,adverse_pct,2.0,False,,,True,False
310,short,Short1,1,adverse_pct,3.0,False,,,True,False
310,short,Short1,1,favorable_pct,0.25,True,3.0,60.0,True,False
310,short,Short1,1,favorable_pct,0.5,True,3.0,60.0,True,False
310,short,Short1,1,favorable_pct,1.0,True,4.0,75.0,True,False
310,short,Short1,1,favorable_pct,2.0,False,,,True,False
310,short,Short1,1,favorable_pct,3.0,False,,,True,False
311,short,Short1,1,adverse_pct,0.25,True,1.0,30.0,True,False
311,short,Short1,1,adverse_pct,0.5,False,,,True,False
311,short,Short1,1,adverse_pct,1.0,False,,,True,False
311,short,Short1,1,adverse_pct,2.0,False,,,True,False
311,short,Short1,1,adverse_pct,3.0,False,,,True,False
311,short,Short1,1,favorable_pct,0.25,True,1.0,30.0,True,False
311,short,Short1,1,favorable_pct,0.5,True,1.0,30.0,True,False
311,short,Short1,1,favorable_pct,1.0,True,8.0,135.0,True,False
311,short,Short1,1,favorable_pct,2.0,True,15.0,240.0,True,False
311,short,Short1,1,favorable_pct,3.0,False,,,True,False
312,short,Short1,1,adverse_pct,0.25,True,1.0,30.0,False,True
312,short,Short1,1,adverse_pct,0.5,True,2.0,45.0,False,True
312,short,Short1,1,adverse_pct,1.0,True,3.0,60.0,False,True
312,short,Short1,1,adverse_pct,2.0,True,58.0,885.0,False,True
312,short,Short1,1,adverse_pct,3.0,True,61.0,930.0,False,True
312,short,Short1,1,favorable_pct,0.25,True,24.0,375.0,False,True
312,short,Short1,1,favorable_pct,0.5,False,,,False,True
312,short,Short1,1,favorable_pct,1.0,False,,,False,True
312,short,Short1,1,favorable_pct,2.0,False,,,False,True
312,short,Short1,1,favorable_pct,3.0,False,,,False,True
313,short,Short2,2,adverse_pct,0.25,True,0.0,15.0,False,True
313,short,Short2,2,adverse_pct,0.5,True,1.0,30.0,False,True
313,short,Short2,2,adverse_pct,1.0,True,1.0,30.0,False,True
313,short,Short2,2,adverse_pct,2.0,True,4.0,75.0,False,True
313,short,Short2,2,adverse_pct,3.0,False,,,False,True
313,short,Short2,2,favorable_pct,0.25,False,,,False,True
313,short,Short2,2,favorable_pct,0.5,False,,,False,True
313,short,Short2,2,favorable_pct,1.0,False,,,False,True
313,short,Short2,2,favorable_pct,2.0,False,,,False,True
313,short,Short2,2,favorable_pct,3.0,False,,,False,True
314,short,Short1,1,adverse_pct,0.25,True,1.0,30.0,False,True
314,short,Short1,1,adverse_pct,0.5,True,3.0,60.0,False,True
314,short,Short1,1,adverse_pct,1.0,False,,,False,True
314,short,Short1,1,adverse_pct,2.0,False,,,False,True
314,short,Short1,1,adverse_pct,3.0,False,,,False,True
314,short,Short1,1,favorable_pct,0.25,False,,,False,True
314,short,Short1,1,favorable_pct,0.5,False,,,False,True
314,short,Short1,1,favorable_pct,1.0,False,,,False,True
314,short,Short1,1,favorable_pct,2.0,False,,,False,True
314,short,Short1,1,favorable_pct,3.0,False,,,False,True
315,short,Short1,1,adverse_pct,0.25,True,0.0,15.0,True,False
315,short,Short1,1,adverse_pct,0.5,True,3.0,60.0,True,False
315,short,Short1,1,adverse_pct,1.0,True,4.0,75.0,True,False
315,short,Short1,1,adverse_pct,2.0,False,,,True,False
315,short,Short1,1,adverse_pct,3.0,False,,,True,False
315,short,Short1,1,favorable_pct,0.25,True,6.0,105.0,True,False
315,short,Short1,1,favorable_pct,0.5,True,77.0,1170.0,True,False
315,short,Short1,1,favorable_pct,1.0,False,,,True,False
315,short,Short1,1,favorable_pct,2.0,False,,,True,False
315,short,Short1,1,favorable_pct,3.0,False,,,True,False
316,short,Short2,2,adverse_pct,0.25,False,,,False,True
316,short,Short2,2,adverse_pct,0.5,False,,,False,True
316,short,Short2,2,adverse_pct,1.0,False,,,False,True
316,short,Short2,2,adverse_pct,2.0,False,,,False,True
316,short,Short2,2,adverse_pct,3.0,False,,,False,True
316,short,Short2,2,favorable_pct,0.25,True,3.0,60.0,False,True
316,short,Short2,2,favorable_pct,0.5,True,3.0,60.0,False,True
316,short,Short2,2,favorable_pct,1.0,True,4.0,75.0,False,True
316,short,Short2,2,favorable_pct,2.0,False,,,False,True
316,short,Short2,2,favorable_pct,3.0,False,,,False,True
317,short,Short1,1,adverse_pct,0.25,False,,,True,False
317,short,Short1,1,adverse_pct,0.5,False,,,True,False
317,short,Short1,1,adverse_pct,1.0,False,,,True,False
317,short,Short1,1,adverse_pct,2.0,False,,,True,False
317,short,Short1,1,adverse_pct,3.0,False,,,True,False
317,short,Short1,1,favorable_pct,0.25,True,2.0,45.0,True,False
317,short,Short1,1,favorable_pct,0.5,True,10.0,165.0,True,False
317,short,Short1,1,favorable_pct,1.0,True,11.0,180.0,True,False
317,short,Short1,1,favorable_pct,2.0,False,,,True,False
317,short,Short1,1,favorable_pct,3.0,False,,,True,False
318,long,Long1,1,adverse_pct,0.25,True,4.0,75.0,False,True
318,long,Long1,1,adverse_pct,0.5,True,90.0,1365.0,False,True
318,long,Long1,1,adverse_pct,1.0,False,,,False,True
318,long,Long1,1,adverse_pct,2.0,False,,,False,True
318,long,Long1,1,adverse_pct,3.0,False,,,False,True
318,long,Long1,1,favorable_pct,0.25,True,0.0,15.0,False,True
318,long,Long1,1,favorable_pct,0.5,True,2.0,45.0,False,True
318,long,Long1,1,favorable_pct,1.0,True,23.0,360.0,False,True
318,long,Long1,1,favorable_pct,2.0,True,27.0,420.0,False,True
318,long,Long1,1,favorable_pct,3.0,False,,,False,True
319,long,Long2,2,adverse_pct,0.25,False,,,False,True
319,long,Long2,2,adverse_pct,0.5,False,,,False,True
319,long,Long2,2,adverse_pct,1.0,False,,,False,True
319,long,Long2,2,adverse_pct,2.0,False,,,False,True
319,long,Long2,2,adverse_pct,3.0,False,,,False,True
319,long,Long2,2,favorable_pct,0.25,True,0.0,15.0,False,True
319,long,Long2,2,favorable_pct,0.5,True,0.0,15.0,False,True
319,long,Long2,2,favorable_pct,1.0,True,1.0,30.0,False,True
319,long,Long2,2,favorable_pct,2.0,False,,,False,True
319,long,Long2,2,favorable_pct,3.0,False,,,False,True
320,long,Long1,1,adverse_pct,0.25,True,0.0,15.0,False,True
320,long,Long1,1,adverse_pct,0.5,True,5.0,90.0,False,True
320,long,Long1,1,adverse_pct,1.0,True,14.0,225.0,False,True
320,long,Long1,1,adverse_pct,2.0,True,17.0,270.0,False,True
320,long,Long1,1,adverse_pct,3.0,True,58.0,885.0,False,True
320,long,Long1,1,favorable_pct,0.25,True,0.0,15.0,False,True
320,long,Long1,1,favorable_pct,0.5,True,1.0,30.0,False,True
320,long,Long1,1,favorable_pct,1.0,False,,,False,True
320,long,Long1,1,favorable_pct,2.0,False,,,False,True
320,long,Long1,1,favorable_pct,3.0,False,,,False,True
321,long,Long1,1,adverse_pct,0.25,True,0.0,15.0,True,False
321,long,Long1,1,adverse_pct,0.5,True,0.0,15.0,True,False
321,long,Long1,1,adverse_pct,1.0,False,,,True,False
321,long,Long1,1,adverse_pct,2.0,False,,,True,False
321,long,Long1,1,adverse_pct,3.0,False,,,True,False
321,long,Long1,1,favorable_pct,0.25,True,0.0,15.0,True,False
321,long,Long1,1,favorable_pct,0.5,True,3.0,60.0,True,False
321,long,Long1,1,favorable_pct,1.0,True,6.0,105.0,True,False
321,long,Long1,1,favorable_pct,2.0,False,,,True,False
321,long,Long1,1,favorable_pct,3.0,False,,,True,False
322,short,Short1,1,adverse_pct,0.25,False,,,True,False
322,short,Short1,1,adverse_pct,0.5,False,,,True,False
322,short,Short1,1,adverse_pct,1.0,False,,,True,False
322,short,Short1,1,adverse_pct,2.0,False,,,True,False
322,short,Short1,1,adverse_pct,3.0,False,,,True,False
322,short,Short1,1,favorable_pct,0.25,True,0.0,15.0,True,False
322,short,Short1,1,favorable_pct,0.5,True,2.0,45.0,True,False
322,short,Short1,1,favorable_pct,1.0,False,,,True,False
322,short,Short1,1,favorable_pct,2.0,False,,,True,False
322,short,Short1,1,favorable_pct,3.0,False,,,True,False
323,short,Short1,1,adverse_pct,0.25,True,0.0,15.0,True,False
323,short,Short1,1,adverse_pct,0.5,False,,,True,False
323,short,Short1,1,adverse_pct,1.0,False,,,True,False
323,short,Short1,1,adverse_pct,2.0,False,,,True,False
323,short,Short1,1,adverse_pct,3.0,False,,,True,False
323,short,Short1,1,favorable_pct,0.25,True,13.0,210.0,True,False
323,short,Short1,1,favorable_pct,0.5,True,20.0,315.0,True,False
323,short,Short1,1,favorable_pct,1.0,False,,,True,False
323,short,Short1,1,favorable_pct,2.0,False,,,True,False
323,short,Short1,1,favorable_pct,3.0,False,,,True,False
324,short,Short1,1,adverse_pct,0.25,True,8.0,135.0,True,False
324,short,Short1,1,adverse_pct,0.5,True,9.0,150.0,True,False
324,short,Short1,1,adverse_pct,1.0,True,10.0,165.0,True,False
324,short,Short1,1,adverse_pct,2.0,False,,,True,False
324,short,Short1,1,adverse_pct,3.0,False,,,True,False
324,short,Short1,1,favorable_pct,0.25,True,1.0,30.0,True,False
324,short,Short1,1,favorable_pct,0.5,True,51.0,780.0,True,False
324,short,Short1,1,favorable_pct,1.0,False,,,True,False
324,short,Short1,1,favorable_pct,2.0,False,,,True,False
324,short,Short1,1,favorable_pct,3.0,False,,,True,False
325,long,Long1,1,adverse_pct,0.25,True,0.0,15.0,True,False
325,long,Long1,1,adverse_pct,0.5,False,,,True,False
325,long,Long1,1,adverse_pct,1.0,False,,,True,False
325,long,Long1,1,adverse_pct,2.0,False,,,True,False
325,long,Long1,1,adverse_pct,3.0,False,,,True,False
325,long,Long1,1,favorable_pct,0.25,True,10.0,165.0,True,False
325,long,Long1,1,favorable_pct,0.5,True,11.0,180.0,True,False
325,long,Long1,1,favorable_pct,1.0,True,16.0,255.0,True,False
325,long,Long1,1,favorable_pct,2.0,True,20.0,315.0,True,False
325,long,Long1,1,favorable_pct,3.0,False,,,True,False
326,long,Long1,1,adverse_pct,0.25,True,1.0,30.0,True,False
326,long,Long1,1,adverse_pct,0.5,True,9.0,150.0,True,False
326,long,Long1,1,adverse_pct,1.0,True,10.0,165.0,True,False
326,long,Long1,1,adverse_pct,2.0,False,,,True,False
326,long,Long1,1,adverse_pct,3.0,False,,,True,False
326,long,Long1,1,favorable_pct,0.25,True,14.0,225.0,True,False
326,long,Long1,1,favorable_pct,0.5,True,14.0,225.0,True,False
326,long,Long1,1,favorable_pct,1.0,True,15.0,240.0,True,False
326,long,Long1,1,favorable_pct,2.0,False,,,True,False
326,long,Long1,1,favorable_pct,3.0,False,,,True,False
327,short,Short1,1,adverse_pct,0.25,False,,,False,True
327,short,Short1,1,adverse_pct,0.5,False,,,False,True
327,short,Short1,1,adverse_pct,1.0,False,,,False,True
327,short,Short1,1,adverse_pct,2.0,False,,,False,True
327,short,Short1,1,adverse_pct,3.0,False,,,False,True
327,short,Short1,1,favorable_pct,0.25,True,0.0,15.0,False,True
327,short,Short1,1,favorable_pct,0.5,True,0.0,15.0,False,True
327,short,Short1,1,favorable_pct,1.0,True,3.0,60.0,False,True
327,short,Short1,1,favorable_pct,2.0,False,,,False,True
327,short,Short1,1,favorable_pct,3.0,False,,,False,True
328,short,Short1,1,adverse_pct,0.25,True,0.0,15.0,False,True
328,short,Short1,1,adverse_pct,0.5,True,0.0,15.0,False,True
328,short,Short1,1,adverse_pct,1.0,True,0.0,15.0,False,True
328,short,Short1,1,adverse_pct,2.0,True,0.0,15.0,False,True
328,short,Short1,1,adverse_pct,3.0,False,,,False,True
328,short,Short1,1,favorable_pct,0.25,False,,,False,True
328,short,Short1,1,favorable_pct,0.5,False,,,False,True
328,short,Short1,1,favorable_pct,1.0,False,,,False,True
328,short,Short1,1,favorable_pct,2.0,False,,,False,True
328,short,Short1,1,favorable_pct,3.0,False,,,False,True
329,short,Short1,1,adverse_pct,0.25,True,0.0,15.0,True,False
329,short,Short1,1,adverse_pct,0.5,True,0.0,15.0,True,False
329,short,Short1,1,adverse_pct,1.0,True,7.0,120.0,True,False
329,short,Short1,1,adverse_pct,2.0,False,,,True,False
329,short,Short1,1,adverse_pct,3.0,False,,,True,False
329,short,Short1,1,favorable_pct,0.25,True,12.0,195.0,True,False
329,short,Short1,1,favorable_pct,0.5,True,12.0,195.0,True,False
329,short,Short1,1,favorable_pct,1.0,True,18.0,285.0,True,False
329,short,Short1,1,favorable_pct,2.0,True,156.0,2355.0,True,False
329,short,Short1,1,favorable_pct,3.0,False,,,True,False
330,long,Long1,1,adverse_pct,0.25,True,0.0,15.0,False,True
330,long,Long1,1,adverse_pct,0.5,True,0.0,15.0,False,True
330,long,Long1,1,adverse_pct,1.0,True,1.0,30.0,False,True
330,long,Long1,1,adverse_pct,2.0,True,1.0,30.0,False,True
330,long,Long1,1,adverse_pct,3.0,False,,,False,True
330,long,Long1,1,favorable_pct,0.25,True,2.0,45.0,False,True
330,long,Long1,1,favorable_pct,0.5,True,3.0,60.0,False,True
330,long,Long1,1,favorable_pct,1.0,True,15.0,240.0,False,True
330,long,Long1,1,favorable_pct,2.0,False,,,False,True
330,long,Long1,1,favorable_pct,3.0,False,,,False,True
331,long,Long1,1,adverse_pct,0.25,True,0.0,15.0,True,False
331,long,Long1,1,adverse_pct,0.5,True,0.0,15.0,True,False
331,long,Long1,1,adverse_pct,1.0,True,1.0,30.0,True,False
331,long,Long1,1,adverse_pct,2.0,False,,,True,False
331,long,Long1,1,adverse_pct,3.0,False,,,True,False
331,long,Long1,1,favorable_pct,0.25,True,2.0,45.0,True,False
331,long,Long1,1,favorable_pct,0.5,True,2.0,45.0,True,False
331,long,Long1,1,favorable_pct,1.0,True,20.0,315.0,True,False
331,long,Long1,1,favorable_pct,2.0,False,,,True,False
331,long,Long1,1,favorable_pct,3.0,False,,,True,False
332,short,Short1,1,adverse_pct,0.25,True,0.0,15.0,False,True
332,short,Short1,1,adverse_pct,0.5,True,2.0,45.0,False,True
332,short,Short1,1,adverse_pct,1.0,True,17.0,270.0,False,True
332,short,Short1,1,adverse_pct,2.0,False,,,False,True
332,short,Short1,1,adverse_pct,3.0,False,,,False,True
332,short,Short1,1,favorable_pct,0.25,True,8.0,135.0,False,True
332,short,Short1,1,favorable_pct,0.5,True,8.0,135.0,False,True
332,short,Short1,1,favorable_pct,1.0,False,,,False,True
332,short,Short1,1,favorable_pct,2.0,False,,,False,True
332,short,Short1,1,favorable_pct,3.0,False,,,False,True
333,short,Short1,1,adverse_pct,0.25,False,,,True,False
333,short,Short1,1,adverse_pct,0.5,False,,,True,False
333,short,Short1,1,adverse_pct,1.0,False,,,True,False
333,short,Short1,1,adverse_pct,2.0,False,,,True,False
333,short,Short1,1,adverse_pct,3.0,False,,,True,False
333,short,Short1,1,favorable_pct,0.25,True,0.0,15.0,True,False
333,short,Short1,1,favorable_pct,0.5,True,1.0,30.0,True,False
333,short,Short1,1,favorable_pct,1.0,True,1.0,30.0,True,False
333,short,Short1,1,favorable_pct,2.0,False,,,True,False
333,short,Short1,1,favorable_pct,3.0,False,,,True,False
334,short,Short1,1,adverse_pct,0.25,True,16.0,255.0,True,False
334,short,Short1,1,adverse_pct,0.5,True,17.0,270.0,True,False
334,short,Short1,1,adverse_pct,1.0,False,,,True,False
334,short,Short1,1,adverse_pct,2.0,False,,,True,False
334,short,Short1,1,adverse_pct,3.0,False,,,True,False
334,short,Short1,1,favorable_pct,0.25,True,1.0,30.0,True,False
334,short,Short1,1,favorable_pct,0.5,True,4.0,75.0,True,False
334,short,Short1,1,favorable_pct,1.0,False,,,True,False
334,short,Short1,1,favorable_pct,2.0,False,,,True,False
334,short,Short1,1,favorable_pct,3.0,False,,,True,False
335,short,Short2,2,adverse_pct,0.25,False,,,True,False
335,short,Short2,2,adverse_pct,0.5,False,,,True,False
335,short,Short2,2,adverse_pct,1.0,False,,,True,False
335,short,Short2,2,adverse_pct,2.0,False,,,True,False
335,short,Short2,2,adverse_pct,3.0,False,,,True,False
335,short,Short2,2,favorable_pct,0.25,True,0.0,15.0,True,False
335,short,Short2,2,favorable_pct,0.5,True,5.0,90.0,True,False
335,short,Short2,2,favorable_pct,1.0,True,11.0,180.0,True,False
335,short,Short2,2,favorable_pct,2.0,False,,,True,False
335,short,Short2,2,favorable_pct,3.0,False,,,True,False
336,short,Short1,1,adverse_pct,0.25,True,13.0,210.0,False,True
336,short,Short1,1,adverse_pct,0.5,True,14.0,225.0,False,True
336,short,Short1,1,adverse_pct,1.0,True,41.0,630.0,False,True
336,short,Short1,1,adverse_pct,2.0,True,41.0,630.0,False,True
336,short,Short1,1,adverse_pct,3.0,True,46.0,705.0,False,True
336,short,Short1,1,favorable_pct,0.25,True,0.0,15.0,False,True
336,short,Short1,1,favorable_pct,0.5,False,,,False,True
336,short,Short1,1,favorable_pct,1.0,False,,,False,True
336,short,Short1,1,favorable_pct,2.0,False,,,False,True
336,short,Short1,1,favorable_pct,3.0,False,,,False,True
337,short,Short1,1,adverse_pct,0.25,True,0.0,15.0,True,False
337,short,Short1,1,adverse_pct,0.5,True,1.0,30.0,True,False
337,short,Short1,1,adverse_pct,1.0,True,9.0,150.0,True,False
337,short,Short1,1,adverse_pct,2.0,False,,,True,False
337,short,Short1,1,adverse_pct,3.0,False,,,True,False
337,short,Short1,1,favorable_pct,0.25,True,12.0,195.0,True,False
337,short,Short1,1,favorable_pct,0.5,True,13.0,210.0,True,False
337,short,Short1,1,favorable_pct,1.0,False,,,True,False
337,short,Short1,1,favorable_pct,2.0,False,,,True,False
337,short,Short1,1,favorable_pct,3.0,False,,,True,False
338,short,Short2,2,adverse_pct,0.25,True,0.0,15.0,True,False
338,short,Short2,2,adverse_pct,0.5,True,1.0,30.0,True,False
338,short,Short2,2,adverse_pct,1.0,True,9.0,150.0,True,False
338,short,Short2,2,adverse_pct,2.0,False,,,True,False
338,short,Short2,2,adverse_pct,3.0,False,,,True,False
338,short,Short2,2,favorable_pct,0.25,True,12.0,195.0,True,False
338,short,Short2,2,favorable_pct,0.5,True,13.0,210.0,True,False
338,short,Short2,2,favorable_pct,1.0,False,,,True,False
338,short,Short2,2,favorable_pct,2.0,False,,,True,False
338,short,Short2,2,favorable_pct,3.0,False,,,True,False
339,short,Short1,1,adverse_pct,0.25,True,13.0,210.0,False,True
339,short,Short1,1,adverse_pct,0.5,True,18.0,285.0,False,True
339,short,Short1,1,adverse_pct,1.0,True,43.0,660.0,False,True
339,short,Short1,1,adverse_pct,2.0,False,,,False,True
339,short,Short1,1,adverse_pct,3.0,False,,,False,True
339,short,Short1,1,favorable_pct,0.25,True,0.0,15.0,False,True
339,short,Short1,1,favorable_pct,0.5,True,45.0,690.0,False,True
339,short,Short1,1,favorable_pct,1.0,True,46.0,705.0,False,True
339,short,Short1,1,favorable_pct,2.0,False,,,False,True
339,short,Short1,1,favorable_pct,3.0,False,,,False,True
340,long,Long1,1,adverse_pct,0.25,True,0.0,15.0,True,False
340,long,Long1,1,adverse_pct,0.5,False,,,True,False
340,long,Long1,1,adverse_pct,1.0,False,,,True,False
340,long,Long1,1,adverse_pct,2.0,False,,,True,False
340,long,Long1,1,adverse_pct,3.0,False,,,True,False
340,long,Long1,1,favorable_pct,0.25,True,0.0,15.0,True,False
340,long,Long1,1,favorable_pct,0.5,True,0.0,15.0,True,False
340,long,Long1,1,favorable_pct,1.0,False,,,True,False
340,long,Long1,1,favorable_pct,2.0,False,,,True,False
340,long,Long1,1,favorable_pct,3.0,False,,,True,False
341,long,Long2,2,adverse_pct,0.25,True,0.0,15.0,True,False
341,long,Long2,2,adverse_pct,0.5,False,,,True,False
341,long,Long2,2,adverse_pct,1.0,False,,,True,False
341,long,Long2,2,adverse_pct,2.0,False,,,True,False
341,long,Long2,2,adverse_pct,3.0,False,,,True,False
341,long,Long2,2,favorable_pct,0.25,True,0.0,15.0,True,False
341,long,Long2,2,favorable_pct,0.5,True,0.0,15.0,True,False
341,long,Long2,2,favorable_pct,1.0,False,,,True,False
341,long,Long2,2,favorable_pct,2.0,False,,,True,False
341,long,Long2,2,favorable_pct,3.0,False,,,True,False
342,long,Long1,1,adverse_pct,0.25,True,0.0,15.0,True,False
342,long,Long1,1,adverse_pct,0.5,True,1.0,30.0,True,False
342,long,Long1,1,adverse_pct,1.0,True,2.0,45.0,True,False
342,long,Long1,1,adverse_pct,2.0,False,,,True,False
342,long,Long1,1,adverse_pct,3.0,False,,,True,False
342,long,Long1,1,favorable_pct,0.25,True,6.0,105.0,True,False
342,long,Long1,1,favorable_pct,0.5,True,6.0,105.0,True,False
342,long,Long1,1,favorable_pct,1.0,True,23.0,360.0,True,False
342,long,Long1,1,favorable_pct,2.0,True,37.0,570.0,True,False
342,long,Long1,1,favorable_pct,3.0,False,,,True,False
343,long,Long2,2,adverse_pct,0.25,True,0.0,15.0,True,False
343,long,Long2,2,adverse_pct,0.5,True,1.0,30.0,True,False
343,long,Long2,2,adverse_pct,1.0,True,2.0,45.0,True,False
343,long,Long2,2,adverse_pct,2.0,False,,,True,False
343,long,Long2,2,adverse_pct,3.0,False,,,True,False
343,long,Long2,2,favorable_pct,0.25,True,6.0,105.0,True,False
343,long,Long2,2,favorable_pct,0.5,True,6.0,105.0,True,False
343,long,Long2,2,favorable_pct,1.0,True,23.0,360.0,True,False
343,long,Long2,2,favorable_pct,2.0,True,37.0,570.0,True,False
343,long,Long2,2,favorable_pct,3.0,False,,,True,False
344,long,Long1,1,adverse_pct,0.25,True,0.0,15.0,False,True
344,long,Long1,1,adverse_pct,0.5,True,0.0,15.0,False,True
344,long,Long1,1,adverse_pct,1.0,True,4.0,75.0,False,True
344,long,Long1,1,adverse_pct,2.0,True,5.0,90.0,False,True
344,long,Long1,1,adverse_pct,3.0,False,,,False,True
344,long,Long1,1,favorable_pct,0.25,True,0.0,15.0,False,True
344,long,Long1,1,favorable_pct,0.5,True,1.0,30.0,False,True
344,long,Long1,1,favorable_pct,1.0,False,,,False,True
344,long,Long1,1,favorable_pct,2.0,False,,,False,True
344,long,Long1,1,favorable_pct,3.0,False,,,False,True
345,short,TrendShort,0,adverse_pct,0.25,True,0.0,15.0,False,True
345,short,TrendShort,0,adverse_pct,0.5,True,0.0,15.0,False,True
345,short,TrendShort,0,adverse_pct,1.0,False,,,False,True
345,short,TrendShort,0,adverse_pct,2.0,False,,,False,True
345,short,TrendShort,0,adverse_pct,3.0,False,,,False,True
345,short,TrendShort,0,favorable_pct,0.25,True,1.0,30.0,False,True
345,short,TrendShort,0,favorable_pct,0.5,True,1.0,30.0,False,True
345,short,TrendShort,0,favorable_pct,1.0,True,2.0,45.0,False,True
345,short,TrendShort,0,favorable_pct,2.0,True,7.0,120.0,False,True
345,short,TrendShort,0,favorable_pct,3.0,True,11.0,180.0,False,True
346,long,Long1,1,adverse_pct,0.25,True,0.0,15.0,False,True
346,long,Long1,1,adverse_pct,0.5,True,0.0,15.0,False,True
346,long,Long1,1,adverse_pct,1.0,True,1.0,30.0,False,True
346,long,Long1,1,adverse_pct,2.0,False,,,False,True
346,long,Long1,1,adverse_pct,3.0,False,,,False,True
346,long,Long1,1,favorable_pct,0.25,True,4.0,75.0,False,True
346,long,Long1,1,favorable_pct,0.5,True,27.0,420.0,False,True
346,long,Long1,1,favorable_pct,1.0,False,,,False,True
346,long,Long1,1,favorable_pct,2.0,False,,,False,True
346,long,Long1,1,favorable_pct,3.0,False,,,False,True
347,long,Long1,1,adverse_pct,0.25,True,0.0,15.0,True,False
347,long,Long1,1,adverse_pct,0.5,False,,,True,False
347,long,Long1,1,adverse_pct,1.0,False,,,True,False
347,long,Long1,1,adverse_pct,2.0,False,,,True,False
347,long,Long1,1,adverse_pct,3.0,False,,,True,False
347,long,Long1,1,favorable_pct,0.25,True,5.0,90.0,True,False
347,long,Long1,1,favorable_pct,0.5,True,12.0,195.0,True,False
347,long,Long1,1,favorable_pct,1.0,False,,,True,False
347,long,Long1,1,favorable_pct,2.0,False,,,True,False
347,long,Long1,1,favorable_pct,3.0,False,,,True,False
348,long,Long1,1,adverse_pct,0.25,True,0.0,15.0,True,False
348,long,Long1,1,adverse_pct,0.5,True,0.0,15.0,True,False
348,long,Long1,1,adverse_pct,1.0,True,1.0,30.0,True,False
348,long,Long1,1,adverse_pct,2.0,False,,,True,False
348,long,Long1,1,adverse_pct,3.0,False,,,True,False
348,long,Long1,1,favorable_pct,0.25,True,29.0,450.0,True,False
348,long,Long1,1,favorable_pct,0.5,True,29.0,450.0,True,False
348,long,Long1,1,favorable_pct,1.0,True,32.0,495.0,True,False
348,long,Long1,1,favorable_pct,2.0,False,,,True,False
348,long,Long1,1,favorable_pct,3.0,False,,,True,False
349,short,Short1,1,adverse_pct,0.25,True,0.0,15.0,False,True
349,short,Short1,1,adverse_pct,0.5,True,0.0,15.0,False,True
349,short,Short1,1,adverse_pct,1.0,True,3.0,60.0,False,True
349,short,Short1,1,adverse_pct,2.0,False,,,False,True
349,short,Short1,1,adverse_pct,3.0,False,,,False,True
349,short,Short1,1,favorable_pct,0.25,True,18.0,285.0,False,True
349,short,Short1,1,favorable_pct,0.5,False,,,False,True
349,short,Short1,1,favorable_pct,1.0,False,,,False,True
349,short,Short1,1,favorable_pct,2.0,False,,,False,True
349,short,Short1,1,favorable_pct,3.0,False,,,False,True
350,long,Long1,1,adverse_pct,0.25,False,,,True,False
350,long,Long1,1,adverse_pct,0.5,False,,,True,False
350,long,Long1,1,adverse_pct,1.0,False,,,True,False
350,long,Long1,1,adverse_pct,2.0,False,,,True,False
350,long,Long1,1,adverse_pct,3.0,False,,,True,False
350,long,Long1,1,favorable_pct,0.25,True,0.0,15.0,True,False
350,long,Long1,1,favorable_pct,0.5,True,0.0,15.0,True,False
350,long,Long1,1,favorable_pct,1.0,True,1.0,30.0,True,False
350,long,Long1,1,favorable_pct,2.0,True,4.0,75.0,True,False
350,long,Long1,1,favorable_pct,3.0,False,,,True,False
351,long,Long1,1,adverse_pct,0.25,True,0.0,15.0,True,False
351,long,Long1,1,adverse_pct,0.5,False,,,True,False
351,long,Long1,1,adverse_pct,1.0,False,,,True,False
351,long,Long1,1,adverse_pct,2.0,False,,,True,False
351,long,Long1,1,adverse_pct,3.0,False,,,True,False
351,long,Long1,1,favorable_pct,0.25,True,2.0,45.0,True,False
351,long,Long1,1,favorable_pct,0.5,True,3.0,60.0,True,False
351,long,Long1,1,favorable_pct,1.0,True,82.0,1245.0,True,False
351,long,Long1,1,favorable_pct,2.0,False,,,True,False
351,long,Long1,1,favorable_pct,3.0,False,,,True,False
352,long,Long1,1,adverse_pct,0.25,True,1.0,30.0,True,False
352,long,Long1,1,adverse_pct,0.5,True,10.0,165.0,True,False
352,long,Long1,1,adverse_pct,1.0,True,74.0,1125.0,True,False
352,long,Long1,1,adverse_pct,2.0,True,78.0,1185.0,True,False
352,long,Long1,1,adverse_pct,3.0,False,,,True,False
352,long,Long1,1,favorable_pct,0.25,True,7.0,120.0,True,False
352,long,Long1,1,favorable_pct,0.5,True,25.0,390.0,True,False
352,long,Long1,1,favorable_pct,1.0,True,92.0,1395.0,True,False
352,long,Long1,1,favorable_pct,2.0,False,,,True,False
352,long,Long1,1,favorable_pct,3.0,False,,,True,False
353,long,Long1,1,adverse_pct,0.25,True,0.0,15.0,True,False
353,long,Long1,1,adverse_pct,0.5,True,12.0,195.0,True,False
353,long,Long1,1,adverse_pct,1.0,False,,,True,False
353,long,Long1,1,adverse_pct,2.0,False,,,True,False
353,long,Long1,1,adverse_pct,3.0,False,,,True,False
353,long,Long1,1,favorable_pct,0.25,True,1.0,30.0,True,False
353,long,Long1,1,favorable_pct,0.5,True,40.0,615.0,True,False
353,long,Long1,1,favorable_pct,1.0,True,40.0,615.0,True,False
353,long,Long1,1,favorable_pct,2.0,True,41.0,630.0,True,False
353,long,Long1,1,favorable_pct,3.0,True,60.0,915.0,True,False
354,short,Short1,1,adverse_pct,0.25,True,3.0,60.0,False,True
354,short,Short1,1,adverse_pct,0.5,True,5.0,90.0,False,True
354,short,Short1,1,adverse_pct,1.0,True,7.0,120.0,False,True
354,short,Short1,1,adverse_pct,2.0,True,45.0,690.0,False,True
354,short,Short1,1,adverse_pct,3.0,False,,,False,True
354,short,Short1,1,favorable_pct,0.25,False,,,False,True
354,short,Short1,1,favorable_pct,0.5,False,,,False,True
354,short,Short1,1,favorable_pct,1.0,False,,,False,True
354,short,Short1,1,favorable_pct,2.0,False,,,False,True
354,short,Short1,1,favorable_pct,3.0,False,,,False,True
355,short,Short1,1,adverse_pct,0.25,True,1.0,30.0,True,False
355,short,Short1,1,adverse_pct,0.5,True,5.0,90.0,True,False
355,short,Short1,1,adverse_pct,1.0,True,8.0,135.0,True,False
355,short,Short1,1,adverse_pct,2.0,False,,,True,False
355,short,Short1,1,adverse_pct,3.0,False,,,True,False
355,short,Short1,1,favorable_pct,0.25,True,67.0,1020.0,True,False
355,short,Short1,1,favorable_pct,0.5,False,,,True,False
355,short,Short1,1,favorable_pct,1.0,False,,,True,False
355,short,Short1,1,favorable_pct,2.0,False,,,True,False
355,short,Short1,1,favorable_pct,3.0,False,,,True,False
356,short,Short1,1,adverse_pct,0.25,True,1.0,30.0,True,False
356,short,Short1,1,adverse_pct,0.5,True,3.0,60.0,True,False
356,short,Short1,1,adverse_pct,1.0,False,,,True,False
356,short,Short1,1,adverse_pct,2.0,False,,,True,False
356,short,Short1,1,adverse_pct,3.0,False,,,True,False
356,short,Short1,1,favorable_pct,0.25,True,50.0,765.0,True,False
356,short,Short1,1,favorable_pct,0.5,True,56.0,855.0,True,False
356,short,Short1,1,favorable_pct,1.0,False,,,True,False
356,short,Short1,1,favorable_pct,2.0,False,,,True,False
356,short,Short1,1,favorable_pct,3.0,False,,,True,False
357,short,Short1,1,adverse_pct,0.25,True,0.0,15.0,False,True
357,short,Short1,1,adverse_pct,0.5,True,38.0,585.0,False,True
357,short,Short1,1,adverse_pct,1.0,True,38.0,585.0,False,True
357,short,Short1,1,adverse_pct,2.0,True,40.0,615.0,False,True
357,short,Short1,1,adverse_pct,3.0,True,42.0,645.0,False,True
357,short,Short1,1,favorable_pct,0.25,True,8.0,135.0,False,True
357,short,Short1,1,favorable_pct,0.5,True,19.0,300.0,False,True
357,short,Short1,1,favorable_pct,1.0,False,,,False,True
357,short,Short1,1,favorable_pct,2.0,False,,,False,True
357,short,Short1,1,favorable_pct,3.0,False,,,False,True
358,long,Long1,1,adverse_pct,0.25,True,1.0,30.0,False,True
358,long,Long1,1,adverse_pct,0.5,True,2.0,45.0,False,True
358,long,Long1,1,adverse_pct,1.0,True,8.0,135.0,False,True
358,long,Long1,1,adverse_pct,2.0,True,51.0,780.0,False,True
358,long,Long1,1,adverse_pct,3.0,True,92.0,1395.0,False,True
358,long,Long1,1,favorable_pct,0.25,True,0.0,15.0,False,True
358,long,Long1,1,favorable_pct,0.5,False,,,False,True
358,long,Long1,1,favorable_pct,1.0,False,,,False,True
358,long,Long1,1,favorable_pct,2.0,False,,,False,True
358,long,Long1,1,favorable_pct,3.0,False,,,False,True
359,long,Long1,1,adverse_pct,0.25,True,0.0,15.0,True,False
359,long,Long1,1,adverse_pct,0.5,False,,,True,False
359,long,Long1,1,adverse_pct,1.0,False,,,True,False
359,long,Long1,1,adverse_pct,2.0,False,,,True,False
359,long,Long1,1,adverse_pct,3.0,False,,,True,False
359,long,Long1,1,favorable_pct,0.25,True,0.0,15.0,True,False
359,long,Long1,1,favorable_pct,0.5,True,3.0,60.0,True,False
359,long,Long1,1,favorable_pct,1.0,False,,,True,False
359,long,Long1,1,favorable_pct,2.0,False,,,True,False
359,long,Long1,1,favorable_pct,3.0,False,,,True,False
360,long,Long1,1,adverse_pct,0.25,True,1.0,30.0,True,False
360,long,Long1,1,adverse_pct,0.5,False,,,True,False
360,long,Long1,1,adverse_pct,1.0,False,,,True,False
360,long,Long1,1,adverse_pct,2.0,False,,,True,False
360,long,Long1,1,adverse_pct,3.0,False,,,True,False
360,long,Long1,1,favorable_pct,0.25,True,0.0,15.0,True,False
360,long,Long1,1,favorable_pct,0.5,True,2.0,45.0,True,False
360,long,Long1,1,favorable_pct,1.0,True,4.0,75.0,True,False
360,long,Long1,1,favorable_pct,2.0,True,6.0,105.0,True,False
360,long,Long1,1,favorable_pct,3.0,False,,,True,False
361,long,Long2,2,adverse_pct,0.25,True,2.0,45.0,False,True
361,long,Long2,2,adverse_pct,0.5,True,4.0,75.0,False,True
361,long,Long2,2,adverse_pct,1.0,True,4.0,75.0,False,True
361,long,Long2,2,adverse_pct,2.0,False,,,False,True
361,long,Long2,2,adverse_pct,3.0,False,,,False,True
361,long,Long2,2,favorable_pct,0.25,True,1.0,30.0,False,True
361,long,Long2,2,favorable_pct,0.5,True,30.0,465.0,False,True
361,long,Long2,2,favorable_pct,1.0,True,43.0,660.0,False,True
361,long,Long2,2,favorable_pct,2.0,True,51.0,780.0,False,True
361,long,Long2,2,favorable_pct,3.0,False,,,False,True
362,long,Long1,1,adverse_pct,0.25,True,0.0,15.0,True,False
362,long,Long1,1,adverse_pct,0.5,True,2.0,45.0,True,False
362,long,Long1,1,adverse_pct,1.0,True,4.0,75.0,True,False
362,long,Long1,1,adverse_pct,2.0,True,14.0,225.0,True,False
362,long,Long1,1,adverse_pct,3.0,False,,,True,False
362,long,Long1,1,favorable_pct,0.25,True,15.0,240.0,True,False
362,long,Long1,1,favorable_pct,0.5,True,15.0,240.0,True,False
362,long,Long1,1,favorable_pct,1.0,True,17.0,270.0,True,False
362,long,Long1,1,favorable_pct,2.0,False,,,True,False
362,long,Long1,1,favorable_pct,3.0,False,,,True,False
363,short,Short1,1,adverse_pct,0.25,True,13.0,210.0,False,True
363,short,Short1,1,adverse_pct,0.5,True,13.0,210.0,False,True
363,short,Short1,1,adverse_pct,1.0,False,,,False,True
363,short,Short1,1,adverse_pct,2.0,False,,,False,True
363,short,Short1,1,adverse_pct,3.0,False,,,False,True
363,short,Short1,1,favorable_pct,0.25,True,4.0,75.0,False,True
363,short,Short1,1,favorable_pct,0.5,True,8.0,135.0,False,True
363,short,Short1,1,favorable_pct,1.0,True,12.0,195.0,False,True
363,short,Short1,1,favorable_pct,2.0,False,,,False,True
363,short,Short1,1,favorable_pct,3.0,False,,,False,True
364,short,Short1,1,adverse_pct,0.25,True,2.0,45.0,False,True
364,short,Short1,1,adverse_pct,0.5,True,2.0,45.0,False,True
364,short,Short1,1,adverse_pct,1.0,True,22.0,345.0,False,True
364,short,Short1,1,adverse_pct,2.0,False,,,False,True
364,short,Short1,1,adverse_pct,3.0,False,,,False,True
364,short,Short1,1,favorable_pct,0.25,True,0.0,15.0,False,True
364,short,Short1,1,favorable_pct,0.5,False,,,False,True
364,short,Short1,1,favorable_pct,1.0,False,,,False,True
364,short,Short1,1,favorable_pct,2.0,False,,,False,True
364,short,Short1,1,favorable_pct,3.0,False,,,False,True
365,short,Short2,2,adverse_pct,0.25,True,2.0,45.0,False,True
365,short,Short2,2,adverse_pct,0.5,True,2.0,45.0,False,True
365,short,Short2,2,adverse_pct,1.0,True,22.0,345.0,False,True
365,short,Short2,2,adverse_pct,2.0,False,,,False,True
365,short,Short2,2,adverse_pct,3.0,False,,,False,True
365,short,Short2,2,favorable_pct,0.25,True,0.0,15.0,False,True
365,short,Short2,2,favorable_pct,0.5,False,,,False,True
365,short,Short2,2,favorable_pct,1.0,False,,,False,True
365,short,Short2,2,favorable_pct,2.0,False,,,False,True
365,short,Short2,2,favorable_pct,3.0,False,,,False,True
366,short,Short3,3,adverse_pct,0.25,True,13.0,210.0,True,False
366,short,Short3,3,adverse_pct,0.5,True,14.0,225.0,True,False
366,short,Short3,3,adverse_pct,1.0,False,,,True,False
366,short,Short3,3,adverse_pct,2.0,False,,,True,False
366,short,Short3,3,adverse_pct,3.0,False,,,True,False
366,short,Short3,3,favorable_pct,0.25,True,0.0,15.0,True,False
366,short,Short3,3,favorable_pct,0.5,True,1.0,30.0,True,False
366,short,Short3,3,favorable_pct,1.0,True,28.0,435.0,True,False
366,short,Short3,3,favorable_pct,2.0,True,73.0,1110.0,True,False
366,short,Short3,3,favorable_pct,3.0,False,,,True,False
367,short,Short1,1,adverse_pct,0.25,False,,,True,False
367,short,Short1,1,adverse_pct,0.5,False,,,True,False
367,short,Short1,1,adverse_pct,1.0,False,,,True,False
367,short,Short1,1,adverse_pct,2.0,False,,,True,False
367,short,Short1,1,adverse_pct,3.0,False,,,True,False
367,short,Short1,1,favorable_pct,0.25,True,1.0,30.0,True,False
367,short,Short1,1,favorable_pct,0.5,True,2.0,45.0,True,False
367,short,Short1,1,favorable_pct,1.0,True,7.0,120.0,True,False
367,short,Short1,1,favorable_pct,2.0,False,,,True,False
367,short,Short1,1,favorable_pct,3.0,False,,,True,False
368,short,Short1,1,adverse_pct,0.25,True,8.0,135.0,False,True
368,short,Short1,1,adverse_pct,0.5,True,12.0,195.0,False,True
368,short,Short1,1,adverse_pct,1.0,True,27.0,420.0,False,True
368,short,Short1,1,adverse_pct,2.0,True,38.0,585.0,False,True
368,short,Short1,1,adverse_pct,3.0,True,43.0,660.0,False,True
368,short,Short1,1,favorable_pct,0.25,True,0.0,15.0,False,True
368,short,Short1,1,favorable_pct,0.5,False,,,False,True
368,short,Short1,1,favorable_pct,1.0,False,,,False,True
368,short,Short1,1,favorable_pct,2.0,False,,,False,True
368,short,Short1,1,favorable_pct,3.0,False,,,False,True
369,short,Short2,2,adverse_pct,0.25,True,8.0,135.0,False,True
369,short,Short2,2,adverse_pct,0.5,True,12.0,195.0,False,True
369,short,Short2,2,adverse_pct,1.0,True,27.0,420.0,False,True
369,short,Short2,2,adverse_pct,2.0,True,38.0,585.0,False,True
369,short,Short2,2,adverse_pct,3.0,True,43.0,660.0,False,True
369,short,Short2,2,favorable_pct,0.25,True,0.0,15.0,False,True
369,short,Short2,2,favorable_pct,0.5,False,,,False,True
369,short,Short2,2,favorable_pct,1.0,False,,,False,True
369,short,Short2,2,favorable_pct,2.0,False,,,False,True
369,short,Short2,2,favorable_pct,3.0,False,,,False,True
370,short,Short3,3,adverse_pct,0.25,True,2.0,45.0,False,True
370,short,Short3,3,adverse_pct,0.5,True,3.0,60.0,False,True
370,short,Short3,3,adverse_pct,1.0,False,,,False,True
370,short,Short3,3,adverse_pct,2.0,False,,,False,True
370,short,Short3,3,adverse_pct,3.0,False,,,False,True
370,short,Short3,3,favorable_pct,0.25,True,0.0,15.0,False,True
370,short,Short3,3,favorable_pct,0.5,False,,,False,True
370,short,Short3,3,favorable_pct,1.0,False,,,False,True
370,short,Short3,3,favorable_pct,2.0,False,,,False,True
370,short,Short3,3,favorable_pct,3.0,False,,,False,True
371,short,Short1,1,adverse_pct,0.25,False,,,True,False
371,short,Short1,1,adverse_pct,0.5,False,,,True,False
371,short,Short1,1,adverse_pct,1.0,False,,,True,False
371,short,Short1,1,adverse_pct,2.0,False,,,True,False
371,short,Short1,1,adverse_pct,3.0,False,,,True,False
371,short,Short1,1,favorable_pct,0.25,True,1.0,30.0,True,False
371,short,Short1,1,favorable_pct,0.5,True,1.0,30.0,True,False
371,short,Short1,1,favorable_pct,1.0,True,7.0,120.0,True,False
371,short,Short1,1,favorable_pct,2.0,True,29.0,450.0,True,False
371,short,Short1,1,favorable_pct,3.0,True,47.0,720.0,True,False
372,short,Short1,1,adverse_pct,0.25,False,,,True,False
372,short,Short1,1,adverse_pct,0.5,False,,,True,False
372,short,Short1,1,adverse_pct,1.0,False,,,True,False
372,short,Short1,1,adverse_pct,2.0,False,,,True,False
372,short,Short1,1,adverse_pct,3.0,False,,,True,False
372,short,Short1,1,favorable_pct,0.25,True,0.0,15.0,True,False
372,short,Short1,1,favorable_pct,0.5,True,1.0,30.0,True,False
372,short,Short1,1,favorable_pct,1.0,False,,,True,False
372,short,Short1,1,favorable_pct,2.0,False,,,True,False
372,short,Short1,1,favorable_pct,3.0,False,,,True,False
373,short,Short1,1,adverse_pct,0.25,True,2.0,45.0,True,False
373,short,Short1,1,adverse_pct,0.5,False,,,True,False
373,short,Short1,1,adverse_pct,1.0,False,,,True,False
373,short,Short1,1,adverse_pct,2.0,False,,,True,False
373,short,Short1,1,adverse_pct,3.0,False,,,True,False
373,short,Short1,1,favorable_pct,0.25,True,0.0,15.0,True,False
373,short,Short1,1,favorable_pct,0.5,True,0.0,15.0,True,False
373,short,Short1,1,favorable_pct,1.0,True,4.0,75.0,True,False
373,short,Short1,1,favorable_pct,2.0,True,6.0,105.0,True,False
373,short,Short1,1,favorable_pct,3.0,True,7.0,120.0,True,False
374,short,Short1,1,adverse_pct,0.25,True,6.0,105.0,False,True
374,short,Short1,1,adverse_pct,0.5,False,,,False,True
374,short,Short1,1,adverse_pct,1.0,False,,,False,True
374,short,Short1,1,adverse_pct,2.0,False,,,False,True
374,short,Short1,1,adverse_pct,3.0,False,,,False,True
374,short,Short1,1,favorable_pct,0.25,True,0.0,15.0,False,True
374,short,Short1,1,favorable_pct,0.5,True,0.0,15.0,False,True
374,short,Short1,1,favorable_pct,1.0,True,1.0,30.0,False,True
374,short,Short1,1,favorable_pct,2.0,False,,,False,True
374,short,Short1,1,favorable_pct,3.0,False,,,False,True
375,long,Long1,1,adverse_pct,0.25,True,0.0,15.0,True,False
375,long,Long1,1,adverse_pct,0.5,True,0.0,15.0,True,False
375,long,Long1,1,adverse_pct,1.0,True,2.0,45.0,True,False
375,long,Long1,1,adverse_pct,2.0,True,4.0,75.0,True,False
375,long,Long1,1,adverse_pct,3.0,False,,,True,False
375,long,Long1,1,favorable_pct,0.25,True,2.0,45.0,True,False
375,long,Long1,1,favorable_pct,0.5,True,11.0,180.0,True,False
375,long,Long1,1,favorable_pct,1.0,True,43.0,660.0,True,False
375,long,Long1,1,favorable_pct,2.0,True,48.0,735.0,True,False
375,long,Long1,1,favorable_pct,3.0,True,63.0,960.0,True,False
376,long,Long1,1,adverse_pct,0.25,True,4.0,75.0,True,False
376,long,Long1,1,adverse_pct,0.5,True,6.0,105.0,True,False
376,long,Long1,1,adverse_pct,1.0,True,31.0,480.0,True,False
376,long,Long1,1,adverse_pct,2.0,False,,,True,False
376,long,Long1,1,adverse_pct,3.0,False,,,True,False
376,long,Long1,1,favorable_pct,0.25,True,0.0,15.0,True,False
376,long,Long1,1,favorable_pct,0.5,True,1.0,30.0,True,False
376,long,Long1,1,favorable_pct,1.0,True,47.0,720.0,True,False
376,long,Long1,1,favorable_pct,2.0,True,47.0,720.0,True,False
376,long,Long1,1,favorable_pct,3.0,True,48.0,735.0,True,False
377,short,Short1,1,adverse_pct,0.25,True,0.0,15.0,True,False
377,short,Short1,1,adverse_pct,0.5,True,1.0,30.0,True,False
377,short,Short1,1,adverse_pct,1.0,False,,,True,False
377,short,Short1,1,adverse_pct,2.0,False,,,True,False
377,short,Short1,1,adverse_pct,3.0,False,,,True,False
377,short,Short1,1,favorable_pct,0.25,True,5.0,90.0,True,False
377,short,Short1,1,favorable_pct,0.5,True,8.0,135.0,True,False
377,short,Short1,1,favorable_pct,1.0,True,10.0,165.0,True,False
377,short,Short1,1,favorable_pct,2.0,True,59.0,900.0,True,False
377,short,Short1,1,favorable_pct,3.0,True,214.0,3225.0,True,False
378,long,Long1,1,adverse_pct,0.25,True,0.0,15.0,True,False
378,long,Long1,1,adverse_pct,0.5,True,1.0,30.0,True,False
378,long,Long1,1,adverse_pct,1.0,True,5.0,90.0,True,False
378,long,Long1,1,adverse_pct,2.0,True,8.0,135.0,True,False
378,long,Long1,1,adverse_pct,3.0,False,,,True,False
378,long,Long1,1,favorable_pct,0.25,True,30.0,465.0,True,False
378,long,Long1,1,favorable_pct,0.5,True,31.0,480.0,True,False
378,long,Long1,1,favorable_pct,1.0,True,31.0,480.0,True,False
378,long,Long1,1,favorable_pct,2.0,False,,,True,False
378,long,Long1,1,favorable_pct,3.0,False,,,True,False
379,long,Long2,2,adverse_pct,0.25,True,0.0,15.0,True,False
379,long,Long2,2,adverse_pct,0.5,True,1.0,30.0,True,False
379,long,Long2,2,adverse_pct,1.0,True,6.0,105.0,True,False
379,long,Long2,2,adverse_pct,2.0,False,,,True,False
379,long,Long2,2,adverse_pct,3.0,False,,,True,False
379,long,Long2,2,favorable_pct,0.25,True,13.0,210.0,True,False
379,long,Long2,2,favorable_pct,0.5,True,14.0,225.0,True,False
379,long,Long2,2,favorable_pct,1.0,True,14.0,225.0,True,False
379,long,Long2,2,favorable_pct,2.0,True,15.0,240.0,True,False
379,long,Long2,2,favorable_pct,3.0,True,22.0,345.0,True,False
380,long,Long1,1,adverse_pct,0.25,True,0.0,15.0,True,False
380,long,Long1,1,adverse_pct,0.5,False,,,True,False
380,long,Long1,1,adverse_pct,1.0,False,,,True,False
380,long,Long1,1,adverse_pct,2.0,False,,,True,False
380,long,Long1,1,adverse_pct,3.0,False,,,True,False
380,long,Long1,1,favorable_pct,0.25,True,2.0,45.0,True,False
380,long,Long1,1,favorable_pct,0.5,True,2.0,45.0,True,False
380,long,Long1,1,favorable_pct,1.0,True,11.0,180.0,True,False
380,long,Long1,1,favorable_pct,2.0,True,39.0,600.0,True,False
380,long,Long1,1,favorable_pct,3.0,True,85.0,1290.0,True,False
381,short,Short1,1,adverse_pct,0.25,True,4.0,75.0,False,True
381,short,Short1,1,adverse_pct,0.5,True,7.0,120.0,False,True
381,short,Short1,1,adverse_pct,1.0,True,12.0,195.0,False,True
381,short,Short1,1,adverse_pct,2.0,True,53.0,810.0,False,True
381,short,Short1,1,adverse_pct,3.0,False,,,False,True
381,short,Short1,1,favorable_pct,0.25,True,1.0,30.0,False,True
381,short,Short1,1,favorable_pct,0.5,False,,,False,True
381,short,Short1,1,favorable_pct,1.0,False,,,False,True
381,short,Short1,1,favorable_pct,2.0,False,,,False,True
381,short,Short1,1,favorable_pct,3.0,False,,,False,True
382,short,Short1,1,adverse_pct,0.25,False,,,True,False
382,short,Short1,1,adverse_pct,0.5,False,,,True,False
382,short,Short1,1,adverse_pct,1.0,False,,,True,False
382,short,Short1,1,adverse_pct,2.0,False,,,True,False
382,short,Short1,1,adverse_pct,3.0,False,,,True,False
382,short,Short1,1,favorable_pct,0.25,True,0.0,15.0,True,False
382,short,Short1,1,favorable_pct,0.5,True,1.0,30.0,True,False
382,short,Short1,1,favorable_pct,1.0,True,9.0,150.0,True,False
382,short,Short1,1,favorable_pct,2.0,True,10.0,165.0,True,False
382,short,Short1,1,favorable_pct,3.0,True,13.0,210.0,True,False
383,long,Long2,2,adverse_pct,0.25,False,,,True,False
383,long,Long2,2,adverse_pct,0.5,False,,,True,False
383,long,Long2,2,adverse_pct,1.0,False,,,True,False
383,long,Long2,2,adverse_pct,2.0,False,,,True,False
383,long,Long2,2,adverse_pct,3.0,False,,,True,False
383,long,Long2,2,favorable_pct,0.25,True,0.0,15.0,True,False
383,long,Long2,2,favorable_pct,0.5,True,1.0,30.0,True,False
383,long,Long2,2,favorable_pct,1.0,True,6.0,105.0,True,False
383,long,Long2,2,favorable_pct,2.0,False,,,True,False
383,long,Long2,2,favorable_pct,3.0,False,,,True,False
384,long,Long1,1,adverse_pct,0.25,True,3.0,60.0,False,True
384,long,Long1,1,adverse_pct,0.5,True,4.0,75.0,False,True
384,long,Long1,1,adverse_pct,1.0,True,54.0,825.0,False,True
384,long,Long1,1,adverse_pct,2.0,True,73.0,1110.0,False,True
384,long,Long1,1,adverse_pct,3.0,False,,,False,True
384,long,Long1,1,favorable_pct,0.25,True,15.0,240.0,False,True
384,long,Long1,1,favorable_pct,0.5,False,,,False,True
384,long,Long1,1,favorable_pct,1.0,False,,,False,True
384,long,Long1,1,favorable_pct,2.0,False,,,False,True
384,long,Long1,1,favorable_pct,3.0,False,,,False,True
385,long,Long3,3,adverse_pct,0.25,True,0.0,15.0,True,False
385,long,Long3,3,adverse_pct,0.5,True,1.0,30.0,True,False
385,long,Long3,3,adverse_pct,1.0,False,,,True,False
385,long,Long3,3,adverse_pct,2.0,False,,,True,False
385,long,Long3,3,adverse_pct,3.0,False,,,True,False
385,long,Long3,3,favorable_pct,0.25,True,0.0,15.0,True,False
385,long,Long3,3,favorable_pct,0.5,True,5.0,90.0,True,False
385,long,Long3,3,favorable_pct,1.0,True,6.0,105.0,True,False
385,long,Long3,3,favorable_pct,2.0,False,,,True,False
385,long,Long3,3,favorable_pct,3.0,False,,,True,False
386,long,Long1,1,adverse_pct,0.25,True,2.0,45.0,False,True
386,long,Long1,1,adverse_pct,0.5,True,3.0,60.0,False,True
386,long,Long1,1,adverse_pct,1.0,True,21.0,330.0,False,True
386,long,Long1,1,adverse_pct,2.0,True,26.0,405.0,False,True
386,long,Long1,1,adverse_pct,3.0,True,50.0,765.0,False,True
386,long,Long1,1,favorable_pct,0.25,True,0.0,15.0,False,True
386,long,Long1,1,favorable_pct,0.5,True,9.0,150.0,False,True
386,long,Long1,1,favorable_pct,1.0,False,,,False,True
386,long,Long1,1,favorable_pct,2.0,False,,,False,True
386,long,Long1,1,favorable_pct,3.0,False,,,False,True
387,long,Long2,2,adverse_pct,0.25,True,2.0,45.0,False,True
387,long,Long2,2,adverse_pct,0.5,True,3.0,60.0,False,True
387,long,Long2,2,adverse_pct,1.0,True,21.0,330.0,False,True
387,long,Long2,2,adverse_pct,2.0,True,26.0,405.0,False,True
387,long,Long2,2,adverse_pct,3.0,True,50.0,765.0,False,True
387,long,Long2,2,favorable_pct,0.25,True,0.0,15.0,False,True
387,long,Long2,2,favorable_pct,0.5,True,9.0,150.0,False,True
387,long,Long2,2,favorable_pct,1.0,False,,,False,True
387,long,Long2,2,favorable_pct,2.0,False,,,False,True
387,long,Long2,2,favorable_pct,3.0,False,,,False,True
388,short,TrendShort,0,adverse_pct,0.25,True,0.0,15.0,False,True
388,short,TrendShort,0,adverse_pct,0.5,True,0.0,15.0,False,True
388,short,TrendShort,0,adverse_pct,1.0,True,1.0,30.0,False,True
388,short,TrendShort,0,adverse_pct,2.0,False,,,False,True
388,short,TrendShort,0,adverse_pct,3.0,False,,,False,True
388,short,TrendShort,0,favorable_pct,0.25,True,0.0,15.0,False,True
388,short,TrendShort,0,favorable_pct,0.5,True,0.0,15.0,False,True
388,short,TrendShort,0,favorable_pct,1.0,True,0.0,15.0,False,True
388,short,TrendShort,0,favorable_pct,2.0,True,0.0,15.0,False,True
388,short,TrendShort,0,favorable_pct,3.0,False,,,False,True
389,short,Short1,1,adverse_pct,0.25,True,0.0,15.0,True,False
389,short,Short1,1,adverse_pct,0.5,False,,,True,False
389,short,Short1,1,adverse_pct,1.0,False,,,True,False
389,short,Short1,1,adverse_pct,2.0,False,,,True,False
389,short,Short1,1,adverse_pct,3.0,False,,,True,False
389,short,Short1,1,favorable_pct,0.25,True,2.0,45.0,True,False
389,short,Short1,1,favorable_pct,0.5,True,6.0,105.0,True,False
389,short,Short1,1,favorable_pct,1.0,True,11.0,180.0,True,False
389,short,Short1,1,favorable_pct,2.0,False,,,True,False
389,short,Short1,1,favorable_pct,3.0,False,,,True,False
390,long,Long1,1,adverse_pct,0.25,False,,,True,False
390,long,Long1,1,adverse_pct,0.5,False,,,True,False
390,long,Long1,1,adverse_pct,1.0,False,,,True,False
390,long,Long1,1,adverse_pct,2.0,False,,,True,False
390,long,Long1,1,adverse_pct,3.0,False,,,True,False
390,long,Long1,1,favorable_pct,0.25,True,0.0,15.0,True,False
390,long,Long1,1,favorable_pct,0.5,True,0.0,15.0,True,False
390,long,Long1,1,favorable_pct,1.0,True,2.0,45.0,True,False
390,long,Long1,1,favorable_pct,2.0,True,11.0,180.0,True,False
390,long,Long1,1,favorable_pct,3.0,False,,,True,False
391,long,Long1,1,adverse_pct,0.25,True,0.0,15.0,True,False
391,long,Long1,1,adverse_pct,0.5,True,6.0,105.0,True,False
391,long,Long1,1,adverse_pct,1.0,False,,,True,False
391,long,Long1,1,adverse_pct,2.0,False,,,True,False
391,long,Long1,1,adverse_pct,3.0,False,,,True,False
391,long,Long1,1,favorable_pct,0.25,True,0.0,15.0,True,False
391,long,Long1,1,favorable_pct,0.5,True,2.0,45.0,True,False
391,long,Long1,1,favorable_pct,1.0,True,35.0,540.0,True,False
391,long,Long1,1,favorable_pct,2.0,False,,,True,False
391,long,Long1,1,favorable_pct,3.0,False,,,True,False
392,short,Short1,1,adverse_pct,0.25,False,,,True,False
392,short,Short1,1,adverse_pct,0.5,False,,,True,False
392,short,Short1,1,adverse_pct,1.0,False,,,True,False
392,short,Short1,1,adverse_pct,2.0,False,,,True,False
392,short,Short1,1,adverse_pct,3.0,False,,,True,False
392,short,Short1,1,favorable_pct,0.25,True,0.0,15.0,True,False
392,short,Short1,1,favorable_pct,0.5,True,0.0,15.0,True,False
392,short,Short1,1,favorable_pct,1.0,True,0.0,15.0,True,False
392,short,Short1,1,favorable_pct,2.0,True,1.0,30.0,True,False
392,short,Short1,1,favorable_pct,3.0,True,20.0,315.0,True,False
393,long,Long1,1,adverse_pct,0.25,True,0.0,15.0,True,False
393,long,Long1,1,adverse_pct,0.5,False,,,True,False
393,long,Long1,1,adverse_pct,1.0,False,,,True,False
393,long,Long1,1,adverse_pct,2.0,False,,,True,False
393,long,Long1,1,adverse_pct,3.0,False,,,True,False
393,long,Long1,1,favorable_pct,0.25,True,0.0,15.0,True,False
393,long,Long1,1,favorable_pct,0.5,True,1.0,30.0,True,False
393,long,Long1,1,favorable_pct,1.0,True,2.0,45.0,True,False
393,long,Long1,1,favorable_pct,2.0,True,8.0,135.0,True,False
393,long,Long1,1,favorable_pct,3.0,True,63.0,960.0,True,False
394,long,Long1,1,adverse_pct,0.25,False,,,True,False
394,long,Long1,1,adverse_pct,0.5,False,,,True,False
394,long,Long1,1,adverse_pct,1.0,False,,,True,False
394,long,Long1,1,adverse_pct,2.0,False,,,True,False
394,long,Long1,1,adverse_pct,3.0,False,,,True,False
394,long,Long1,1,favorable_pct,0.25,True,0.0,15.0,True,False
394,long,Long1,1,favorable_pct,0.5,True,6.0,105.0,True,False
394,long,Long1,1,favorable_pct,1.0,True,7.0,120.0,True,False
394,long,Long1,1,favorable_pct,2.0,False,,,True,False
394,long,Long1,1,favorable_pct,3.0,False,,,True,False
395,long,Long1,1,adverse_pct,0.25,True,0.0,15.0,True,False
395,long,Long1,1,adverse_pct,0.5,True,2.0,45.0,True,False
395,long,Long1,1,adverse_pct,1.0,False,,,True,False
395,long,Long1,1,adverse_pct,2.0,False,,,True,False
395,long,Long1,1,adverse_pct,3.0,False,,,True,False
395,long,Long1,1,favorable_pct,0.25,True,2.0,45.0,True,False
395,long,Long1,1,favorable_pct,0.5,True,2.0,45.0,True,False
395,long,Long1,1,favorable_pct,1.0,True,5.0,90.0,True,False
395,long,Long1,1,favorable_pct,2.0,True,11.0,180.0,True,False
395,long,Long1,1,favorable_pct,3.0,True,30.0,465.0,True,False
396,short,Short1,1,adverse_pct,0.25,False,,,True,False
396,short,Short1,1,adverse_pct,0.5,False,,,True,False
396,short,Short1,1,adverse_pct,1.0,False,,,True,False
396,short,Short1,1,adverse_pct,2.0,False,,,True,False
396,short,Short1,1,adverse_pct,3.0,False,,,True,False
396,short,Short1,1,favorable_pct,0.25,True,0.0,15.0,True,False
396,short,Short1,1,favorable_pct,0.5,True,5.0,90.0,True,False
396,short,Short1,1,favorable_pct,1.0,True,10.0,165.0,True,False
396,short,Short1,1,favorable_pct,2.0,True,211.0,3180.0,True,False
396,short,Short1,1,favorable_pct,3.0,True,280.0,4215.0,True,False
397,long,Long1,1,adverse_pct,0.25,True,3.0,60.0,True,False
397,long,Long1,1,adverse_pct,0.5,False,,,True,False
397,long,Long1,1,adverse_pct,1.0,False,,,True,False
397,long,Long1,1,adverse_pct,2.0,False,,,True,False
397,long,Long1,1,adverse_pct,3.0,False,,,True,False
397,long,Long1,1,favorable_pct,0.25,True,0.0,15.0,True,False
397,long,Long1,1,favorable_pct,0.5,True,5.0,90.0,True,False
397,long,Long1,1,favorable_pct,1.0,True,5.0,90.0,True,False
397,long,Long1,1,favorable_pct,2.0,True,28.0,435.0,True,False
397,long,Long1,1,favorable_pct,3.0,True,109.0,1650.0,True,False
398,short,Short1,1,adverse_pct,0.25,True,2.0,45.0,True,False
398,short,Short1,1,adverse_pct,0.5,True,54.0,825.0,True,False
398,short,Short1,1,adverse_pct,1.0,True,69.0,1050.0,True,False
398,short,Short1,1,adverse_pct,2.0,False,,,True,False
398,short,Short1,1,adverse_pct,3.0,False,,,True,False
398,short,Short1,1,favorable_pct,0.25,True,7.0,120.0,True,False
398,short,Short1,1,favorable_pct,0.5,True,78.0,1185.0,True,False
398,short,Short1,1,favorable_pct,1.0,False,,,True,False
398,short,Short1,1,favorable_pct,2.0,False,,,True,False
398,short,Short1,1,favorable_pct,3.0,False,,,True,False
399,long,Long1,1,adverse_pct,0.25,False,,,True,False
399,long,Long1,1,adverse_pct,0.5,False,,,True,False
399,long,Long1,1,adverse_pct,1.0,False,,,True,False
399,long,Long1,1,adverse_pct,2.0,False,,,True,False
399,long,Long1,1,adverse_pct,3.0,False,,,True,False
399,long,Long1,1,favorable_pct,0.25,True,0.0,15.0,True,False
399,long,Long1,1,favorable_pct,0.5,True,2.0,45.0,True,False
399,long,Long1,1,favorable_pct,1.0,True,7.0,120.0,True,False
399,long,Long1,1,favorable_pct,2.0,False,,,True,False
399,long,Long1,1,favorable_pct,3.0,False,,,True,False
400,long,Long2,2,adverse_pct,0.25,True,2.0,45.0,True,False
400,long,Long2,2,adverse_pct,0.5,True,2.0,45.0,True,False
400,long,Long2,2,adverse_pct,1.0,False,,,True,False
400,long,Long2,2,adverse_pct,2.0,False,,,True,False
400,long,Long2,2,adverse_pct,3.0,False,,,True,False
400,long,Long2,2,favorable_pct,0.25,True,0.0,15.0,True,False
400,long,Long2,2,favorable_pct,0.5,True,1.0,30.0,True,False
400,long,Long2,2,favorable_pct,1.0,False,,,True,False
400,long,Long2,2,favorable_pct,2.0,False,,,True,False
400,long,Long2,2,favorable_pct,3.0,False,,,True,False
401,long,Long1,1,adverse_pct,0.25,True,0.0,15.0,False,True
401,long,Long1,1,adverse_pct,0.5,True,0.0,15.0,False,True
401,long,Long1,1,adverse_pct,1.0,True,2.0,45.0,False,True
401,long,Long1,1,adverse_pct,2.0,True,28.0,435.0,False,True
401,long,Long1,1,adverse_pct,3.0,True,32.0,495.0,False,True
401,long,Long1,1,favorable_pct,0.25,True,8.0,135.0,False,True
401,long,Long1,1,favorable_pct,0.5,False,,,False,True
401,long,Long1,1,favorable_pct,1.0,False,,,False,True
401,long,Long1,1,favorable_pct,2.0,False,,,False,True
401,long,Long1,1,favorable_pct,3.0,False,,,False,True
402,long,Long1,1,adverse_pct,0.25,True,0.0,15.0,True,False
402,long,Long1,1,adverse_pct,0.5,True,0.0,15.0,True,False
402,long,Long1,1,adverse_pct,1.0,False,,,True,False
402,long,Long1,1,adverse_pct,2.0,False,,,True,False
402,long,Long1,1,adverse_pct,3.0,False,,,True,False
402,long,Long1,1,favorable_pct,0.25,True,2.0,45.0,True,False
402,long,Long1,1,favorable_pct,0.5,True,2.0,45.0,True,False
402,long,Long1,1,favorable_pct,1.0,False,,,True,False
402,long,Long1,1,favorable_pct,2.0,False,,,True,False
402,long,Long1,1,favorable_pct,3.0,False,,,True,False
403,short,TrendShort,0,adverse_pct,0.25,True,0.0,15.0,False,True
403,short,TrendShort,0,adverse_pct,0.5,True,2.0,45.0,False,True
403,short,TrendShort,0,adverse_pct,1.0,True,2.0,45.0,False,True
403,short,TrendShort,0,adverse_pct,2.0,True,20.0,315.0,False,True
403,short,TrendShort,0,adverse_pct,3.0,True,27.0,420.0,False,True
403,short,TrendShort,0,favorable_pct,0.25,True,0.0,15.0,False,True
403,short,TrendShort,0,favorable_pct,0.5,True,0.0,15.0,False,True
403,short,TrendShort,0,favorable_pct,1.0,False,,,False,True
403,short,TrendShort,0,favorable_pct,2.0,False,,,False,True
403,short,TrendShort,0,favorable_pct,3.0,False,,,False,True
404,long,Long1,1,adverse_pct,0.25,True,1.0,30.0,False,True
404,long,Long1,1,adverse_pct,0.5,True,1.0,30.0,False,True
404,long,Long1,1,adverse_pct,1.0,True,2.0,45.0,False,True
404,long,Long1,1,adverse_pct,2.0,True,3.0,60.0,False,True
404,long,Long1,1,adverse_pct,3.0,True,19.0,300.0,False,True
404,long,Long1,1,favorable_pct,0.25,True,6.0,105.0,False,True
404,long,Long1,1,favorable_pct,0.5,True,6.0,105.0,False,True
404,long,Long1,1,favorable_pct,1.0,False,,,False,True
404,long,Long1,1,favorable_pct,2.0,False,,,False,True
404,long,Long1,1,favorable_pct,3.0,False,,,False,True
405,short,TrendShort,0,adverse_pct,0.25,True,0.0,15.0,False,True
405,short,TrendShort,0,adverse_pct,0.5,True,4.0,75.0,False,True
405,short,TrendShort,0,adverse_pct,1.0,True,6.0,105.0,False,True
405,short,TrendShort,0,adverse_pct,2.0,False,,,False,True
405,short,TrendShort,0,adverse_pct,3.0,False,,,False,True
405,short,TrendShort,0,favorable_pct,0.25,True,0.0,15.0,False,True
405,short,TrendShort,0,favorable_pct,0.5,True,1.0,30.0,False,True
405,short,TrendShort,0,favorable_pct,1.0,True,1.0,30.0,False,True
405,short,TrendShort,0,favorable_pct,2.0,True,2.0,45.0,False,True
405,short,TrendShort,0,favorable_pct,3.0,False,,,False,True
406,long,Long1,1,adverse_pct,0.25,False,,,True,False
406,long,Long1,1,adverse_pct,0.5,False,,,True,False
406,long,Long1,1,adverse_pct,1.0,False,,,True,False
406,long,Long1,1,adverse_pct,2.0,False,,,True,False
406,long,Long1,1,adverse_pct,3.0,False,,,True,False
406,long,Long1,1,favorable_pct,0.25,True,0.0,15.0,True,False
406,long,Long1,1,favorable_pct,0.5,True,0.0,15.0,True,False
406,long,Long1,1,favorable_pct,1.0,False,,,True,False
406,long,Long1,1,favorable_pct,2.0,False,,,True,False
406,long,Long1,1,favorable_pct,3.0,False,,,True,False
407,long,Long2,2,adverse_pct,0.25,False,,,True,False
407,long,Long2,2,adverse_pct,0.5,False,,,True,False
407,long,Long2,2,adverse_pct,1.0,False,,,True,False
407,long,Long2,2,adverse_pct,2.0,False,,,True,False
407,long,Long2,2,adverse_pct,3.0,False,,,True,False
407,long,Long2,2,favorable_pct,0.25,True,0.0,15.0,True,False
407,long,Long2,2,favorable_pct,0.5,True,0.0,15.0,True,False
407,long,Long2,2,favorable_pct,1.0,False,,,True,False
407,long,Long2,2,favorable_pct,2.0,False,,,True,False
407,long,Long2,2,favorable_pct,3.0,False,,,True,False
408,long,Long1,1,adverse_pct,0.25,True,0.0,15.0,True,False
408,long,Long1,1,adverse_pct,0.5,True,0.0,15.0,True,False
408,long,Long1,1,adverse_pct,1.0,True,0.0,15.0,True,False
408,long,Long1,1,adverse_pct,2.0,False,,,True,False
408,long,Long1,1,adverse_pct,3.0,False,,,True,False
408,long,Long1,1,favorable_pct,0.25,True,6.0,105.0,True,False
408,long,Long1,1,favorable_pct,0.5,True,11.0,180.0,True,False
408,long,Long1,1,favorable_pct,1.0,False,,,True,False
408,long,Long1,1,favorable_pct,2.0,False,,,True,False
408,long,Long1,1,favorable_pct,3.0,False,,,True,False
409,short,TrendShort,0,adverse_pct,0.25,True,0.0,15.0,True,False
409,short,TrendShort,0,adverse_pct,0.5,True,0.0,15.0,True,False
409,short,TrendShort,0,adverse_pct,1.0,False,,,True,False
409,short,TrendShort,0,adverse_pct,2.0,False,,,True,False
409,short,TrendShort,0,adverse_pct,3.0,False,,,True,False
409,short,TrendShort,0,favorable_pct,0.25,True,2.0,45.0,True,False
409,short,TrendShort,0,favorable_pct,0.5,True,3.0,60.0,True,False
409,short,TrendShort,0,favorable_pct,1.0,True,4.0,75.0,True,False
409,short,TrendShort,0,favorable_pct,2.0,True,11.0,180.0,True,False
409,short,TrendShort,0,favorable_pct,3.0,True,21.0,330.0,True,False
410,short,Short1,1,adverse_pct,0.25,True,2.0,45.0,False,True
410,short,Short1,1,adverse_pct,0.5,True,15.0,240.0,False,True
410,short,Short1,1,adverse_pct,1.0,True,68.0,1035.0,False,True
410,short,Short1,1,adverse_pct,2.0,False,,,False,True
410,short,Short1,1,adverse_pct,3.0,False,,,False,True
410,short,Short1,1,favorable_pct,0.25,True,0.0,15.0,False,True
410,short,Short1,1,favorable_pct,0.5,True,24.0,375.0,False,True
410,short,Short1,1,favorable_pct,1.0,True,64.0,975.0,False,True
410,short,Short1,1,favorable_pct,2.0,False,,,False,True
410,short,Short1,1,favorable_pct,3.0,False,,,False,True
411,long,TrendLong,0,adverse_pct,0.25,True,0.0,15.0,True,False
411,long,TrendLong,0,adverse_pct,0.5,True,0.0,15.0,True,False
411,long,TrendLong,0,adverse_pct,1.0,False,,,True,False
411,long,TrendLong,0,adverse_pct,2.0,False,,,True,False
411,long,TrendLong,0,adverse_pct,3.0,False,,,True,False
411,long,TrendLong,0,favorable_pct,0.25,True,0.0,15.0,True,False
411,long,TrendLong,0,favorable_pct,0.5,True,0.0,15.0,True,False
411,long,TrendLong,0,favorable_pct,1.0,False,,,True,False
411,long,TrendLong,0,favorable_pct,2.0,False,,,True,False
411,long,TrendLong,0,favorable_pct,3.0,False,,,True,False
412,short,RevShort,0,adverse_pct,0.25,True,0.0,15.0,True,False
412,short,RevShort,0,adverse_pct,0.5,True,0.0,15.0,True,False
412,short,RevShort,0,adverse_pct,1.0,True,0.0,15.0,True,False
412,short,RevShort,0,adverse_pct,2.0,True,1.0,30.0,True,False
412,short,RevShort,0,adverse_pct,3.0,True,1.0,30.0,True,False
412,short,RevShort,0,favorable_pct,0.25,True,54.0,825.0,True,False
412,short,RevShort,0,favorable_pct,0.5,True,62.0,945.0,True,False
412,short,RevShort,0,favorable_pct,1.0,True,86.0,1305.0,True,False
412,short,RevShort,0,favorable_pct,2.0,True,86.0,1305.0,True,False
412,short,RevShort,0,favorable_pct,3.0,True,100.0,1515.0,True,False
413,long,Long1,1,adverse_pct,0.25,True,1.0,30.0,True,False
413,long,Long1,1,adverse_pct,0.5,True,2.0,45.0,True,False
413,long,Long1,1,adverse_pct,1.0,False,,,True,False
413,long,Long1,1,adverse_pct,2.0,False,,,True,False
413,long,Long1,1,adverse_pct,3.0,False,,,True,False
413,long,Long1,1,favorable_pct,0.25,True,0.0,15.0,True,False
413,long,Long1,1,favorable_pct,0.5,True,5.0,90.0,True,False
413,long,Long1,1,favorable_pct,1.0,True,14.0,225.0,True,False
413,long,Long1,1,favorable_pct,2.0,False,,,True,False
413,long,Long1,1,favorable_pct,3.0,False,,,True,False
414,long,Long2,2,adverse_pct,0.25,True,5.0,90.0,True,False
414,long,Long2,2,adverse_pct,0.5,True,6.0,105.0,True,False
414,long,Long2,2,adverse_pct,1.0,True,10.0,165.0,True,False
414,long,Long2,2,adverse_pct,2.0,True,15.0,240.0,True,False
414,long,Long2,2,adverse_pct,3.0,False,,,True,False
414,long,Long2,2,favorable_pct,0.25,True,1.0,30.0,True,False
414,long,Long2,2,favorable_pct,0.5,True,1.0,30.0,True,False
414,long,Long2,2,favorable_pct,1.0,True,15.0,240.0,True,False
414,long,Long2,2,favorable_pct,2.0,False,,,True,False
414,long,Long2,2,favorable_pct,3.0,False,,,True,False
415,short,Short1,1,adverse_pct,0.25,True,4.0,75.0,True,False
415,short,Short1,1,adverse_pct,0.5,True,4.0,75.0,True,False
415,short,Short1,1,adverse_pct,1.0,True,6.0,105.0,True,False
415,short,Short1,1,adverse_pct,2.0,False,,,True,False
415,short,Short1,1,adverse_pct,3.0,False,,,True,False
415,short,Short1,1,favorable_pct,0.25,True,0.0,15.0,True,False
415,short,Short1,1,favorable_pct,0.5,True,9.0,150.0,True,False
415,short,Short1,1,favorable_pct,1.0,False,,,True,False
415,short,Short1,1,favorable_pct,2.0,False,,,True,False
415,short,Short1,1,favorable_pct,3.0,False,,,True,False
416,short,Short1,1,adverse_pct,0.25,True,6.0,105.0,False,True
416,short,Short1,1,adverse_pct,0.5,True,9.0,150.0,False,True
416,short,Short1,1,adverse_pct,1.0,True,18.0,285.0,False,True
416,short,Short1,1,adverse_pct,2.0,True,29.0,450.0,False,True
416,short,Short1,1,adverse_pct,3.0,False,,,False,True
416,short,Short1,1,favorable_pct,0.25,True,0.0,15.0,False,True
416,short,Short1,1,favorable_pct,0.5,True,62.0,945.0,False,True
416,short,Short1,1,favorable_pct,1.0,True,69.0,1050.0,False,True
416,short,Short1,1,favorable_pct,2.0,False,,,False,True
416,short,Short1,1,favorable_pct,3.0,False,,,False,True
417,short,Short2,2,adverse_pct,0.25,True,0.0,15.0,True,False
417,short,Short2,2,adverse_pct,0.5,True,2.0,45.0,True,False
417,short,Short2,2,adverse_pct,1.0,False,,,True,False
417,short,Short2,2,adverse_pct,2.0,False,,,True,False
417,short,Short2,2,adverse_pct,3.0,False,,,True,False
417,short,Short2,2,favorable_pct,0.25,True,5.0,90.0,True,False
417,short,Short2,2,favorable_pct,0.5,True,7.0,120.0,True,False
417,short,Short2,2,favorable_pct,1.0,True,11.0,180.0,True,False
417,short,Short2,2,favorable_pct,2.0,True,29.0,450.0,True,False
417,short,Short2,2,favorable_pct,3.0,True,37.0,570.0,True,False
418,long,Long1,1,adverse_pct,0.25,True,0.0,15.0,False,True
418,long,Long1,1,adverse_pct,0.5,True,0.0,15.0,False,True
418,long,Long1,1,adverse_pct,1.0,True,14.0,225.0,False,True
418,long,Long1,1,adverse_pct,2.0,False,,,False,True
418,long,Long1,1,adverse_pct,3.0,False,,,False,True
418,long,Long1,1,favorable_pct,0.25,True,2.0,45.0,False,True
418,long,Long1,1,favorable_pct,0.5,True,2.0,45.0,False,True
418,long,Long1,1,favorable_pct,1.0,False,,,False,True
418,long,Long1,1,favorable_pct,2.0,False,,,False,True
418,long,Long1,1,favorable_pct,3.0,False,,,False,True
419,long,Long3,3,adverse_pct,0.25,False,,,True,False
419,long,Long3,3,adverse_pct,0.5,False,,,True,False
419,long,Long3,3,adverse_pct,1.0,False,,,True,False
419,long,Long3,3,adverse_pct,2.0,False,,,True,False
419,long,Long3,3,adverse_pct,3.0,False,,,True,False
419,long,Long3,3,favorable_pct,0.25,True,0.0,15.0,True,False
419,long,Long3,3,favorable_pct,0.5,True,0.0,15.0,True,False
419,long,Long3,3,favorable_pct,1.0,True,1.0,30.0,True,False
419,long,Long3,3,favorable_pct,2.0,False,,,True,False
419,long,Long3,3,favorable_pct,3.0,False,,,True,False
420,long,Long1,1,adverse_pct,0.25,True,2.0,45.0,False,True
420,long,Long1,1,adverse_pct,0.5,True,3.0,60.0,False,True
420,long,Long1,1,adverse_pct,1.0,True,6.0,105.0,False,True
420,long,Long1,1,adverse_pct,2.0,True,18.0,285.0,False,True
420,long,Long1,1,adverse_pct,3.0,True,19.0,300.0,False,True
420,long,Long1,1,favorable_pct,0.25,False,,,False,True
420,long,Long1,1,favorable_pct,0.5,False,,,False,True
420,long,Long1,1,favorable_pct,1.0,False,,,False,True
420,long,Long1,1,favorable_pct,2.0,False,,,False,True
420,long,Long1,1,favorable_pct,3.0,False,,,False,True
421,long,Long2,2,adverse_pct,0.25,True,1.0,30.0,False,True
421,long,Long2,2,adverse_pct,0.5,True,3.0,60.0,False,True
421,long,Long2,2,adverse_pct,1.0,True,3.0,60.0,False,True
421,long,Long2,2,adverse_pct,2.0,True,25.0,390.0,False,True
421,long,Long2,2,adverse_pct,3.0,True,30.0,465.0,False,True
421,long,Long2,2,favorable_pct,0.25,False,,,False,True
421,long,Long2,2,favorable_pct,0.5,False,,,False,True
421,long,Long2,2,favorable_pct,1.0,False,,,False,True
421,long,Long2,2,favorable_pct,2.0,False,,,False,True
421,long,Long2,2,favorable_pct,3.0,False,,,False,True
422,long,Long1,1,adverse_pct,0.25,True,0.0,15.0,True,False
422,long,Long1,1,adverse_pct,0.5,False,,,True,False
422,long,Long1,1,adverse_pct,1.0,False,,,True,False
422,long,Long1,1,adverse_pct,2.0,False,,,True,False
422,long,Long1,1,adverse_pct,3.0,False,,,True,False
422,long,Long1,1,favorable_pct,0.25,True,0.0,15.0,True,False
422,long,Long1,1,favorable_pct,0.5,True,0.0,15.0,True,False
422,long,Long1,1,favorable_pct,1.0,True,2.0,45.0,True,False
422,long,Long1,1,favorable_pct,2.0,False,,,True,False
422,long,Long1,1,favorable_pct,3.0,False,,,True,False
423,short,TrendShort,0,adverse_pct,0.25,True,0.0,15.0,False,True
423,short,TrendShort,0,adverse_pct,0.5,True,0.0,15.0,False,True
423,short,TrendShort,0,adverse_pct,1.0,True,0.0,15.0,False,True
423,short,TrendShort,0,adverse_pct,2.0,True,6.0,105.0,False,True
423,short,TrendShort,0,adverse_pct,3.0,False,,,False,True
423,short,TrendShort,0,favorable_pct,0.25,True,20.0,315.0,False,True
423,short,TrendShort,0,favorable_pct,0.5,True,20.0,315.0,False,True
423,short,TrendShort,0,favorable_pct,1.0,True,21.0,330.0,False,True
423,short,TrendShort,0,favorable_pct,2.0,False,,,False,True
423,short,TrendShort,0,favorable_pct,3.0,False,,,False,True
424,long,Long1,1,adverse_pct,0.25,False,,,True,False
424,long,Long1,1,adverse_pct,0.5,False,,,True,False
424,long,Long1,1,adverse_pct,1.0,False,,,True,False
424,long,Long1,1,adverse_pct,2.0,False,,,True,False
424,long,Long1,1,adverse_pct,3.0,False,,,True,False
424,long,Long1,1,favorable_pct,0.25,True,0.0,15.0,True,False
424,long,Long1,1,favorable_pct,0.5,True,0.0,15.0,True,False
424,long,Long1,1,favorable_pct,1.0,True,0.0,15.0,True,False
424,long,Long1,1,favorable_pct,2.0,True,1.0,30.0,True,False
424,long,Long1,1,favorable_pct,3.0,True,12.0,195.0,True,False
425,long,Long2,2,adverse_pct,0.25,False,,,True,False
425,long,Long2,2,adverse_pct,0.5,False,,,True,False
425,long,Long2,2,adverse_pct,1.0,False,,,True,False
425,long,Long2,2,adverse_pct,2.0,False,,,True,False
425,long,Long2,2,adverse_pct,3.0,False,,,True,False
425,long,Long2,2,favorable_pct,0.25,True,0.0,15.0,True,False
425,long,Long2,2,favorable_pct,0.5,True,0.0,15.0,True,False
425,long,Long2,2,favorable_pct,1.0,True,0.0,15.0,True,False
425,long,Long2,2,favorable_pct,2.0,True,1.0,30.0,True,False
425,long,Long2,2,favorable_pct,3.0,True,12.0,195.0,True,False
426,long,Long1,1,adverse_pct,0.25,False,,,True,False
426,long,Long1,1,adverse_pct,0.5,False,,,True,False
426,long,Long1,1,adverse_pct,1.0,False,,,True,False
426,long,Long1,1,adverse_pct,2.0,False,,,True,False
426,long,Long1,1,adverse_pct,3.0,False,,,True,False
426,long,Long1,1,favorable_pct,0.25,True,0.0,15.0,True,False
426,long,Long1,1,favorable_pct,0.5,True,6.0,105.0,True,False
426,long,Long1,1,favorable_pct,1.0,True,10.0,165.0,True,False
426,long,Long1,1,favorable_pct,2.0,True,26.0,405.0,True,False
426,long,Long1,1,favorable_pct,3.0,True,52.0,795.0,True,False
427,short,Short1,1,adverse_pct,0.25,True,0.0,15.0,True,False
427,short,Short1,1,adverse_pct,0.5,False,,,True,False
427,short,Short1,1,adverse_pct,1.0,False,,,True,False
427,short,Short1,1,adverse_pct,2.0,False,,,True,False
427,short,Short1,1,adverse_pct,3.0,False,,,True,False
427,short,Short1,1,favorable_pct,0.25,True,4.0,75.0,True,False
427,short,Short1,1,favorable_pct,0.5,True,5.0,90.0,True,False
427,short,Short1,1,favorable_pct,1.0,True,5.0,90.0,True,False
427,short,Short1,1,favorable_pct,2.0,False,,,True,False
427,short,Short1,1,favorable_pct,3.0,False,,,True,False
428,short,Short1,1,adverse_pct,0.25,False,,,True,False
428,short,Short1,1,adverse_pct,0.5,False,,,True,False
428,short,Short1,1,adverse_pct,1.0,False,,,True,False
428,short,Short1,1,adverse_pct,2.0,False,,,True,False
428,short,Short1,1,adverse_pct,3.0,False,,,True,False
428,short,Short1,1,favorable_pct,0.25,True,0.0,15.0,True,False
428,short,Short1,1,favorable_pct,0.5,True,46.0,705.0,True,False
428,short,Short1,1,favorable_pct,1.0,False,,,True,False
428,short,Short1,1,favorable_pct,2.0,False,,,True,False
428,short,Short1,1,favorable_pct,3.0,False,,,True,False
429,long,Long1,1,adverse_pct,0.25,True,12.0,195.0,True,False
429,long,Long1,1,adverse_pct,0.5,False,,,True,False
429,long,Long1,1,adverse_pct,1.0,False,,,True,False
429,long,Long1,1,adverse_pct,2.0,False,,,True,False
429,long,Long1,1,adverse_pct,3.0,False,,,True,False
429,long,Long1,1,favorable_pct,0.25,True,0.0,15.0,True,False
429,long,Long1,1,favorable_pct,0.5,True,4.0,75.0,True,False
429,long,Long1,1,favorable_pct,1.0,True,21.0,330.0,True,False
429,long,Long1,1,favorable_pct,2.0,True,41.0,630.0,True,False
429,long,Long1,1,favorable_pct,3.0,True,84.0,1275.0,True,False
430,short,Short1,1,adverse_pct,0.25,True,0.0,15.0,True,False
430,short,Short1,1,adverse_pct,0.5,True,0.0,15.0,True,False
430,short,Short1,1,adverse_pct,1.0,True,3.0,60.0,True,False
430,short,Short1,1,adverse_pct,2.0,False,,,True,False
430,short,Short1,1,adverse_pct,3.0,False,,,True,False
430,short,Short1,1,favorable_pct,0.25,True,24.0,375.0,True,False
430,short,Short1,1,favorable_pct,0.5,True,47.0,720.0,True,False
430,short,Short1,1,favorable_pct,1.0,True,47.0,720.0,True,False
430,short,Short1,1,favorable_pct,2.0,False,,,True,False
430,short,Short1,1,favorable_pct,3.0,False,,,True,False
431,short,Short1,1,adverse_pct,0.25,True,0.0,15.0,False,True
431,short,Short1,1,adverse_pct,0.5,True,0.0,15.0,False,True
431,short,Short1,1,adverse_pct,1.0,True,15.0,240.0,False,True
431,short,Short1,1,adverse_pct,2.0,True,41.0,630.0,False,True
431,short,Short1,1,adverse_pct,3.0,True,56.0,855.0,False,True
431,short,Short1,1,favorable_pct,0.25,True,3.0,60.0,False,True
431,short,Short1,1,favorable_pct,0.5,True,6.0,105.0,False,True
431,short,Short1,1,favorable_pct,1.0,False,,,False,True
431,short,Short1,1,favorable_pct,2.0,False,,,False,True
431,short,Short1,1,favorable_pct,3.0,False,,,False,True
432,short,Short2,2,adverse_pct,0.25,True,16.0,255.0,True,False
432,short,Short2,2,adverse_pct,0.5,False,,,True,False
432,short,Short2,2,adverse_pct,1.0,False,,,True,False
432,short,Short2,2,adverse_pct,2.0,False,,,True,False
432,short,Short2,2,adverse_pct,3.0,False,,,True,False
432,short,Short2,2,favorable_pct,0.25,True,0.0,15.0,True,False
432,short,Short2,2,favorable_pct,0.5,True,0.0,15.0,True,False
432,short,Short2,2,favorable_pct,1.0,True,33.0,510.0,True,False
432,short,Short2,2,favorable_pct,2.0,True,52.0,795.0,True,False
432,short,Short2,2,favorable_pct,3.0,False,,,True,False
433,short,Short1,1,adverse_pct,0.25,True,0.0,15.0,True,False
433,short,Short1,1,adverse_pct,0.5,True,20.0,315.0,True,False
433,short,Short1,1,adverse_pct,1.0,False,,,True,False
433,short,Short1,1,adverse_pct,2.0,False,,,True,False
433,short,Short1,1,adverse_pct,3.0,False,,,True,False
433,short,Short1,1,favorable_pct,0.25,True,1.0,30.0,True,False
433,short,Short1,1,favorable_pct,0.5,True,29.0,450.0,True,False
433,short,Short1,1,favorable_pct,1.0,True,32.0,495.0,True,False
433,short,Short1,1,favorable_pct,2.0,False,,,True,False
433,short,Short1,1,favorable_pct,3.0,False,,,True,False
434,short,Short1,1,adverse_pct,0.25,True,1.0,30.0,True,False
434,short,Short1,1,adverse_pct,0.5,False,,,True,False
434,short,Short1,1,adverse_pct,1.0,False,,,True,False
434,short,Short1,1,adverse_pct,2.0,False,,,True,False
434,short,Short1,1,adverse_pct,3.0,False,,,True,False
434,short,Short1,1,favorable_pct,0.25,True,21.0,330.0,True,False
434,short,Short1,1,favorable_pct,0.5,True,25.0,390.0,True,False
434,short,Short1,1,favorable_pct,1.0,True,26.0,405.0,True,False
434,short,Short1,1,favorable_pct,2.0,True,47.0,720.0,True,False
434,short,Short1,1,favorable_pct,3.0,False,,,True,False
435,long,Long2,2,adverse_pct,0.25,False,,,True,False
435,long,Long2,2,adverse_pct,0.5,False,,,True,False
435,long,Long2,2,adverse_pct,1.0,False,,,True,False
435,long,Long2,2,adverse_pct,2.0,False,,,True,False
435,long,Long2,2,adverse_pct,3.0,False,,,True,False
435,long,Long2,2,favorable_pct,0.25,True,1.0,30.0,True,False
435,long,Long2,2,favorable_pct,0.5,True,18.0,285.0,True,False
435,long,Long2,2,favorable_pct,1.0,True,28.0,435.0,True,False
435,long,Long2,2,favorable_pct,2.0,False,,,True,False
435,long,Long2,2,favorable_pct,3.0,False,,,True,False
436,long,Long1,1,adverse_pct,0.25,True,0.0,15.0,False,True
436,long,Long1,1,adverse_pct,0.5,True,11.0,180.0,False,True
436,long,Long1,1,adverse_pct,1.0,True,23.0,360.0,False,True
436,long,Long1,1,adverse_pct,2.0,False,,,False,True
436,long,Long1,1,adverse_pct,3.0,False,,,False,True
436,long,Long1,1,favorable_pct,0.25,True,17.0,270.0,False,True
436,long,Long1,1,favorable_pct,0.5,False,,,False,True
436,long,Long1,1,favorable_pct,1.0,False,,,False,True
436,long,Long1,1,favorable_pct,2.0,False,,,False,True
436,long,Long1,1,favorable_pct,3.0,False,,,False,True
437,long,Long1,1,adverse_pct,0.25,True,0.0,15.0,False,True
437,long,Long1,1,adverse_pct,0.5,True,3.0,60.0,False,True
437,long,Long1,1,adverse_pct,1.0,True,5.0,90.0,False,True
437,long,Long1,1,adverse_pct,2.0,True,29.0,450.0,False,True
437,long,Long1,1,adverse_pct,3.0,False,,,False,True
437,long,Long1,1,favorable_pct,0.25,False,,,False,True
437,long,Long1,1,favorable_pct,0.5,False,,,False,True
437,long,Long1,1,favorable_pct,1.0,False,,,False,True
437,long,Long1,1,favorable_pct,2.0,False,,,False,True
437,long,Long1,1,favorable_pct,3.0,False,,,False,True
438,long,Long2,2,adverse_pct,0.25,True,15.0,240.0,True,False
438,long,Long2,2,adverse_pct,0.5,True,16.0,255.0,True,False
438,long,Long2,2,adverse_pct,1.0,False,,,True,False
438,long,Long2,2,adverse_pct,2.0,False,,,True,False
438,long,Long2,2,adverse_pct,3.0,False,,,True,False
438,long,Long2,2,favorable_pct,0.25,True,0.0,15.0,True,False
438,long,Long2,2,favorable_pct,0.5,True,4.0,75.0,True,False
438,long,Long2,2,favorable_pct,1.0,True,54.0,825.0,True,False
438,long,Long2,2,favorable_pct,2.0,False,,,True,False
438,long,Long2,2,favorable_pct,3.0,False,,,True,False
439,long,Long1,1,adverse_pct,0.25,True,8.0,135.0,True,False
439,long,Long1,1,adverse_pct,0.5,True,8.0,135.0,True,False
439,long,Long1,1,adverse_pct,1.0,True,30.0,465.0,True,False
439,long,Long1,1,adverse_pct,2.0,False,,,True,False
439,long,Long1,1,adverse_pct,3.0,False,,,True,False
439,long,Long1,1,favorable_pct,0.25,True,1.0,30.0,True,False
439,long,Long1,1,favorable_pct,0.5,True,89.0,1350.0,True,False
439,long,Long1,1,favorable_pct,1.0,True,95.0,1440.0,True,False
439,long,Long1,1,favorable_pct,2.0,False,,,True,False
439,long,Long1,1,favorable_pct,3.0,False,,,True,False
440,short,Short1,1,adverse_pct,0.25,True,0.0,15.0,True,False
440,short,Short1,1,adverse_pct,0.5,False,,,True,False
440,short,Short1,1,adverse_pct,1.0,False,,,True,False
440,short,Short1,1,adverse_pct,2.0,False,,,True,False
440,short,Short1,1,adverse_pct,3.0,False,,,True,False
440,short,Short1,1,favorable_pct,0.25,True,3.0,60.0,True,False
440,short,Short1,1,favorable_pct,0.5,True,5.0,90.0,True,False
440,short,Short1,1,favorable_pct,1.0,True,13.0,210.0,True,False
440,short,Short1,1,favorable_pct,2.0,True,16.0,255.0,True,False
440,short,Short1,1,favorable_pct,3.0,False,,,True,False
441,short,Short1,1,adverse_pct,0.25,True,7.0,120.0,False,True
441,short,Short1,1,adverse_pct,0.5,True,18.0,285.0,False,True
441,short,Short1,1,adverse_pct,1.0,False,,,False,True
441,short,Short1,1,adverse_pct,2.0,False,,,False,True
441,short,Short1,1,adverse_pct,3.0,False,,,False,True
441,short,Short1,1,favorable_pct,0.25,True,2.0,45.0,False,True
441,short,Short1,1,favorable_pct,0.5,True,28.0,435.0,False,True
441,short,Short1,1,favorable_pct,1.0,True,41.0,630.0,False,True
441,short,Short1,1,favorable_pct,2.0,False,,,False,True
441,short,Short1,1,favorable_pct,3.0,False,,,False,True
442,short,Short1,1,adverse_pct,0.25,True,0.0,15.0,True,False
442,short,Short1,1,adverse_pct,0.5,True,1.0,30.0,True,False
442,short,Short1,1,adverse_pct,1.0,True,1.0,30.0,True,False
442,short,Short1,1,adverse_pct,2.0,True,3.0,60.0,True,False
442,short,Short1,1,adverse_pct,3.0,True,21.0,330.0,True,False
442,short,Short1,1,favorable_pct,0.25,True,23.0,360.0,True,False
442,short,Short1,1,favorable_pct,0.5,True,25.0,390.0,True,False
442,short,Short1,1,favorable_pct,1.0,True,25.0,390.0,True,False
442,short,Short1,1,favorable_pct,2.0,True,29.0,450.0,True,False
442,short,Short1,1,favorable_pct,3.0,True,31.0,480.0,True,False
443,long,Long1,1,adverse_pct,0.25,False,,,True,False
443,long,Long1,1,adverse_pct,0.5,False,,,True,False
443,long,Long1,1,adverse_pct,1.0,False,,,True,False
443,long,Long1,1,adverse_pct,2.0,False,,,True,False
443,long,Long1,1,adverse_pct,3.0,False,,,True,False
443,long,Long1,1,favorable_pct,0.25,True,0.0,15.0,True,False
443,long,Long1,1,favorable_pct,0.5,True,0.0,15.0,True,False
443,long,Long1,1,favorable_pct,1.0,True,3.0,60.0,True,False
443,long,Long1,1,favorable_pct,2.0,True,13.0,210.0,True,False
443,long,Long1,1,favorable_pct,3.0,True,23.0,360.0,True,False
444,long,Long3,3,adverse_pct,0.25,True,0.0,15.0,True,False
444,long,Long3,3,adverse_pct,0.5,True,1.0,30.0,True,False
444,long,Long3,3,adverse_pct,1.0,True,1.0,30.0,True,False
444,long,Long3,3,adverse_pct,2.0,False,,,True,False
444,long,Long3,3,adverse_pct,3.0,False,,,True,False
444,long,Long3,3,favorable_pct,0.25,True,0.0,15.0,True,False
444,long,Long3,3,favorable_pct,0.5,True,5.0,90.0,True,False
444,long,Long3,3,favorable_pct,1.0,True,6.0,105.0,True,False
444,long,Long3,3,favorable_pct,2.0,False,,,True,False
444,long,Long3,3,favorable_pct,3.0,False,,,True,False
445,long,Long1,1,adverse_pct,0.25,True,0.0,15.0,False,True
445,long,Long1,1,adverse_pct,0.5,True,5.0,90.0,False,True
445,long,Long1,1,adverse_pct,1.0,True,5.0,90.0,False,True
445,long,Long1,1,adverse_pct,2.0,True,14.0,225.0,False,True
445,long,Long1,1,adverse_pct,3.0,False,,,False,True
445,long,Long1,1,favorable_pct,0.25,True,0.0,15.0,False,True
445,long,Long1,1,favorable_pct,0.5,True,0.0,15.0,False,True
445,long,Long1,1,favorable_pct,1.0,False,,,False,True
445,long,Long1,1,favorable_pct,2.0,False,,,False,True
445,long,Long1,1,favorable_pct,3.0,False,,,False,True
446,long,Long2,2,adverse_pct,0.25,True,0.0,15.0,False,True
446,long,Long2,2,adverse_pct,0.5,True,5.0,90.0,False,True
446,long,Long2,2,adverse_pct,1.0,True,5.0,90.0,False,True
446,long,Long2,2,adverse_pct,2.0,True,14.0,225.0,False,True
446,long,Long2,2,adverse_pct,3.0,False,,,False,True
446,long,Long2,2,favorable_pct,0.25,True,0.0,15.0,False,True
446,long,Long2,2,favorable_pct,0.5,True,0.0,15.0,False,True
446,long,Long2,2,favorable_pct,1.0,False,,,False,True
446,long,Long2,2,favorable_pct,2.0,False,,,False,True
446,long,Long2,2,favorable_pct,3.0,False,,,False,True
447,short,TrendShort,0,adverse_pct,0.25,True,0.0,15.0,True,False
447,short,TrendShort,0,adverse_pct,0.5,False,,,True,False
447,short,TrendShort,0,adverse_pct,1.0,False,,,True,False
447,short,TrendShort,0,adverse_pct,2.0,False,,,True,False
447,short,TrendShort,0,adverse_pct,3.0,False,,,True,False
447,short,TrendShort,0,favorable_pct,0.25,True,0.0,15.0,True,False
447,short,TrendShort,0,favorable_pct,0.5,True,0.0,15.0,True,False
447,short,TrendShort,0,favorable_pct,1.0,False,,,True,False
447,short,TrendShort,0,favorable_pct,2.0,False,,,True,False
447,short,TrendShort,0,favorable_pct,3.0,False,,,True,False
448,long,RevLong,0,adverse_pct,0.25,True,0.0,15.0,False,True
448,long,RevLong,0,adverse_pct,0.5,False,,,False,True
448,long,RevLong,0,adverse_pct,1.0,False,,,False,True
448,long,RevLong,0,adverse_pct,2.0,False,,,False,True
448,long,RevLong,0,adverse_pct,3.0,False,,,False,True
448,long,RevLong,0,favorable_pct,0.25,True,0.0,15.0,False,True
448,long,RevLong,0,favorable_pct,0.5,True,0.0,15.0,False,True
448,long,RevLong,0,favorable_pct,1.0,True,4.0,75.0,False,True
448,long,RevLong,0,favorable_pct,2.0,True,5.0,90.0,False,True
448,long,RevLong,0,favorable_pct,3.0,True,13.0,210.0,False,True
449,long,Long1,1,adverse_pct,0.25,True,0.0,15.0,True,False
449,long,Long1,1,adverse_pct,0.5,False,,,True,False
449,long,Long1,1,adverse_pct,1.0,False,,,True,False
449,long,Long1,1,adverse_pct,2.0,False,,,True,False
449,long,Long1,1,adverse_pct,3.0,False,,,True,False
449,long,Long1,1,favorable_pct,0.25,True,0.0,15.0,True,False
449,long,Long1,1,favorable_pct,0.5,True,3.0,60.0,True,False
449,long,Long1,1,favorable_pct,1.0,True,3.0,60.0,True,False
449,long,Long1,1,favorable_pct,2.0,True,6.0,105.0,True,False
449,long,Long1,1,favorable_pct,3.0,True,20.0,315.0,True,False
450,short,Short1,1,adverse_pct,0.25,True,0.0,15.0,False,True
450,short,Short1,1,adverse_pct,0.5,True,0.0,15.0,False,True
450,short,Short1,1,adverse_pct,1.0,True,1.0,30.0,False,True
450,short,Short1,1,adverse_pct,2.0,False,,,False,True
450,short,Short1,1,adverse_pct,3.0,False,,,False,True
450,short,Short1,1,favorable_pct,0.25,True,26.0,405.0,False,True
450,short,Short1,1,favorable_pct,0.5,True,27.0,420.0,False,True
450,short,Short1,1,favorable_pct,1.0,False,,,False,True
450,short,Short1,1,favorable_pct,2.0,False,,,False,True
450,short,Short1,1,favorable_pct,3.0,False,,,False,True
451,short,Short2,2,adverse_pct,0.25,True,0.0,15.0,False,True
451,short,Short2,2,adverse_pct,0.5,True,0.0,15.0,False,True
451,short,Short2,2,adverse_pct,1.0,True,1.0,30.0,False,True
451,short,Short2,2,adverse_pct,2.0,False,,,False,True
451,short,Short2,2,adverse_pct,3.0,False,,,False,True
451,short,Short2,2,favorable_pct,0.25,True,26.0,405.0,False,True
451,short,Short2,2,favorable_pct,0.5,True,27.0,420.0,False,True
451,short,Short2,2,favorable_pct,1.0,False,,,False,True
451,short,Short2,2,favorable_pct,2.0,False,,,False,True
451,short,Short2,2,favorable_pct,3.0,False,,,False,True
452,short,Short3,3,adverse_pct,0.25,False,,,True,False
452,short,Short3,3,adverse_pct,0.5,False,,,True,False
452,short,Short3,3,adverse_pct,1.0,False,,,True,False
452,short,Short3,3,adverse_pct,2.0,False,,,True,False
452,short,Short3,3,adverse_pct,3.0,False,,,True,False
452,short,Short3,3,favorable_pct,0.25,True,1.0,30.0,True,False
452,short,Short3,3,favorable_pct,0.5,True,3.0,60.0,True,False
452,short,Short3,3,favorable_pct,1.0,True,14.0,225.0,True,False
452,short,Short3,3,favorable_pct,2.0,True,56.0,855.0,True,False
452,short,Short3,3,favorable_pct,3.0,True,63.0,960.0,True,False
453,short,Short1,1,adverse_pct,0.25,True,1.0,30.0,False,True
453,short,Short1,1,adverse_pct,0.5,True,11.0,180.0,False,True
453,short,Short1,1,adverse_pct,1.0,False,,,False,True
453,short,Short1,1,adverse_pct,2.0,False,,,False,True
453,short,Short1,1,adverse_pct,3.0,False,,,False,True
453,short,Short1,1,favorable_pct,0.25,True,2.0,45.0,False,True
453,short,Short1,1,favorable_pct,0.5,True,3.0,60.0,False,True
453,short,Short1,1,favorable_pct,1.0,False,,,False,True
453,short,Short1,1,favorable_pct,2.0,False,,,False,True
453,short,Short1,1,favorable_pct,3.0,False,,,False,True
454,short,Short2,2,adverse_pct,0.25,True,1.0,30.0,False,True
454,short,Short2,2,adverse_pct,0.5,True,11.0,180.0,False,True
454,short,Short2,2,adverse_pct,1.0,False,,,False,True
454,short,Short2,2,adverse_pct,2.0,False,,,False,True
454,short,Short2,2,adverse_pct,3.0,False,,,False,True
454,short,Short2,2,favorable_pct,0.25,True,2.0,45.0,False,True
454,short,Short2,2,favorable_pct,0.5,True,3.0,60.0,False,True
454,short,Short2,2,favorable_pct,1.0,False,,,False,True
454,short,Short2,2,favorable_pct,2.0,False,,,False,True
454,short,Short2,2,favorable_pct,3.0,False,,,False,True
455,short,Short2,2,adverse_pct,0.25,False,,,True,False
455,short,Short2,2,adverse_pct,0.5,False,,,True,False
455,short,Short2,2,adverse_pct,1.0,False,,,True,False
455,short,Short2,2,adverse_pct,2.0,False,,,True,False
455,short,Short2,2,adverse_pct,3.0,False,,,True,False
455,short,Short2,2,favorable_pct,0.25,True,1.0,30.0,True,False
455,short,Short2,2,favorable_pct,0.5,True,12.0,195.0,True,False
455,short,Short2,2,favorable_pct,1.0,False,,,True,False
455,short,Short2,2,favorable_pct,2.0,False,,,True,False
455,short,Short2,2,favorable_pct,3.0,False,,,True,False
456,short,Short1,1,adverse_pct,0.25,True,0.0,15.0,True,False
456,short,Short1,1,adverse_pct,0.5,False,,,True,False
456,short,Short1,1,adverse_pct,1.0,False,,,True,False
456,short,Short1,1,adverse_pct,2.0,False,,,True,False
456,short,Short1,1,adverse_pct,3.0,False,,,True,False
456,short,Short1,1,favorable_pct,0.25,True,1.0,30.0,True,False
456,short,Short1,1,favorable_pct,0.5,True,17.0,270.0,True,False
456,short,Short1,1,favorable_pct,1.0,True,35.0,540.0,True,False
456,short,Short1,1,favorable_pct,2.0,False,,,True,False
456,short,Short1,1,favorable_pct,3.0,False,,,True,False
457,short,Short2,2,adverse_pct,0.25,True,13.0,210.0,True,False
457,short,Short2,2,adverse_pct,0.5,True,18.0,285.0,True,False
457,short,Short2,2,adverse_pct,1.0,True,18.0,285.0,True,False
457,short,Short2,2,adverse_pct,2.0,False,,,True,False
457,short,Short2,2,adverse_pct,3.0,False,,,True,False
457,short,Short2,2,favorable_pct,0.25,True,2.0,45.0,True,False
457,short,Short2,2,favorable_pct,0.5,True,3.0,60.0,True,False
457,short,Short2,2,favorable_pct,1.0,False,,,True,False
457,short,Short2,2,favorable_pct,2.0,False,,,True,False
457,short,Short2,2,favorable_pct,3.0,False,,,True,False
458,short,Short1,1,adverse_pct,0.25,True,0.0,15.0,False,True
458,short,Short1,1,adverse_pct,0.5,True,2.0,45.0,False,True
458,short,Short1,1,adverse_pct,1.0,True,3.0,60.0,False,True
458,short,Short1,1,adverse_pct,2.0,True,30.0,465.0,False,True
458,short,Short1,1,adverse_pct,3.0,False,,,False,True
458,short,Short1,1,favorable_pct,0.25,True,1.0,30.0,False,True
458,short,Short1,1,favorable_pct,0.5,False,,,False,True
458,short,Short1,1,favorable_pct,1.0,False,,,False,True
458,short,Short1,1,favorable_pct,2.0,False,,,False,True
458,short,Short1,1,favorable_pct,3.0,False,,,False,True
459,short,Short1,1,adverse_pct,0.25,True,25.0,390.0,False,True
459,short,Short1,1,adverse_pct,0.5,False,,,False,True
459,short,Short1,1,adverse_pct,1.0,False,,,False,True
459,short,Short1,1,adverse_pct,2.0,False,,,False,True
459,short,Short1,1,adverse_pct,3.0,False,,,False,True
459,short,Short1,1,favorable_pct,0.25,True,1.0,30.0,False,True
459,short,Short1,1,favorable_pct,0.5,True,5.0,90.0,False,True
459,short,Short1,1,favorable_pct,1.0,True,6.0,105.0,False,True
459,short,Short1,1,favorable_pct,2.0,True,6.0,105.0,False,True
459,short,Short1,1,favorable_pct,3.0,False,,,False,True
460,short,Short1,1,adverse_pct,0.25,False,,,True,False
460,short,Short1,1,adverse_pct,0.5,False,,,True,False
460,short,Short1,1,adverse_pct,1.0,False,,,True,False
460,short,Short1,1,adverse_pct,2.0,False,,,True,False
460,short,Short1,1,adverse_pct,3.0,False,,,True,False
460,short,Short1,1,favorable_pct,0.25,True,0.0,15.0,True,False
460,short,Short1,1,favorable_pct,0.5,True,0.0,15.0,True,False
460,short,Short1,1,favorable_pct,1.0,True,0.0,15.0,True,False
460,short,Short1,1,favorable_pct,2.0,True,3.0,60.0,True,False
460,short,Short1,1,favorable_pct,3.0,False,,,True,False
461,short,Short1,1,adverse_pct,0.25,True,20.0,315.0,True,False
461,short,Short1,1,adverse_pct,0.5,True,21.0,330.0,True,False
461,short,Short1,1,adverse_pct,1.0,False,,,True,False
461,short,Short1,1,adverse_pct,2.0,False,,,True,False
461,short,Short1,1,adverse_pct,3.0,False,,,True,False
461,short,Short1,1,favorable_pct,0.25,True,4.0,75.0,True,False
461,short,Short1,1,favorable_pct,0.5,True,11.0,180.0,True,False
461,short,Short1,1,favorable_pct,1.0,True,23.0,360.0,True,False
461,short,Short1,1,favorable_pct,2.0,True,42.0,645.0,True,False
461,short,Short1,1,favorable_pct,3.0,True,63.0,960.0,True,False
462,short,Short1,1,adverse_pct,0.25,True,0.0,15.0,False,True
462,short,Short1,1,adverse_pct,0.5,True,0.0,15.0,False,True
462,short,Short1,1,adverse_pct,1.0,True,5.0,90.0,False,True
462,short,Short1,1,adverse_pct,2.0,True,53.0,810.0,False,True
462,short,Short1,1,adverse_pct,3.0,False,,,False,True
462,short,Short1,1,favorable_pct,0.25,True,64.0,975.0,False,True
462,short,Short1,1,favorable_pct,0.5,False,,,False,True
462,short,Short1,1,favorable_pct,1.0,False,,,False,True
462,short,Short1,1,favorable_pct,2.0,False,,,False,True
462,short,Short1,1,favorable_pct,3.0,False,,,False,True
463,short,Short1,1,adverse_pct,0.25,True,0.0,15.0,False,True
463,short,Short1,1,adverse_pct,0.5,True,42.0,645.0,False,True
463,short,Short1,1,adverse_pct,1.0,True,44.0,675.0,False,True
463,short,Short1,1,adverse_pct,2.0,True,46.0,705.0,False,True
463,short,Short1,1,adverse_pct,3.0,True,52.0,795.0,False,True
463,short,Short1,1,favorable_pct,0.25,True,1.0,30.0,False,True
463,short,Short1,1,favorable_pct,0.5,True,2.0,45.0,False,True
463,short,Short1,1,favorable_pct,1.0,False,,,False,True
463,short,Short1,1,favorable_pct,2.0,False,,,False,True
463,short,Short1,1,favorable_pct,3.0,False,,,False,True
464,short,Short2,2,adverse_pct,0.25,True,0.0,15.0,False,True
464,short,Short2,2,adverse_pct,0.5,True,0.0,15.0,False,True
464,short,Short2,2,adverse_pct,1.0,True,3.0,60.0,False,True
464,short,Short2,2,adverse_pct,2.0,True,7.0,120.0,False,True
464,short,Short2,2,adverse_pct,3.0,True,33.0,510.0,False,True
464,short,Short2,2,favorable_pct,0.25,False,,,False,True
464,short,Short2,2,favorable_pct,0.5,False,,,False,True
464,short,Short2,2,favorable_pct,1.0,False,,,False,True
464,short,Short2,2,favorable_pct,2.0,False,,,False,True
464,short,Short2,2,favorable_pct,3.0,False,,,False,True
465,short,Short3,3,adverse_pct,0.25,True,1.0,30.0,False,True
465,short,Short3,3,adverse_pct,0.5,True,3.0,60.0,False,True
465,short,Short3,3,adverse_pct,1.0,True,14.0,225.0,False,True
465,short,Short3,3,adverse_pct,2.0,True,14.0,225.0,False,True
465,short,Short3,3,adverse_pct,3.0,False,,,False,True
465,short,Short3,3,favorable_pct,0.25,True,5.0,90.0,False,True
465,short,Short3,3,favorable_pct,0.5,False,,,False,True
465,short,Short3,3,favorable_pct,1.0,False,,,False,True
465,short,Short3,3,favorable_pct,2.0,False,,,False,True
465,short,Short3,3,favorable_pct,3.0,False,,,False,True
466,short,Short1,1,adverse_pct,0.25,False,,,False,True
466,short,Short1,1,adverse_pct,0.5,False,,,False,True
466,short,Short1,1,adverse_pct,1.0,False,,,False,True
466,short,Short1,1,adverse_pct,2.0,False,,,False,True
466,short,Short1,1,adverse_pct,3.0,False,,,False,True
466,short,Short1,1,favorable_pct,0.25,False,,,False,True
466,short,Short1,1,favorable_pct,0.5,False,,,False,True
466,short,Short1,1,favorable_pct,1.0,False,,,False,True
466,short,Short1,1,favorable_pct,2.0,False,,,False,True
466,short,Short1,1,favorable_pct,3.0,False,,,False,True
467,short,Short1,1,adverse_pct,0.25,False,,,True,False
467,short,Short1,1,adverse_pct,0.5,False,,,True,False
467,short,Short1,1,adverse_pct,1.0,False,,,True,False
467,short,Short1,1,adverse_pct,2.0,False,,,True,False
467,short,Short1,1,adverse_pct,3.0,False,,,True,False
467,short,Short1,1,favorable_pct,0.25,True,1.0,30.0,True,False
467,short,Short1,1,favorable_pct,0.5,True,2.0,45.0,True,False
467,short,Short1,1,favorable_pct,1.0,False,,,True,False
467,short,Short1,1,favorable_pct,2.0,False,,,True,False
467,short,Short1,1,favorable_pct,3.0,False,,,True,False
468,short,Short1,1,adverse_pct,0.25,True,0.0,15.0,False,True
468,short,Short1,1,adverse_pct,0.5,True,6.0,105.0,False,True
468,short,Short1,1,adverse_pct,1.0,True,40.0,615.0,False,True
468,short,Short1,1,adverse_pct,2.0,True,84.0,1275.0,False,True
468,short,Short1,1,adverse_pct,3.0,False,,,False,True
468,short,Short1,1,favorable_pct,0.25,True,9.0,150.0,False,True
468,short,Short1,1,favorable_pct,0.5,False,,,False,True
468,short,Short1,1,favorable_pct,1.0,False,,,False,True
468,short,Short1,1,favorable_pct,2.0,False,,,False,True
468,short,Short1,1,favorable_pct,3.0,False,,,False,True
469,short,Short1,1,adverse_pct,0.25,True,7.0,120.0,True,False
469,short,Short1,1,adverse_pct,0.5,False,,,True,False
469,short,Short1,1,adverse_pct,1.0,False,,,True,False
469,short,Short1,1,adverse_pct,2.0,False,,,True,False
469,short,Short1,1,adverse_pct,3.0,False,,,True,False
469,short,Short1,1,favorable_pct,0.25,True,0.0,15.0,True,False
469,short,Short1,1,favorable_pct,0.5,True,0.0,15.0,True,False
469,short,Short1,1,favorable_pct,1.0,False,,,True,False
469,short,Short1,1,favorable_pct,2.0,False,,,True,False
469,short,Short1,1,favorable_pct,3.0,False,,,True,False
470,short,Short1,1,adverse_pct,0.25,True,6.0,105.0,False,True
470,short,Short1,1,adverse_pct,0.5,True,10.0,165.0,False,True
470,short,Short1,1,adverse_pct,1.0,True,17.0,270.0,False,True
470,short,Short1,1,adverse_pct,2.0,False,,,False,True
470,short,Short1,1,adverse_pct,3.0,False,,,False,True
470,short,Short1,1,favorable_pct,0.25,True,0.0,15.0,False,True
470,short,Short1,1,favorable_pct,0.5,False,,,False,True
470,short,Short1,1,favorable_pct,1.0,False,,,False,True
470,short,Short1,1,favorable_pct,2.0,False,,,False,True
470,short,Short1,1,favorable_pct,3.0,False,,,False,True
471,short,Short1,1,adverse_pct,0.25,False,,,True,False
471,short,Short1,1,adverse_pct,0.5,False,,,True,False
471,short,Short1,1,adverse_pct,1.0,False,,,True,False
471,short,Short1,1,adverse_pct,2.0,False,,,True,False
471,short,Short1,1,adverse_pct,3.0,False,,,True,False
471,short,Short1,1,favorable_pct,0.25,True,0.0,15.0,True,False
471,short,Short1,1,favorable_pct,0.5,True,0.0,15.0,True,False
471,short,Short1,1,favorable_pct,1.0,True,26.0,405.0,True,False
471,short,Short1,1,favorable_pct,2.0,True,137.0,2070.0,True,False
471,short,Short1,1,favorable_pct,3.0,True,223.0,3360.0,True,False
472,long,Long1,1,adverse_pct,0.25,True,3.0,60.0,True,False
472,long,Long1,1,adverse_pct,0.5,True,44.0,675.0,True,False
472,long,Long1,1,adverse_pct,1.0,False,,,True,False
472,long,Long1,1,adverse_pct,2.0,False,,,True,False
472,long,Long1,1,adverse_pct,3.0,False,,,True,False
472,long,Long1,1,favorable_pct,0.25,True,12.0,195.0,True,False
472,long,Long1,1,favorable_pct,0.5,True,13.0,210.0,True,False
472,long,Long1,1,favorable_pct,1.0,False,,,True,False
472,long,Long1,1,favorable_pct,2.0,False,,,True,False
472,long,Long1,1,favorable_pct,3.0,False,,,True,False
473,long,Long1,1,adverse_pct,0.25,True,1.0,30.0,True,False
473,long,Long1,1,adverse_pct,0.5,False,,,True,False
473,long,Long1,1,adverse_pct,1.0,False,,,True,False
473,long,Long1,1,adverse_pct,2.0,False,,,True,False
473,long,Long1,1,adverse_pct,3.0,False,,,True,False
473,long,Long1,1,favorable_pct,0.25,True,0.0,15.0,True,False
473,long,Long1,1,favorable_pct,0.5,True,3.0,60.0,True,False
473,long,Long1,1,favorable_pct,1.0,True,3.0,60.0,True,False
473,long,Long1,1,favorable_pct,2.0,True,35.0,540.0,True,False
473,long,Long1,1,favorable_pct,3.0,True,39.0,600.0,True,False
474,short,Short1,1,adverse_pct,0.25,True,2.0,45.0,False,True
474,short,Short1,1,adverse_pct,0.5,True,2.0,45.0,False,True
474,short,Short1,1,adverse_pct,1.0,True,3.0,60.0,False,True
474,short,Short1,1,adverse_pct,2.0,True,28.0,435.0,False,True
474,short,Short1,1,adverse_pct,3.0,True,54.0,825.0,False,True
474,short,Short1,1,favorable_pct,0.25,False,,,False,True
474,short,Short1,1,favorable_pct,0.5,False,,,False,True
474,short,Short1,1,favorable_pct,1.0,False,,,False,True
474,short,Short1,1,favorable_pct,2.0,False,,,False,True
474,short,Short1,1,favorable_pct,3.0,False,,,False,True
475,short,Short2,2,adverse_pct,0.25,True,13.0,210.0,False,True
475,short,Short2,2,adverse_pct,0.5,True,14.0,225.0,False,True
475,short,Short2,2,adverse_pct,1.0,True,42.0,645.0,False,True
475,short,Short2,2,adverse_pct,2.0,True,43.0,660.0,False,True
475,short,Short2,2,adverse_pct,3.0,True,63.0,960.0,False,True
475,short,Short2,2,favorable_pct,0.25,True,0.0,15.0,False,True
475,short,Short2,2,favorable_pct,0.5,False,,,False,True
475,short,Short2,2,favorable_pct,1.0,False,,,False,True
475,short,Short2,2,favorable_pct,2.0,False,,,False,True
475,short,Short2,2,favorable_pct,3.0,False,,,False,True
476,short,Short3,3,adverse_pct,0.25,True,0.0,15.0,False,True
476,short,Short3,3,adverse_pct,0.5,True,3.0,60.0,False,True
476,short,Short3,3,adverse_pct,1.0,True,16.0,255.0,False,True
476,short,Short3,3,adverse_pct,2.0,False,,,False,True
476,short,Short3,3,adverse_pct,3.0,False,,,False,True
476,short,Short3,3,favorable_pct,0.25,False,,,False,True
476,short,Short3,3,favorable_pct,0.5,False,,,False,True
476,short,Short3,3,favorable_pct,1.0,False,,,False,True
476,short,Short3,3,favorable_pct,2.0,False,,,False,True
476,short,Short3,3,favorable_pct,3.0,False,,,False,True
477,short,Short1,1,adverse_pct,0.25,False,,,True,False
477,short,Short1,1,adverse_pct,0.5,False,,,True,False
477,short,Short1,1,adverse_pct,1.0,False,,,True,False
477,short,Short1,1,adverse_pct,2.0,False,,,True,False
477,short,Short1,1,adverse_pct,3.0,False,,,True,False
477,short,Short1,1,favorable_pct,0.25,True,1.0,30.0,True,False
477,short,Short1,1,favorable_pct,0.5,False,,,True,False
477,short,Short1,1,favorable_pct,1.0,False,,,True,False
477,short,Short1,1,favorable_pct,2.0,False,,,True,False
477,short,Short1,1,favorable_pct,3.0,False,,,True,False
478,short,Short1,1,adverse_pct,0.25,True,1.0,30.0,True,False
478,short,Short1,1,adverse_pct,0.5,False,,,True,False
478,short,Short1,1,adverse_pct,1.0,False,,,True,False
478,short,Short1,1,adverse_pct,2.0,False,,,True,False
478,short,Short1,1,adverse_pct,3.0,False,,,True,False
478,short,Short1,1,favorable_pct,0.25,True,0.0,15.0,True,False
478,short,Short1,1,favorable_pct,0.5,True,2.0,45.0,True,False
478,short,Short1,1,favorable_pct,1.0,True,4.0,75.0,True,False
478,short,Short1,1,favorable_pct,2.0,False,,,True,False
478,short,Short1,1,favorable_pct,3.0,False,,,True,False
479,short,Short1,1,adverse_pct,0.25,True,0.0,15.0,False,True
479,short,Short1,1,adverse_pct,0.5,True,66.0,1005.0,False,True
479,short,Short1,1,adverse_pct,1.0,True,66.0,1005.0,False,True
479,short,Short1,1,adverse_pct,2.0,False,,,False,True
479,short,Short1,1,adverse_pct,3.0,False,,,False,True
479,short,Short1,1,favorable_pct,0.25,True,9.0,150.0,False,True
479,short,Short1,1,favorable_pct,0.5,True,36.0,555.0,False,True
479,short,Short1,1,favorable_pct,1.0,False,,,False,True
479,short,Short1,1,favorable_pct,2.0,False,,,False,True
479,short,Short1,1,favorable_pct,3.0,False,,,False,True
480,short,Short1,1,adverse_pct,0.25,False,,,True,False
480,short,Short1,1,adverse_pct,0.5,False,,,True,False
480,short,Short1,1,adverse_pct,1.0,False,,,True,False
480,short,Short1,1,adverse_pct,2.0,False,,,True,False
480,short,Short1,1,adverse_pct,3.0,False,,,True,False
480,short,Short1,1,favorable_pct,0.25,True,0.0,15.0,True,False
480,short,Short1,1,favorable_pct,0.5,True,0.0,15.0,True,False
480,short,Short1,1,favorable_pct,1.0,True,1.0,30.0,True,False
480,short,Short1,1,favorable_pct,2.0,True,27.0,420.0,True,False
480,short,Short1,1,favorable_pct,3.0,True,42.0,645.0,True,False
481,short,Short1,1,adverse_pct,0.25,True,0.0,15.0,True,False
481,short,Short1,1,adverse_pct,0.5,True,6.0,105.0,True,False
481,short,Short1,1,adverse_pct,1.0,False,,,True,False
481,short,Short1,1,adverse_pct,2.0,False,,,True,False
481,short,Short1,1,adverse_pct,3.0,False,,,True,False
481,short,Short1,1,favorable_pct,0.25,True,10.0,165.0,True,False
481,short,Short1,1,favorable_pct,0.5,True,11.0,180.0,True,False
481,short,Short1,1,favorable_pct,1.0,True,11.0,180.0,True,False
481,short,Short1,1,favorable_pct,2.0,False,,,True,False
481,short,Short1,1,favorable_pct,3.0,False,,,True,False
482,short,Short1,1,adverse_pct,0.25,True,0.0,15.0,True,False
482,short,Short1,1,adverse_pct,0.5,True,15.0,240.0,True,False
482,short,Short1,1,adverse_pct,1.0,True,16.0,255.0,True,False
482,short,Short1,1,adverse_pct,2.0,False,,,True,False
482,short,Short1,1,adverse_pct,3.0,False,,,True,False
482,short,Short1,1,favorable_pct,0.25,True,4.0,75.0,True,False
482,short,Short1,1,favorable_pct,0.5,True,49.0,750.0,True,False
482,short,Short1,1,favorable_pct,1.0,True,69.0,1050.0,True,False
482,short,Short1,1,favorable_pct,2.0,False,,,True,False
482,short,Short1,1,favorable_pct,3.0,False,,,True,False
483,short,Short1,1,adverse_pct,0.25,True,2.0,45.0,False,True
483,short,Short1,1,adverse_pct,0.5,True,2.0,45.0,False,True
483,short,Short1,1,adverse_pct,1.0,True,33.0,510.0,False,True
483,short,Short1,1,adverse_pct,2.0,True,74.0,1125.0,False,True
483,short,Short1,1,adverse_pct,3.0,True,82.0,1245.0,False,True
483,short,Short1,1,favorable_pct,0.25,True,4.0,75.0,False,True
483,short,Short1,1,favorable_pct,0.5,True,8.0,135.0,False,True
483,short,Short1,1,favorable_pct,1.0,False,,,False,True
483,short,Short1,1,favorable_pct,2.0,False,,,False,True
483,short,Short1,1,favorable_pct,3.0,False,,,False,True
484,short,Short1,1,adverse_pct,0.25,True,1.0,30.0,False,True
484,short,Short1,1,adverse_pct,0.5,True,1.0,30.0,False,True
484,short,Short1,1,adverse_pct,1.0,True,11.0,180.0,False,True
484,short,Short1,1,adverse_pct,2.0,True,16.0,255.0,False,True
484,short,Short1,1,adverse_pct,3.0,False,,,False,True
484,short,Short1,1,favorable_pct,0.25,True,3.0,60.0,False,True
484,short,Short1,1,favorable_pct,0.5,False,,,False,True
484,short,Short1,1,favorable_pct,1.0,False,,,False,True
484,short,Short1,1,favorable_pct,2.0,False,,,False,True
484,short,Short1,1,favorable_pct,3.0,False,,,False,True
485,short,Short2,2,adverse_pct,0.25,True,0.0,15.0,False,True
485,short,Short2,2,adverse_pct,0.5,True,26.0,405.0,False,True
485,short,Short2,2,adverse_pct,1.0,False,,,False,True
485,short,Short2,2,adverse_pct,2.0,False,,,False,True
485,short,Short2,2,adverse_pct,3.0,False,,,False,True
485,short,Short2,2,favorable_pct,0.25,True,3.0,60.0,False,True
485,short,Short2,2,favorable_pct,0.5,True,12.0,195.0,False,True
485,short,Short2,2,favorable_pct,1.0,False,,,False,True
485,short,Short2,2,favorable_pct,2.0,False,,,False,True
485,short,Short2,2,favorable_pct,3.0,False,,,False,True
486,long,Long1,1,adverse_pct,0.25,True,0.0,15.0,True,False
486,long,Long1,1,adverse_pct,0.5,False,,,True,False
486,long,Long1,1,adverse_pct,1.0,False,,,True,False
486,long,Long1,1,adverse_pct,2.0,False,,,True,False
486,long,Long1,1,adverse_pct,3.0,False,,,True,False
486,long,Long1,1,favorable_pct,0.25,True,2.0,45.0,True,False
486,long,Long1,1,favorable_pct,0.5,True,5.0,90.0,True,False
486,long,Long1,1,favorable_pct,1.0,True,16.0,255.0,True,False
486,long,Long1,1,favorable_pct,2.0,False,,,True,False
486,long,Long1,1,favorable_pct,3.0,False,,,True,False
487,long,Long1,1,adverse_pct,0.25,True,2.0,45.0,True,False
487,long,Long1,1,adverse_pct,0.5,True,5.0,90.0,True,False
487,long,Long1,1,adverse_pct,1.0,True,62.0,945.0,True,False
487,long,Long1,1,adverse_pct,2.0,False,,,True,False
487,long,Long1,1,adverse_pct,3.0,False,,,True,False
487,long,Long1,1,favorable_pct,0.25,True,0.0,15.0,True,False
487,long,Long1,1,favorable_pct,0.5,True,88.0,1335.0,True,False
487,long,Long1,1,favorable_pct,1.0,True,91.0,1380.0,True,False
487,long,Long1,1,favorable_pct,2.0,True,123.0,1860.0,True,False
487,long,Long1,1,favorable_pct,3.0,False,,,True,False
488,long,Long1,1,adverse_pct,0.25,False,,,False,True
488,long,Long1,1,adverse_pct,0.5,False,,,False,True
488,long,Long1,1,adverse_pct,1.0,False,,,False,True
488,long,Long1,1,adverse_pct,2.0,False,,,False,True
488,long,Long1,1,adverse_pct,3.0,False,,,False,True
488,long,Long1,1,favorable_pct,0.25,True,1.0,30.0,False,True
488,long,Long1,1,favorable_pct,0.5,True,6.0,105.0,False,True
488,long,Long1,1,favorable_pct,1.0,True,18.0,285.0,False,True
488,long,Long1,1,favorable_pct,2.0,False,,,False,True
488,long,Long1,1,favorable_pct,3.0,False,,,False,True
489,long,Long1,1,adverse_pct,0.25,True,3.0,60.0,False,True
489,long,Long1,1,adverse_pct,0.5,True,4.0,75.0,False,True
489,long,Long1,1,adverse_pct,1.0,True,27.0,420.0,False,True
489,long,Long1,1,adverse_pct,2.0,True,90.0,1365.0,False,True
489,long,Long1,1,adverse_pct,3.0,False,,,False,True
489,long,Long1,1,favorable_pct,0.25,True,0.0,15.0,False,True
489,long,Long1,1,favorable_pct,0.5,False,,,False,True
489,long,Long1,1,favorable_pct,1.0,False,,,False,True
489,long,Long1,1,favorable_pct,2.0,False,,,False,True
489,long,Long1,1,favorable_pct,3.0,False,,,False,True
490,long,Long1,1,adverse_pct,0.25,False,,,True,False
490,long,Long1,1,adverse_pct,0.5,False,,,True,False
490,long,Long1,1,adverse_pct,1.0,False,,,True,False
490,long,Long1,1,adverse_pct,2.0,False,,,True,False
490,long,Long1,1,adverse_pct,3.0,False,,,True,False
490,long,Long1,1,favorable_pct,0.25,True,0.0,15.0,True,False
490,long,Long1,1,favorable_pct,0.5,True,1.0,30.0,True,False
490,long,Long1,1,favorable_pct,1.0,False,,,True,False
490,long,Long1,1,favorable_pct,2.0,False,,,True,False
490,long,Long1,1,favorable_pct,3.0,False,,,True,False
491,long,Long1,1,adverse_pct,0.25,True,0.0,15.0,True,False
491,long,Long1,1,adverse_pct,0.5,True,9.0,150.0,True,False
491,long,Long1,1,adverse_pct,1.0,False,,,True,False
491,long,Long1,1,adverse_pct,2.0,False,,,True,False
491,long,Long1,1,adverse_pct,3.0,False,,,True,False
491,long,Long1,1,favorable_pct,0.25,True,59.0,900.0,True,False
491,long,Long1,1,favorable_pct,0.5,True,62.0,945.0,True,False
491,long,Long1,1,favorable_pct,1.0,False,,,True,False
491,long,Long1,1,favorable_pct,2.0,False,,,True,False
491,long,Long1,1,favorable_pct,3.0,False,,,True,False
492,long,Long1,1,adverse_pct,0.25,True,28.0,435.0,True,False
492,long,Long1,1,adverse_pct,0.5,False,,,True,False
492,long,Long1,1,adverse_pct,1.0,False,,,True,False
492,long,Long1,1,adverse_pct,2.0,False,,,True,False
492,long,Long1,1,adverse_pct,3.0,False,,,True,False
492,long,Long1,1,favorable_pct,0.25,True,5.0,90.0,True,False
492,long,Long1,1,favorable_pct,0.5,True,8.0,135.0,True,False
492,long,Long1,1,favorable_pct,1.0,True,54.0,825.0,True,False
492,long,Long1,1,favorable_pct,2.0,False,,,True,False
492,long,Long1,1,favorable_pct,3.0,False,,,True,False
493,short,Short1,1,adverse_pct,0.25,True,2.0,45.0,False,True
493,short,Short1,1,adverse_pct,0.5,False,,,False,True
493,short,Short1,1,adverse_pct,1.0,False,,,False,True
493,short,Short1,1,adverse_pct,2.0,False,,,False,True
493,short,Short1,1,adverse_pct,3.0,False,,,False,True
493,short,Short1,1,favorable_pct,0.25,True,6.0,105.0,False,True
493,short,Short1,1,favorable_pct,0.5,True,6.0,105.0,False,True
493,short,Short1,1,favorable_pct,1.0,True,27.0,420.0,False,True
493,short,Short1,1,favorable_pct,2.0,False,,,False,True
493,short,Short1,1,favorable_pct,3.0,False,,,False,True
494,long,Long1,1,adverse_pct,0.25,True,3.0,60.0,True,False
494,long,Long1,1,adverse_pct,0.5,True,3.0,60.0,True,False
494,long,Long1,1,adverse_pct,1.0,True,8.0,135.0,True,False
494,long,Long1,1,adverse_pct,2.0,True,12.0,195.0,True,False
494,long,Long1,1,adverse_pct,3.0,False,,,True,False
494,long,Long1,1,favorable_pct,0.25,True,64.0,975.0,True,False
494,long,Long1,1,favorable_pct,0.5,True,74.0,1125.0,True,False
494,long,Long1,1,favorable_pct,1.0,False,,,True,False
494,long,Long1,1,favorable_pct,2.0,False,,,True,False
494,long,Long1,1,favorable_pct,3.0,False,,,True,False
495,long,Long2,2,adverse_pct,0.25,False,,,True,False
495,long,Long2,2,adverse_pct,0.5,False,,,True,False
495,long,Long2,2,adverse_pct,1.0,False,,,True,False
495,long,Long2,2,adverse_pct,2.0,False,,,True,False
495,long,Long2,2,adverse_pct,3.0,False,,,True,False
495,long,Long2,2,favorable_pct,0.25,True,0.0,15.0,True,False
495,long,Long2,2,favorable_pct,0.5,True,0.0,15.0,True,False
495,long,Long2,2,favorable_pct,1.0,True,1.0,30.0,True,False
495,long,Long2,2,favorable_pct,2.0,True,26.0,405.0,True,False
495,long,Long2,2,favorable_pct,3.0,True,45.0,690.0,True,False
496,short,Short1,1,adverse_pct,0.25,False,,,True,False
496,short,Short1,1,adverse_pct,0.5,False,,,True,False
496,short,Short1,1,adverse_pct,1.0,False,,,True,False
496,short,Short1,1,adverse_pct,2.0,False,,,True,False
496,short,Short1,1,adverse_pct,3.0,False,,,True,False
496,short,Short1,1,favorable_pct,0.25,True,1.0,30.0,True,False
496,short,Short1,1,favorable_pct,0.5,True,5.0,90.0,True,False
496,short,Short1,1,favorable_pct,1.0,True,51.0,780.0,True,False
496,short,Short1,1,favorable_pct,2.0,False,,,True,False
496,short,Short1,1,favorable_pct,3.0,False,,,True,False
497,short,Short2,2,adverse_pct,0.25,False,,,True,False
497,short,Short2,2,adverse_pct,0.5,False,,,True,False
497,short,Short2,2,adverse_pct,1.0,False,,,True,False
497,short,Short2,2,adverse_pct,2.0,False,,,True,False
497,short,Short2,2,adverse_pct,3.0,False,,,True,False
497,short,Short2,2,favorable_pct,0.25,True,1.0,30.0,True,False
497,short,Short2,2,favorable_pct,0.5,True,5.0,90.0,True,False
497,short,Short2,2,favorable_pct,1.0,True,51.0,780.0,True,False
497,short,Short2,2,favorable_pct,2.0,False,,,True,False
497,short,Short2,2,favorable_pct,3.0,False,,,True,False
498,short,Short1,1,adverse_pct,0.25,True,5.0,90.0,True,False
498,short,Short1,1,adverse_pct,0.5,False,,,True,False
498,short,Short1,1,adverse_pct,1.0,False,,,True,False
498,short,Short1,1,adverse_pct,2.0,False,,,True,False
498,short,Short1,1,adverse_pct,3.0,False,,,True,False
498,short,Short1,1,favorable_pct,0.25,True,1.0,30.0,True,False
498,short,Short1,1,favorable_pct,0.5,True,32.0,495.0,True,False
498,short,Short1,1,favorable_pct,1.0,False,,,True,False
498,short,Short1,1,favorable_pct,2.0,False,,,True,False
498,short,Short1,1,favorable_pct,3.0,False,,,True,False
499,long,Long1,1,adverse_pct,0.25,True,5.0,90.0,True,False
499,long,Long1,1,adverse_pct,0.5,False,,,True,False
499,long,Long1,1,adverse_pct,1.0,False,,,True,False
499,long,Long1,1,adverse_pct,2.0,False,,,True,False
499,long,Long1,1,adverse_pct,3.0,False,,,True,False
499,long,Long1,1,favorable_pct,0.25,True,1.0,30.0,True,False
499,long,Long1,1,favorable_pct,0.5,True,7.0,120.0,True,False
499,long,Long1,1,favorable_pct,1.0,False,,,True,False
499,long,Long1,1,favorable_pct,2.0,False,,,True,False
499,long,Long1,1,favorable_pct,3.0,False,,,True,False
500,long,Long2,2,adverse_pct,0.25,True,0.0,15.0,True,False
500,long,Long2,2,adverse_pct,0.5,True,1.0,30.0,True,False
500,long,Long2,2,adverse_pct,1.0,True,1.0,30.0,True,False
500,long,Long2,2,adverse_pct,2.0,False,,,True,False
500,long,Long2,2,adverse_pct,3.0,False,,,True,False
500,long,Long2,2,favorable_pct,0.25,True,10.0,165.0,True,False
500,long,Long2,2,favorable_pct,0.5,True,12.0,195.0,True,False
500,long,Long2,2,favorable_pct,1.0,True,28.0,435.0,True,False
500,long,Long2,2,favorable_pct,2.0,False,,,True,False
500,long,Long2,2,favorable_pct,3.0,False,,,True,False
501,long,Long1,1,adverse_pct,0.25,True,1.0,30.0,False,True
501,long,Long1,1,adverse_pct,0.5,True,10.0,165.0,False,True
501,long,Long1,1,adverse_pct,1.0,True,11.0,180.0,False,True
501,long,Long1,1,adverse_pct,2.0,True,11.0,180.0,False,True
501,long,Long1,1,adverse_pct,3.0,True,15.0,240.0,False,True
501,long,Long1,1,favorable_pct,0.25,False,,,False,True
501,long,Long1,1,favorable_pct,0.5,False,,,False,True
501,long,Long1,1,favorable_pct,1.0,False,,,False,True
501,long,Long1,1,favorable_pct,2.0,False,,,False,True
501,long,Long1,1,favorable_pct,3.0,False,,,False,True
502,long,Long1,1,adverse_pct,0.25,True,2.0,45.0,True,False
502,long,Long1,1,adverse_pct,0.5,True,35.0,540.0,True,False
502,long,Long1,1,adverse_pct,1.0,False,,,True,False
502,long,Long1,1,adverse_pct,2.0,False,,,True,False
502,long,Long1,1,adverse_pct,3.0,False,,,True,False
502,long,Long1,1,favorable_pct,0.25,True,60.0,915.0,True,False
502,long,Long1,1,favorable_pct,0.5,True,91.0,1380.0,True,False
502,long,Long1,1,favorable_pct,1.0,False,,,True,False
502,long,Long1,1,favorable_pct,2.0,False,,,True,False
502,long,Long1,1,favorable_pct,3.0,False,,,True,False
503,short,Short1,1,adverse_pct,0.25,True,25.0,390.0,True,False
503,short,Short1,1,adverse_pct,0.5,True,26.0,405.0,True,False
503,short,Short1,1,adverse_pct,1.0,True,43.0,660.0,True,False
503,short,Short1,1,adverse_pct,2.0,False,,,True,False
503,short,Short1,1,adverse_pct,3.0,False,,,True,False
503,short,Short1,1,favorable_pct,0.25,True,11.0,180.0,True,False
503,short,Short1,1,favorable_pct,0.5,True,22.0,345.0,True,False
503,short,Short1,1,favorable_pct,1.0,False,,,True,False
503,short,Short1,1,favorable_pct,2.0,False,,,True,False
503,short,Short1,1,favorable_pct,3.0,False,,,True,False
504,long,Long1,1,adverse_pct,0.25,False,,,True,False
504,long,Long1,1,adverse_pct,0.5,False,,,True,False
504,long,Long1,1,adverse_pct,1.0,False,,,True,False
504,long,Long1,1,adverse_pct,2.0,False,,,True,False
504,long,Long1,1,adverse_pct,3.0,False,,,True,False
504,long,Long1,1,favorable_pct,0.25,True,0.0,15.0,True,False
504,long,Long1,1,favorable_pct,0.5,True,1.0,30.0,True,False
504,long,Long1,1,favorable_pct,1.0,True,7.0,120.0,True,False
504,long,Long1,1,favorable_pct,2.0,False,,,True,False
504,long,Long1,1,favorable_pct,3.0,False,,,True,False
505,long,Long1,1,adverse_pct,0.25,False,,,True,False
505,long,Long1,1,adverse_pct,0.5,False,,,True,False
505,long,Long1,1,adverse_pct,1.0,False,,,True,False
505,long,Long1,1,adverse_pct,2.0,False,,,True,False
505,long,Long1,1,adverse_pct,3.0,False,,,True,False
505,long,Long1,1,favorable_pct,0.25,True,1.0,30.0,True,False
505,long,Long1,1,favorable_pct,0.5,True,3.0,60.0,True,False
505,long,Long1,1,favorable_pct,1.0,False,,,True,False
505,long,Long1,1,favorable_pct,2.0,False,,,True,False
505,long,Long1,1,favorable_pct,3.0,False,,,True,False
506,long,Long1,1,adverse_pct,0.25,True,4.0,75.0,True,False
506,long,Long1,1,adverse_pct,0.5,True,4.0,75.0,True,False
506,long,Long1,1,adverse_pct,1.0,True,5.0,90.0,True,False
506,long,Long1,1,adverse_pct,2.0,False,,,True,False
506,long,Long1,1,adverse_pct,3.0,False,,,True,False
506,long,Long1,1,favorable_pct,0.25,True,2.0,45.0,True,False
506,long,Long1,1,favorable_pct,0.5,True,17.0,270.0,True,False
506,long,Long1,1,favorable_pct,1.0,False,,,True,False
506,long,Long1,1,favorable_pct,2.0,False,,,True,False
506,long,Long1,1,favorable_pct,3.0,False,,,True,False
507,long,Long1,1,adverse_pct,0.25,True,0.0,15.0,True,False
507,long,Long1,1,adverse_pct,0.5,True,1.0,30.0,True,False
507,long,Long1,1,adverse_pct,1.0,True,1.0,30.0,True,False
507,long,Long1,1,adverse_pct,2.0,True,8.0,135.0,True,False
507,long,Long1,1,adverse_pct,3.0,False,,,True,False
507,long,Long1,1,favorable_pct,0.25,True,0.0,15.0,True,False
507,long,Long1,1,favorable_pct,0.5,True,43.0,660.0,True,False
507,long,Long1,1,favorable_pct,1.0,True,63.0,960.0,True,False
507,long,Long1,1,favorable_pct,2.0,False,,,True,False
507,long,Long1,1,favorable_pct,3.0,False,,,True,False
508,long,Long2,2,adverse_pct,0.25,True,0.0,15.0,True,False
508,long,Long2,2,adverse_pct,0.5,True,1.0,30.0,True,False
508,long,Long2,2,adverse_pct,1.0,False,,,True,False
508,long,Long2,2,adverse_pct,2.0,False,,,True,False
508,long,Long2,2,adverse_pct,3.0,False,,,True,False
508,long,Long2,2,favorable_pct,0.25,True,4.0,75.0,True,False
508,long,Long2,2,favorable_pct,0.5,True,4.0,75.0,True,False
508,long,Long2,2,favorable_pct,1.0,True,9.0,150.0,True,False
508,long,Long2,2,favorable_pct,2.0,True,19.0,300.0,True,False
508,long,Long2,2,favorable_pct,3.0,True,45.0,690.0,True,False
509,short,Short1,1,adverse_pct,0.25,True,3.0,60.0,False,True
509,short,Short1,1,adverse_pct,0.5,True,5.0,90.0,False,True
509,short,Short1,1,adverse_pct,1.0,True,9.0,150.0,False,True
509,short,Short1,1,adverse_pct,2.0,False,,,False,True
509,short,Short1,1,adverse_pct,3.0,False,,,False,True
509,short,Short1,1,favorable_pct,0.25,False,,,False,True
509,short,Short1,1,favorable_pct,0.5,False,,,False,True
509,short,Short1,1,favorable_pct,1.0,False,,,False,True
509,short,Short1,1,favorable_pct,2.0,False,,,False,True
509,short,Short1,1,favorable_pct,3.0,False,,,False,True
510,short,Short1,1,adverse_pct,0.25,True,2.0,45.0,False,True
510,short,Short1,1,adverse_pct,0.5,True,2.0,45.0,False,True
510,short,Short1,1,adverse_pct,1.0,False,,,False,True
510,short,Short1,1,adverse_pct,2.0,False,,,False,True
510,short,Short1,1,adverse_pct,3.0,False,,,False,True
510,short,Short1,1,favorable_pct,0.25,False,,,False,True
510,short,Short1,1,favorable_pct,0.5,False,,,False,True
510,short,Short1,1,favorable_pct,1.0,False,,,False,True
510,short,Short1,1,favorable_pct,2.0,False,,,False,True
510,short,Short1,1,favorable_pct,3.0,False,,,False,True
511,short,Short1,1,adverse_pct,0.25,True,15.0,240.0,False,True
511,short,Short1,1,adverse_pct,0.5,True,36.0,555.0,False,True
511,short,Short1,1,adverse_pct,1.0,True,42.0,645.0,False,True
511,short,Short1,1,adverse_pct,2.0,True,95.0,1440.0,False,True
511,short,Short1,1,adverse_pct,3.0,True,95.0,1440.0,False,True
511,short,Short1,1,favorable_pct,0.25,False,,,False,True
511,short,Short1,1,favorable_pct,0.5,False,,,False,True
511,short,Short1,1,favorable_pct,1.0,False,,,False,True
511,short,Short1,1,favorable_pct,2.0,False,,,False,True
511,short,Short1,1,favorable_pct,3.0,False,,,False,True
512,short,Short1,1,adverse_pct,0.25,True,1.0,30.0,True,False
512,short,Short1,1,adverse_pct,0.5,True,3.0,60.0,True,False
512,short,Short1,1,adverse_pct,1.0,True,5.0,90.0,True,False
512,short,Short1,1,adverse_pct,2.0,True,14.0,225.0,True,False
512,short,Short1,1,adverse_pct,3.0,False,,,True,False
512,short,Short1,1,favorable_pct,0.25,True,44.0,675.0,True,False
512,short,Short1,1,favorable_pct,0.5,True,46.0,705.0,True,False
512,short,Short1,1,favorable_pct,1.0,True,48.0,735.0,True,False
512,short,Short1,1,favorable_pct,2.0,False,,,True,False
512,short,Short1,1,favorable_pct,3.0,False,,,True,False
513,short,Short2,2,adverse_pct,0.25,False,,,True,False
513,short,Short2,2,adverse_pct,0.5,False,,,True,False
513,short,Short2,2,adverse_pct,1.0,False,,,True,False
513,short,Short2,2,adverse_pct,2.0,False,,,True,False
513,short,Short2,2,adverse_pct,3.0,False,,,True,False
513,short,Short2,2,favorable_pct,0.25,True,0.0,15.0,True,False
513,short,Short2,2,favorable_pct,0.5,True,5.0,90.0,True,False
513,short,Short2,2,favorable_pct,1.0,True,13.0,210.0,True,False
513,short,Short2,2,favorable_pct,2.0,True,30.0,465.0,True,False
513,short,Short2,2,favorable_pct,3.0,True,69.0,1050.0,True,False
514,short,Short1,1,adverse_pct,0.25,False,,,True,False
514,short,Short1,1,adverse_pct,0.5,False,,,True,False
514,short,Short1,1,adverse_pct,1.0,False,,,True,False
514,short,Short1,1,adverse_pct,2.0,False,,,True,False
514,short,Short1,1,adverse_pct,3.0,False,,,True,False
514,short,Short1,1,favorable_pct,0.25,True,0.0,15.0,True,False
514,short,Short1,1,favorable_pct,0.5,True,4.0,75.0,True,False
514,short,Short1,1,favorable_pct,1.0,True,7.0,120.0,True,False
514,short,Short1,1,favorable_pct,2.0,False,,,True,False
514,short,Short1,1,favorable_pct,3.0,False,,,True,False
515,short,Short1,1,adverse_pct,0.25,False,,,True,False
515,short,Short1,1,adverse_pct,0.5,False,,,True,False
515,short,Short1,1,adverse_pct,1.0,False,,,True,False
515,short,Short1,1,adverse_pct,2.0,False,,,True,False
515,short,Short1,1,adverse_pct,3.0,False,,,True,False
515,short,Short1,1,favorable_pct,0.25,True,3.0,60.0,True,False
515,short,Short1,1,favorable_pct,0.5,True,7.0,120.0,True,False
515,short,Short1,1,favorable_pct,1.0,True,9.0,150.0,True,False
515,short,Short1,1,favorable_pct,2.0,True,35.0,540.0,True,False
515,short,Short1,1,favorable_pct,3.0,True,60.0,915.0,True,False
516,short,Short1,1,adverse_pct,0.25,False,,,True,False
516,short,Short1,1,adverse_pct,0.5,False,,,True,False
516,short,Short1,1,adverse_pct,1.0,False,,,True,False
516,short,Short1,1,adverse_pct,2.0,False,,,True,False
516,short,Short1,1,adverse_pct,3.0,False,,,True,False
516,short,Short1,1,favorable_pct,0.25,True,2.0,45.0,True,False
516,short,Short1,1,favorable_pct,0.5,True,5.0,90.0,True,False
516,short,Short1,1,favorable_pct,1.0,True,15.0,240.0,True,False
516,short,Short1,1,favorable_pct,2.0,True,56.0,855.0,True,False
516,short,Short1,1,favorable_pct,3.0,True,205.0,3090.0,True,False
517,long,Long1,1,adverse_pct,0.25,True,1.0,30.0,True,False
517,long,Long1,1,adverse_pct,0.5,True,4.0,75.0,True,False
517,long,Long1,1,adverse_pct,1.0,False,,,True,False
517,long,Long1,1,adverse_pct,2.0,False,,,True,False
517,long,Long1,1,adverse_pct,3.0,False,,,True,False
517,long,Long1,1,favorable_pct,0.25,True,2.0,45.0,True,False
517,long,Long1,1,favorable_pct,0.5,True,6.0,105.0,True,False
517,long,Long1,1,favorable_pct,1.0,True,17.0,270.0,True,False
517,long,Long1,1,favorable_pct,2.0,False,,,True,False
517,long,Long1,1,favorable_pct,3.0,False,,,True,False
518,short,Short1,1,adverse_pct,0.25,False,,,True,False
518,short,Short1,1,adverse_pct,0.5,False,,,True,False
518,short,Short1,1,adverse_pct,1.0,False,,,True,False
518,short,Short1,1,adverse_pct,2.0,False,,,True,False
518,short,Short1,1,adverse_pct,3.0,False,,,True,False
518,short,Short1,1,favorable_pct,0.25,True,2.0,45.0,True,False
518,short,Short1,1,favorable_pct,0.5,True,10.0,165.0,True,False
518,short,Short1,1,favorable_pct,1.0,True,52.0,795.0,True,False
518,short,Short1,1,favorable_pct,2.0,True,164.0,2475.0,True,False
518,short,Short1,1,favorable_pct,3.0,True,274.0,4125.0,True,False
519,long,Long1,1,adverse_pct,0.25,True,1.0,30.0,False,True
519,long,Long1,1,adverse_pct,0.5,True,4.0,75.0,False,True
519,long,Long1,1,adverse_pct,1.0,True,28.0,435.0,False,True
519,long,Long1,1,adverse_pct,2.0,True,63.0,960.0,False,True
519,long,Long1,1,adverse_pct,3.0,False,,,False,True
519,long,Long1,1,favorable_pct,0.25,True,20.0,315.0,False,True
519,long,Long1,1,favorable_pct,0.5,True,22.0,345.0,False,True
519,long,Long1,1,favorable_pct,1.0,False,,,False,True
519,long,Long1,1,favorable_pct,2.0,False,,,False,True
519,long,Long1,1,favorable_pct,3.0,False,,,False,True
520,long,Long1,1,adverse_pct,0.25,True,3.0,60.0,True,False
520,long,Long1,1,adverse_pct,0.5,True,9.0,150.0,True,False
520,long,Long1,1,adverse_pct,1.0,True,20.0,315.0,True,False
520,long,Long1,1,adverse_pct,2.0,False,,,True,False
520,long,Long1,1,adverse_pct,3.0,False,,,True,False
520,long,Long1,1,favorable_pct,0.25,True,55.0,840.0,True,False
520,long,Long1,1,favorable_pct,0.5,True,85.0,1290.0,True,False
520,long,Long1,1,favorable_pct,1.0,False,,,True,False
520,long,Long1,1,favorable_pct,2.0,False,,,True,False
520,long,Long1,1,favorable_pct,3.0,False,,,True,False
521,short,Short1,1,adverse_pct,0.25,True,1.0,30.0,False,True
521,short,Short1,1,adverse_pct,0.5,True,34.0,525.0,False,True
521,short,Short1,1,adverse_pct,1.0,True,35.0,540.0,False,True
521,short,Short1,1,adverse_pct,2.0,False,,,False,True
521,short,Short1,1,adverse_pct,3.0,False,,,False,True
521,short,Short1,1,favorable_pct,0.25,True,7.0,120.0,False,True
521,short,Short1,1,favorable_pct,0.5,True,23.0,360.0,False,True
521,short,Short1,1,favorable_pct,1.0,False,,,False,True
521,short,Short1,1,favorable_pct,2.0,False,,,False,True
521,short,Short1,1,favorable_pct,3.0,False,,,False,True
522,short,Short1,1,adverse_pct,0.25,True,1.0,30.0,False,True
522,short,Short1,1,adverse_pct,0.5,True,42.0,645.0,False,True
522,short,Short1,1,adverse_pct,1.0,True,82.0,1245.0,False,True
522,short,Short1,1,adverse_pct,2.0,True,89.0,1350.0,False,True
522,short,Short1,1,adverse_pct,3.0,True,91.0,1380.0,False,True
522,short,Short1,1,favorable_pct,0.25,True,6.0,105.0,False,True
522,short,Short1,1,favorable_pct,0.5,True,15.0,240.0,False,True
522,short,Short1,1,favorable_pct,1.0,False,,,False,True
522,short,Short1,1,favorable_pct,2.0,False,,,False,True
522,short,Short1,1,favorable_pct,3.0,False,,,False,True
523,short,Short1,1,adverse_pct,0.25,True,0.0,15.0,False,True
523,short,Short1,1,adverse_pct,0.5,True,5.0,90.0,False,True
523,short,Short1,1,adverse_pct,1.0,False,,,False,True
523,short,Short1,1,adverse_pct,2.0,False,,,False,True
523,short,Short1,1,adverse_pct,3.0,False,,,False,True
523,short,Short1,1,favorable_pct,0.25,True,17.0,270.0,False,True
523,short,Short1,1,favorable_pct,0.5,True,28.0,435.0,False,True
523,short,Short1,1,favorable_pct,1.0,True,31.0,480.0,False,True
523,short,Short1,1,favorable_pct,2.0,True,63.0,960.0,False,True
523,short,Short1,1,favorable_pct,3.0,False,,,False,True
524,short,Short2,2,adverse_pct,0.25,False,,,True,False
524,short,Short2,2,adverse_pct,0.5,False,,,True,False
524,short,Short2,2,adverse_pct,1.0,False,,,True,False
524,short,Short2,2,adverse_pct,2.0,False,,,True,False
524,short,Short2,2,adverse_pct,3.0,False,,,True,False
524,short,Short2,2,favorable_pct,0.25,True,1.0,30.0,True,False
524,short,Short2,2,favorable_pct,0.5,True,3.0,60.0,True,False
524,short,Short2,2,favorable_pct,1.0,True,16.0,255.0,True,False
524,short,Short2,2,favorable_pct,2.0,True,22.0,345.0,True,False
524,short,Short2,2,favorable_pct,3.0,True,58.0,885.0,True,False
525,short,Short1,1,adverse_pct,0.25,False,,,True,False
525,short,Short1,1,adverse_pct,0.5,False,,,True,False
525,short,Short1,1,adverse_pct,1.0,False,,,True,False
525,short,Short1,1,adverse_pct,2.0,False,,,True,False
525,short,Short1,1,adverse_pct,3.0,False,,,True,False
525,short,Short1,1,favorable_pct,0.25,True,1.0,30.0,True,False
525,short,Short1,1,favorable_pct,0.5,True,1.0,30.0,True,False
525,short,Short1,1,favorable_pct,1.0,True,3.0,60.0,True,False
525,short,Short1,1,favorable_pct,2.0,False,,,True,False
525,short,Short1,1,favorable_pct,3.0,False,,,True,False
526,short,Short1,1,adverse_pct,0.25,True,1.0,30.0,True,False
526,short,Short1,1,adverse_pct,0.5,True,8.0,135.0,True,False
526,short,Short1,1,adverse_pct,1.0,True,14.0,225.0,True,False
526,short,Short1,1,adverse_pct,2.0,False,,,True,False
526,short,Short1,1,adverse_pct,3.0,False,,,True,False
526,short,Short1,1,favorable_pct,0.25,True,5.0,90.0,True,False
526,short,Short1,1,favorable_pct,0.5,True,38.0,585.0,True,False
526,short,Short1,1,favorable_pct,1.0,True,39.0,600.0,True,False
526,short,Short1,1,favorable_pct,2.0,True,64.0,975.0,True,False
526,short,Short1,1,favorable_pct,3.0,True,64.0,975.0,True,False
527,long,Long1,1,adverse_pct,0.25,True,2.0,45.0,False,True
527,long,Long1,1,adverse_pct,0.5,True,2.0,45.0,False,True
527,long,Long1,1,adverse_pct,1.0,True,5.0,90.0,False,True
527,long,Long1,1,adverse_pct,2.0,False,,,False,True
527,long,Long1,1,adverse_pct,3.0,False,,,False,True
527,long,Long1,1,favorable_pct,0.25,False,,,False,True
527,long,Long1,1,favorable_pct,0.5,False,,,False,True
527,long,Long1,1,favorable_pct,1.0,False,,,False,True
527,long,Long1,1,favorable_pct,2.0,False,,,False,True
527,long,Long1,1,favorable_pct,3.0,False,,,False,True
528,long,Long1,1,adverse_pct,0.25,True,0.0,15.0,True,False
528,long,Long1,1,adverse_pct,0.5,True,0.0,15.0,True,False
528,long,Long1,1,adverse_pct,1.0,True,26.0,405.0,True,False
528,long,Long1,1,adverse_pct,2.0,False,,,True,False
528,long,Long1,1,adverse_pct,3.0,False,,,True,False
528,long,Long1,1,favorable_pct,0.25,True,52.0,795.0,True,False
528,long,Long1,1,favorable_pct,0.5,True,58.0,885.0,True,False
528,long,Long1,1,favorable_pct,1.0,False,,,True,False
528,long,Long1,1,favorable_pct,2.0,False,,,True,False
528,long,Long1,1,favorable_pct,3.0,False,,,True,False
529,long,Long1,1,adverse_pct,0.25,True,12.0,195.0,True,False
529,long,Long1,1,adverse_pct,0.5,False,,,True,False
529,long,Long1,1,adverse_pct,1.0,False,,,True,False
529,long,Long1,1,adverse_pct,2.0,False,,,True,False
529,long,Long1,1,adverse_pct,3.0,False,,,True,False
529,long,Long1,1,favorable_pct,0.25,True,0.0,15.0,True,False
529,long,Long1,1,favorable_pct,0.5,True,2.0,45.0,True,False
529,long,Long1,1,favorable_pct,1.0,False,,,True,False
529,long,Long1,1,favorable_pct,2.0,False,,,True,False
529,long,Long1,1,favorable_pct,3.0,False,,,True,False
530,long,Long1,1,adverse_pct,0.25,True,4.0,75.0,False,True
530,long,Long1,1,adverse_pct,0.5,True,5.0,90.0,False,True
530,long,Long1,1,adverse_pct,1.0,False,,,False,True
530,long,Long1,1,adverse_pct,2.0,False,,,False,True
530,long,Long1,1,adverse_pct,3.0,False,,,False,True
530,long,Long1,1,favorable_pct,0.25,True,49.0,750.0,False,True
530,long,Long1,1,favorable_pct,0.5,True,61.0,930.0,False,True
530,long,Long1,1,favorable_pct,1.0,False,,,False,True
530,long,Long1,1,favorable_pct,2.0,False,,,False,True
530,long,Long1,1,favorable_pct,3.0,False,,,False,True
531,long,Long1,1,adverse_pct,0.25,False,,,True,False
531,long,Long1,1,adverse_pct,0.5,False,,,True,False
531,long,Long1,1,adverse_pct,1.0,False,,,True,False
531,long,Long1,1,adverse_pct,2.0,False,,,True,False
531,long,Long1,1,adverse_pct,3.0,False,,,True,False
531,long,Long1,1,favorable_pct,0.25,True,0.0,15.0,True,False
531,long,Long1,1,favorable_pct,0.5,True,13.0,210.0,True,False
531,long,Long1,1,favorable_pct,1.0,True,35.0,540.0,True,False
531,long,Long1,1,favorable_pct,2.0,False,,,True,False
531,long,Long1,1,favorable_pct,3.0,False,,,True,False
532,short,Short1,1,adverse_pct,0.25,True,0.0,15.0,True,False
532,short,Short1,1,adverse_pct,0.5,True,5.0,90.0,True,False
532,short,Short1,1,adverse_pct,1.0,False,,,True,False
532,short,Short1,1,adverse_pct,2.0,False,,,True,False
532,short,Short1,1,adverse_pct,3.0,False,,,True,False
532,short,Short1,1,favorable_pct,0.25,True,41.0,630.0,True,False
532,short,Short1,1,favorable_pct,0.5,True,42.0,645.0,True,False
532,short,Short1,1,favorable_pct,1.0,True,80.0,1215.0,True,False
532,short,Short1,1,favorable_pct,2.0,True,206.0,3105.0,True,False
532,short,Short1,1,favorable_pct,3.0,True,206.0,3105.0,True,False
533,long,Long1,1,adverse_pct,0.25,False,,,True,False
533,long,Long1,1,adverse_pct,0.5,False,,,True,False
533,long,Long1,1,adverse_pct,1.0,False,,,True,False
533,long,Long1,1,adverse_pct,2.0,False,,,True,False
533,long,Long1,1,adverse_pct,3.0,False,,,True,False
533,long,Long1,1,favorable_pct,0.25,True,1.0,30.0,True,False
533,long,Long1,1,favorable_pct,0.5,True,4.0,75.0,True,False
533,long,Long1,1,favorable_pct,1.0,False,,,True,False
533,long,Long1,1,favorable_pct,2.0,False,,,True,False
533,long,Long1,1,favorable_pct,3.0,False,,,True,False
534,long,Long2,2,adverse_pct,0.25,False,,,True,False
534,long,Long2,2,adverse_pct,0.5,False,,,True,False
534,long,Long2,2,adverse_pct,1.0,False,,,True,False
534,long,Long2,2,adverse_pct,2.0,False,,,True,False
534,long,Long2,2,adverse_pct,3.0,False,,,True,False
534,long,Long2,2,favorable_pct,0.25,True,0.0,15.0,True,False
534,long,Long2,2,favorable_pct,0.5,True,0.0,15.0,True,False
534,long,Long2,2,favorable_pct,1.0,False,,,True,False
534,long,Long2,2,favorable_pct,2.0,False,,,True,False
534,long,Long2,2,favorable_pct,3.0,False,,,True,False
535,long,Long1,1,adverse_pct,0.25,True,1.0,30.0,False,True
535,long,Long1,1,adverse_pct,0.5,True,1.0,30.0,False,True
535,long,Long1,1,adverse_pct,1.0,True,25.0,390.0,False,True
535,long,Long1,1,adverse_pct,2.0,True,53.0,810.0,False,True
535,long,Long1,1,adverse_pct,3.0,True,71.0,1080.0,False,True
535,long,Long1,1,favorable_pct,0.25,True,31.0,480.0,False,True
535,long,Long1,1,favorable_pct,0.5,True,36.0,555.0,False,True
535,long,Long1,1,favorable_pct,1.0,False,,,False,True
535,long,Long1,1,favorable_pct,2.0,False,,,False,True
535,long,Long1,1,favorable_pct,3.0,False,,,False,True
536,short,Short1,1,adverse_pct,0.25,True,23.0,360.0,True,False
536,short,Short1,1,adverse_pct,0.5,False,,,True,False
536,short,Short1,1,adverse_pct,1.0,False,,,True,False
536,short,Short1,1,adverse_pct,2.0,False,,,True,False
536,short,Short1,1,adverse_pct,3.0,False,,,True,False
536,short,Short1,1,favorable_pct,0.25,True,9.0,150.0,True,False
536,short,Short1,1,favorable_pct,0.5,True,25.0,390.0,True,False
536,short,Short1,1,favorable_pct,1.0,True,48.0,735.0,True,False
536,short,Short1,1,favorable_pct,2.0,True,94.0,1425.0,True,False
536,short,Short1,1,favorable_pct,3.0,True,100.0,1515.0,True,False
537,long,Long1,1,adverse_pct,0.25,True,3.0,60.0,True,False
537,long,Long1,1,adverse_pct,0.5,True,10.0,165.0,True,False
537,long,Long1,1,adverse_pct,1.0,False,,,True,False
537,long,Long1,1,adverse_pct,2.0,False,,,True,False
537,long,Long1,1,adverse_pct,3.0,False,,,True,False
537,long,Long1,1,favorable_pct,0.25,True,7.0,120.0,True,False
537,long,Long1,1,favorable_pct,0.5,False,,,True,False
537,long,Long1,1,favorable_pct,1.0,False,,,True,False
537,long,Long1,1,favorable_pct,2.0,False,,,True,False
537,long,Long1,1,favorable_pct,3.0,False,,,True,False
538,long,Long1,1,adverse_pct,0.25,False,,,True,False
538,long,Long1,1,adverse_pct,0.5,False,,,True,False
538,long,Long1,1,adverse_pct,1.0,False,,,True,False
538,long,Long1,1,adverse_pct,2.0,False,,,True,False
538,long,Long1,1,adverse_pct,3.0,False,,,True,False
538,long,Long1,1,favorable_pct,0.25,True,0.0,15.0,True,False
538,long,Long1,1,favorable_pct,0.5,True,2.0,45.0,True,False
538,long,Long1,1,favorable_pct,1.0,True,10.0,165.0,True,False
538,long,Long1,1,favorable_pct,2.0,True,12.0,195.0,True,False
538,long,Long1,1,favorable_pct,3.0,False,,,True,False
539,short,Short1,1,adverse_pct,0.25,True,0.0,15.0,False,True
539,short,Short1,1,adverse_pct,0.5,True,1.0,30.0,False,True
539,short,Short1,1,adverse_pct,1.0,False,,,False,True
539,short,Short1,1,adverse_pct,2.0,False,,,False,True
539,short,Short1,1,adverse_pct,3.0,False,,,False,True
539,short,Short1,1,favorable_pct,0.25,True,6.0,105.0,False,True
539,short,Short1,1,favorable_pct,0.5,True,8.0,135.0,False,True
539,short,Short1,1,favorable_pct,1.0,False,,,False,True
539,short,Short1,1,favorable_pct,2.0,False,,,False,True
539,short,Short1,1,favorable_pct,3.0,False,,,False,True
540,short,Short1,1,adverse_pct,0.25,True,11.0,180.0,True,False
540,short,Short1,1,adverse_pct,0.5,False,,,True,False
540,short,Short1,1,adverse_pct,1.0,False,,,True,False
540,short,Short1,1,adverse_pct,2.0,False,,,True,False
540,short,Short1,1,adverse_pct,3.0,False,,,True,False
540,short,Short1,1,favorable_pct,0.25,True,1.0,30.0,True,False
540,short,Short1,1,favorable_pct,0.5,True,7.0,120.0,True,False
540,short,Short1,1,favorable_pct,1.0,True,51.0,780.0,True,False
540,short,Short1,1,favorable_pct,2.0,True,92.0,1395.0,True,False
540,short,Short1,1,favorable_pct,3.0,False,,,True,False
541,short,Short1,1,adverse_pct,0.25,True,17.0,270.0,True,False
541,short,Short1,1,adverse_pct,0.5,True,17.0,270.0,True,False
541,short,Short1,1,adverse_pct,1.0,False,,,True,False
541,short,Short1,1,adverse_pct,2.0,False,,,True,False
541,short,Short1,1,adverse_pct,3.0,False,,,True,False
541,short,Short1,1,favorable_pct,0.25,True,3.0,60.0,True,False
541,short,Short1,1,favorable_pct,0.5,True,4.0,75.0,True,False
541,short,Short1,1,favorable_pct,1.0,True,24.0,375.0,True,False
541,short,Short1,1,favorable_pct,2.0,True,26.0,405.0,True,False
541,short,Short1,1,favorable_pct,3.0,False,,,True,False
542,short,Short1,1,adverse_pct,0.25,True,1.0,30.0,True,False
542,short,Short1,1,adverse_pct,0.5,False,,,True,False
542,short,Short1,1,adverse_pct,1.0,False,,,True,False
542,short,Short1,1,adverse_pct,2.0,False,,,True,False
542,short,Short1,1,adverse_pct,3.0,False,,,True,False
542,short,Short1,1,favorable_pct,0.25,True,12.0,195.0,True,False
542,short,Short1,1,favorable_pct,0.5,True,18.0,285.0,True,False
542,short,Short1,1,favorable_pct,1.0,True,29.0,450.0,True,False
542,short,Short1,1,favorable_pct,2.0,False,,,True,False
542,short,Short1,1,favorable_pct,3.0,False,,,True,False
543,short,Short1,1,adverse_pct,0.25,True,0.0,15.0,False,True
543,short,Short1,1,adverse_pct,0.5,True,1.0,30.0,False,True
543,short,Short1,1,adverse_pct,1.0,False,,,False,True
543,short,Short1,1,adverse_pct,2.0,False,,,False,True
543,short,Short1,1,adverse_pct,3.0,False,,,False,True
543,short,Short1,1,favorable_pct,0.25,True,19.0,300.0,False,True
543,short,Short1,1,favorable_pct,0.5,False,,,False,True
543,short,Short1,1,favorable_pct,1.0,False,,,False,True
543,short,Short1,1,favorable_pct,2.0,False,,,False,True
543,short,Short1,1,favorable_pct,3.0,False,,,False,True
544,short,Short1,1,adverse_pct,0.25,True,0.0,15.0,False,True
544,short,Short1,1,adverse_pct,0.5,True,4.0,75.0,False,True
544,short,Short1,1,adverse_pct,1.0,True,7.0,120.0,False,True
544,short,Short1,1,adverse_pct,2.0,False,,,False,True
544,short,Short1,1,adverse_pct,3.0,False,,,False,True
544,short,Short1,1,favorable_pct,0.25,True,52.0,795.0,False,True
544,short,Short1,1,favorable_pct,0.5,False,,,False,True
544,short,Short1,1,favorable_pct,1.0,False,,,False,True
544,short,Short1,1,favorable_pct,2.0,False,,,False,True
544,short,Short1,1,favorable_pct,3.0,False,,,False,True
545,short,Short1,1,adverse_pct,0.25,False,,,True,False
545,short,Short1,1,adverse_pct,0.5,False,,,True,False
545,short,Short1,1,adverse_pct,1.0,False,,,True,False
545,short,Short1,1,adverse_pct,2.0,False,,,True,False
545,short,Short1,1,adverse_pct,3.0,False,,,True,False
545,short,Short1,1,favorable_pct,0.25,True,2.0,45.0,True,False
545,short,Short1,1,favorable_pct,0.5,True,9.0,150.0,True,False
545,short,Short1,1,favorable_pct,1.0,False,,,True,False
545,short,Short1,1,favorable_pct,2.0,False,,,True,False
545,short,Short1,1,favorable_pct,3.0,False,,,True,False
546,long,Long1,1,adverse_pct,0.25,True,1.0,30.0,False,True
546,long,Long1,1,adverse_pct,0.5,True,10.0,165.0,False,True
546,long,Long1,1,adverse_pct,1.0,True,80.0,1215.0,False,True
546,long,Long1,1,adverse_pct,2.0,False,,,False,True
546,long,Long1,1,adverse_pct,3.0,False,,,False,True
546,long,Long1,1,favorable_pct,0.25,True,29.0,450.0,False,True
546,long,Long1,1,favorable_pct,0.5,False,,,False,True
546,long,Long1,1,favorable_pct,1.0,False,,,False,True
546,long,Long1,1,favorable_pct,2.0,False,,,False,True
546,long,Long1,1,favorable_pct,3.0,False,,,False,True
547,long,Long1,1,adverse_pct,0.25,True,0.0,15.0,True,False
547,long,Long1,1,adverse_pct,0.5,True,6.0,105.0,True,False
547,long,Long1,1,adverse_pct,1.0,False,,,True,False
547,long,Long1,1,adverse_pct,2.0,False,,,True,False
547,long,Long1,1,adverse_pct,3.0,False,,,True,False
547,long,Long1,1,favorable_pct,0.25,True,28.0,435.0,True,False
547,long,Long1,1,favorable_pct,0.5,True,47.0,720.0,True,False
547,long,Long1,1,favorable_pct,1.0,True,81.0,1230.0,True,False
547,long,Long1,1,favorable_pct,2.0,False,,,True,False
547,long,Long1,1,favorable_pct,3.0,False,,,True,False
548,long,Long1,1,adverse_pct,0.25,True,21.0,330.0,True,False
548,long,Long1,1,adverse_pct,0.5,True,68.0,1035.0,True,False
548,long,Long1,1,adverse_pct,1.0,False,,,True,False
548,long,Long1,1,adverse_pct,2.0,False,,,True,False
548,long,Long1,1,adverse_pct,3.0,False,,,True,False
548,long,Long1,1,favorable_pct,0.25,True,0.0,15.0,True,False
548,long,Long1,1,favorable_pct,0.5,True,2.0,45.0,True,False
548,long,Long1,1,favorable_pct,1.0,False,,,True,False
548,long,Long1,1,favorable_pct,2.0,False,,,True,False
548,long,Long1,1,favorable_pct,3.0,False,,,True,False
549,short,Short1,1,adverse_pct,0.25,True,37.0,570.0,False,True
549,short,Short1,1,adverse_pct,0.5,True,56.0,855.0,False,True
549,short,Short1,1,adverse_pct,1.0,True,56.0,855.0,False,True
549,short,Short1,1,adverse_pct,2.0,True,81.0,1230.0,False,True
549,short,Short1,1,adverse_pct,3.0,False,,,False,True
549,short,Short1,1,favorable_pct,0.25,True,9.0,150.0,False,True
549,short,Short1,1,favorable_pct,0.5,False,,,False,True
549,short,Short1,1,favorable_pct,1.0,False,,,False,True
549,short,Short1,1,favorable_pct,2.0,False,,,False,True
549,short,Short1,1,favorable_pct,3.0,False,,,False,True
550,short,Short1,1,adverse_pct,0.25,True,2.0,45.0,True,False
550,short,Short1,1,adverse_pct,0.5,False,,,True,False
550,short,Short1,1,adverse_pct,1.0,False,,,True,False
550,short,Short1,1,adverse_pct,2.0,False,,,True,False
550,short,Short1,1,adverse_pct,3.0,False,,,True,False
550,short,Short1,1,favorable_pct,0.25,True,20.0,315.0,True,False
550,short,Short1,1,favorable_pct,0.5,True,29.0,450.0,True,False
550,short,Short1,1,favorable_pct,1.0,True,37.0,570.0,True,False
550,short,Short1,1,favorable_pct,2.0,False,,,True,False
550,short,Short1,1,favorable_pct,3.0,False,,,True,False
551,short,Short1,1,adverse_pct,0.25,True,24.0,375.0,False,True
551,short,Short1,1,adverse_pct,0.5,True,24.0,375.0,False,True
551,short,Short1,1,adverse_pct,1.0,True,25.0,390.0,False,True
551,short,Short1,1,adverse_pct,2.0,True,38.0,585.0,False,True
551,short,Short1,1,adverse_pct,3.0,True,57.0,870.0,False,True
551,short,Short1,1,favorable_pct,0.25,True,6.0,105.0,False,True
551,short,Short1,1,favorable_pct,0.5,False,,,False,True
551,short,Short1,1,favorable_pct,1.0,False,,,False,True
551,short,Short1,1,favorable_pct,2.0,False,,,False,True
551,short,Short1,1,favorable_pct,3.0,False,,,False,True
552,short,Short2,2,adverse_pct,0.25,True,1.0,30.0,False,True
552,short,Short2,2,adverse_pct,0.5,True,6.0,105.0,False,True
552,short,Short2,2,adverse_pct,1.0,True,33.0,510.0,False,True
552,short,Short2,2,adverse_pct,2.0,True,91.0,1380.0,False,True
552,short,Short2,2,adverse_pct,3.0,False,,,False,True
552,short,Short2,2,favorable_pct,0.25,True,11.0,180.0,False,True
552,short,Short2,2,favorable_pct,0.5,False,,,False,True
552,short,Short2,2,favorable_pct,1.0,False,,,False,True
552,short,Short2,2,favorable_pct,2.0,False,,,False,True
552,short,Short2,2,favorable_pct,3.0,False,,,False,True
553,short,Short1,1,adverse_pct,0.25,True,9.0,150.0,False,True
553,short,Short1,1,adverse_pct,0.5,True,9.0,150.0,False,True
553,short,Short1,1,adverse_pct,1.0,True,91.0,1380.0,False,True
553,short,Short1,1,adverse_pct,2.0,True,94.0,1425.0,False,True
553,short,Short1,1,adverse_pct,3.0,True,95.0,1440.0,False,True
553,short,Short1,1,favorable_pct,0.25,True,1.0,30.0,False,True
553,short,Short1,1,favorable_pct,0.5,True,3.0,60.0,False,True
553,short,Short1,1,favorable_pct,1.0,False,,,False,True
553,short,Short1,1,favorable_pct,2.0,False,,,False,True
553,short,Short1,1,favorable_pct,3.0,False,,,False,True
554,short,Short2,2,adverse_pct,0.25,True,9.0,150.0,False,True
554,short,Short2,2,adverse_pct,0.5,True,9.0,150.0,False,True
554,short,Short2,2,adverse_pct,1.0,True,91.0,1380.0,False,True
554,short,Short2,2,adverse_pct,2.0,True,94.0,1425.0,False,True
554,short,Short2,2,adverse_pct,3.0,True,95.0,1440.0,False,True
554,short,Short2,2,favorable_pct,0.25,True,1.0,30.0,False,True
554,short,Short2,2,favorable_pct,0.5,True,3.0,60.0,False,True
554,short,Short2,2,favorable_pct,1.0,False,,,False,True
554,short,Short2,2,favorable_pct,2.0,False,,,False,True
554,short,Short2,2,favorable_pct,3.0,False,,,False,True
555,short,Short1,1,adverse_pct,0.25,True,0.0,15.0,False,True
555,short,Short1,1,adverse_pct,0.5,False,,,False,True
555,short,Short1,1,adverse_pct,1.0,False,,,False,True
555,short,Short1,1,adverse_pct,2.0,False,,,False,True
555,short,Short1,1,adverse_pct,3.0,False,,,False,True
555,short,Short1,1,favorable_pct,0.25,True,0.0,15.0,False,True
555,short,Short1,1,favorable_pct,0.5,True,0.0,15.0,False,True
555,short,Short1,1,favorable_pct,1.0,False,,,False,True
555,short,Short1,1,favorable_pct,2.0,False,,,False,True
555,short,Short1,1,favorable_pct,3.0,False,,,False,True
556,short,Short2,2,adverse_pct,0.25,True,0.0,15.0,False,True
556,short,Short2,2,adverse_pct,0.5,False,,,False,True
556,short,Short2,2,adverse_pct,1.0,False,,,False,True
556,short,Short2,2,adverse_pct,2.0,False,,,False,True
556,short,Short2,2,adverse_pct,3.0,False,,,False,True
556,short,Short2,2,favorable_pct,0.25,True,0.0,15.0,False,True
556,short,Short2,2,favorable_pct,0.5,True,0.0,15.0,False,True
556,short,Short2,2,favorable_pct,1.0,False,,,False,True
556,short,Short2,2,favorable_pct,2.0,False,,,False,True
556,short,Short2,2,favorable_pct,3.0,False,,,False,True
557,short,Short1,1,adverse_pct,0.25,True,18.0,285.0,False,True
557,short,Short1,1,adverse_pct,0.5,True,19.0,300.0,False,True
557,short,Short1,1,adverse_pct,1.0,True,19.0,300.0,False,True
557,short,Short1,1,adverse_pct,2.0,True,28.0,435.0,False,True
557,short,Short1,1,adverse_pct,3.0,False,,,False,True
557,short,Short1,1,favorable_pct,0.25,False,,,False,True
557,short,Short1,1,favorable_pct,0.5,False,,,False,True
557,short,Short1,1,favorable_pct,1.0,False,,,False,True
557,short,Short1,1,favorable_pct,2.0,False,,,False,True
557,short,Short1,1,favorable_pct,3.0,False,,,False,True
558,short,Short1,1,adverse_pct,0.25,True,32.0,495.0,False,True
558,short,Short1,1,adverse_pct,0.5,True,36.0,555.0,False,True
558,short,Short1,1,adverse_pct,1.0,True,43.0,660.0,False,True
558,short,Short1,1,adverse_pct,2.0,False,,,False,True
558,short,Short1,1,adverse_pct,3.0,False,,,False,True
558,short,Short1,1,favorable_pct,0.25,True,5.0,90.0,False,True
558,short,Short1,1,favorable_pct,0.5,True,7.0,120.0,False,True
558,short,Short1,1,favorable_pct,1.0,False,,,False,True
558,short,Short1,1,favorable_pct,2.0,False,,,False,True
558,short,Short1,1,favorable_pct,3.0,False,,,False,True
559,long,Long1,1,adverse_pct,0.25,True,0.0,15.0,True,False
559,long,Long1,1,adverse_pct,0.5,True,2.0,45.0,True,False
559,long,Long1,1,adverse_pct,1.0,False,,,True,False
559,long,Long1,1,adverse_pct,2.0,False,,,True,False
559,long,Long1,1,adverse_pct,3.0,False,,,True,False
559,long,Long1,1,favorable_pct,0.25,True,8.0,135.0,True,False
559,long,Long1,1,favorable_pct,0.5,True,8.0,135.0,True,False
559,long,Long1,1,favorable_pct,1.0,True,59.0,900.0,True,False
559,long,Long1,1,favorable_pct,2.0,True,94.0,1425.0,True,False
559,long,Long1,1,favorable_pct,3.0,False,,,True,False
560,long,Long1,1,adverse_pct,0.25,False,,,True,False
560,long,Long1,1,adverse_pct,0.5,False,,,True,False
560,long,Long1,1,adverse_pct,1.0,False,,,True,False
560,long,Long1,1,adverse_pct,2.0,False,,,True,False
560,long,Long1,1,adverse_pct,3.0,False,,,True,False
560,long,Long1,1,favorable_pct,0.25,True,1.0,30.0,True,False
560,long,Long1,1,favorable_pct,0.5,True,7.0,120.0,True,False
560,long,Long1,1,favorable_pct,1.0,True,10.0,165.0,True,False
560,long,Long1,1,favorable_pct,2.0,True,15.0,240.0,True,False
560,long,Long1,1,favorable_pct,3.0,False,,,True,False
561,long,Long1,1,adverse_pct,0.25,False,,,False,True
561,long,Long1,1,adverse_pct,0.5,False,,,False,True
561,long,Long1,1,adverse_pct,1.0,False,,,False,True
561,long,Long1,1,adverse_pct,2.0,False,,,False,True
561,long,Long1,1,adverse_pct,3.0,False,,,False,True
561,long,Long1,1,favorable_pct,0.25,True,0.0,15.0,False,True
561,long,Long1,1,favorable_pct,0.5,True,1.0,30.0,False,True
561,long,Long1,1,favorable_pct,1.0,True,19.0,300.0,False,True
561,long,Long1,1,favorable_pct,2.0,False,,,False,True
561,long,Long1,1,favorable_pct,3.0,False,,,False,True
562,long,Long1,1,adverse_pct,0.25,True,2.0,45.0,False,True
562,long,Long1,1,adverse_pct,0.5,True,3.0,60.0,False,True
562,long,Long1,1,adverse_pct,1.0,True,4.0,75.0,False,True
562,long,Long1,1,adverse_pct,2.0,True,10.0,165.0,False,True
562,long,Long1,1,adverse_pct,3.0,True,10.0,165.0,False,True
562,long,Long1,1,favorable_pct,0.25,False,,,False,True
562,long,Long1,1,favorable_pct,0.5,False,,,False,True
562,long,Long1,1,favorable_pct,1.0,False,,,False,True
562,long,Long1,1,favorable_pct,2.0,False,,,False,True
562,long,Long1,1,favorable_pct,3.0,False,,,False,True
563,long,Long1,1,adverse_pct,0.25,True,0.0,15.0,False,True
563,long,Long1,1,adverse_pct,0.5,True,1.0,30.0,False,True
563,long,Long1,1,adverse_pct,1.0,True,3.0,60.0,False,True
563,long,Long1,1,adverse_pct,2.0,False,,,False,True
563,long,Long1,1,adverse_pct,3.0,False,,,False,True
563,long,Long1,1,favorable_pct,0.25,False,,,False,True
563,long,Long1,1,favorable_pct,0.5,False,,,False,True
563,long,Long1,1,favorable_pct,1.0,False,,,False,True
563,long,Long1,1,favorable_pct,2.0,False,,,False,True
563,long,Long1,1,favorable_pct,3.0,False,,,False,True
564,long,Long1,1,adverse_pct,0.25,True,0.0,15.0,False,True
564,long,Long1,1,adverse_pct,0.5,False,,,False,True
564,long,Long1,1,adverse_pct,1.0,False,,,False,True
564,long,Long1,1,adverse_pct,2.0,False,,,False,True
564,long,Long1,1,adverse_pct,3.0,False,,,False,True
564,long,Long1,1,favorable_pct,0.25,True,2.0,45.0,False,True
564,long,Long1,1,favorable_pct,0.5,False,,,False,True
564,long,Long1,1,favorable_pct,1.0,False,,,False,True
564,long,Long1,1,favorable_pct,2.0,False,,,False,True
564,long,Long1,1,favorable_pct,3.0,False,,,False,True
565,long,Long1,1,adverse_pct,0.25,False,,,True,False
565,long,Long1,1,adverse_pct,0.5,False,,,True,False
565,long,Long1,1,adverse_pct,1.0,False,,,True,False
565,long,Long1,1,adverse_pct,2.0,False,,,True,False
565,long,Long1,1,adverse_pct,3.0,False,,,True,False
565,long,Long1,1,favorable_pct,0.25,True,0.0,15.0,True,False
565,long,Long1,1,favorable_pct,0.5,True,0.0,15.0,True,False
565,long,Long1,1,favorable_pct,1.0,False,,,True,False
565,long,Long1,1,favorable_pct,2.0,False,,,True,False
565,long,Long1,1,favorable_pct,3.0,False,,,True,False
566,long,Long1,1,adverse_pct,0.25,False,,,False,True
566,long,Long1,1,adverse_pct,0.5,False,,,False,True
566,long,Long1,1,adverse_pct,1.0,False,,,False,True
566,long,Long1,1,adverse_pct,2.0,False,,,False,True
566,long,Long1,1,adverse_pct,3.0,False,,,False,True
566,long,Long1,1,favorable_pct,0.25,True,0.0,15.0,False,True
566,long,Long1,1,favorable_pct,0.5,True,0.0,15.0,False,True
566,long,Long1,1,favorable_pct,1.0,False,,,False,True
566,long,Long1,1,favorable_pct,2.0,False,,,False,True
566,long,Long1,1,favorable_pct,3.0,False,,,False,True
567,long,Long1,1,adverse_pct,0.25,False,,,True,False
567,long,Long1,1,adverse_pct,0.5,False,,,True,False
567,long,Long1,1,adverse_pct,1.0,False,,,True,False
567,long,Long1,1,adverse_pct,2.0,False,,,True,False
567,long,Long1,1,adverse_pct,3.0,False,,,True,False
567,long,Long1,1,favorable_pct,0.25,True,0.0,15.0,True,False
567,long,Long1,1,favorable_pct,0.5,True,0.0,15.0,True,False
567,long,Long1,1,favorable_pct,1.0,False,,,True,False
567,long,Long1,1,favorable_pct,2.0,False,,,True,False
567,long,Long1,1,favorable_pct,3.0,False,,,True,False
568,long,Long1,1,adverse_pct,0.25,True,3.0,60.0,False,True
568,long,Long1,1,adverse_pct,0.5,True,3.0,60.0,False,True
568,long,Long1,1,adverse_pct,1.0,False,,,False,True
568,long,Long1,1,adverse_pct,2.0,False,,,False,True
568,long,Long1,1,adverse_pct,3.0,False,,,False,True
568,long,Long1,1,favorable_pct,0.25,True,0.0,15.0,False,True
568,long,Long1,1,favorable_pct,0.5,True,0.0,15.0,False,True
568,long,Long1,1,favorable_pct,1.0,True,21.0,330.0,False,True
568,long,Long1,1,favorable_pct,2.0,False,,,False,True
568,long,Long1,1,favorable_pct,3.0,False,,,False,True
569,long,Long2,2,adverse_pct,0.25,True,3.0,60.0,False,True
569,long,Long2,2,adverse_pct,0.5,True,3.0,60.0,False,True
569,long,Long2,2,adverse_pct,1.0,False,,,False,True
569,long,Long2,2,adverse_pct,2.0,False,,,False,True
569,long,Long2,2,adverse_pct,3.0,False,,,False,True
569,long,Long2,2,favorable_pct,0.25,True,0.0,15.0,False,True
569,long,Long2,2,favorable_pct,0.5,True,0.0,15.0,False,True
569,long,Long2,2,favorable_pct,1.0,True,21.0,330.0,False,True
569,long,Long2,2,favorable_pct,2.0,False,,,False,True
569,long,Long2,2,favorable_pct,3.0,False,,,False,True
570,long,Long1,1,adverse_pct,0.25,True,0.0,15.0,True,False
570,long,Long1,1,adverse_pct,0.5,True,0.0,15.0,True,False
570,long,Long1,1,adverse_pct,1.0,True,0.0,15.0,True,False
570,long,Long1,1,adverse_pct,2.0,False,,,True,False
570,long,Long1,1,adverse_pct,3.0,False,,,True,False
570,long,Long1,1,favorable_pct,0.25,True,2.0,45.0,True,False
570,long,Long1,1,favorable_pct,0.5,False,,,True,False
570,long,Long1,1,favorable_pct,1.0,False,,,True,False
570,long,Long1,1,favorable_pct,2.0,False,,,True,False
570,long,Long1,1,favorable_pct,3.0,False,,,True,False
571,long,Long1,1,adverse_pct,0.25,True,61.0,930.0,True,False
571,long,Long1,1,adverse_pct,0.5,True,65.0,990.0,True,False
571,long,Long1,1,adverse_pct,1.0,False,,,True,False
571,long,Long1,1,adverse_pct,2.0,False,,,True,False
571,long,Long1,1,adverse_pct,3.0,False,,,True,False
571,long,Long1,1,favorable_pct,0.25,True,1.0,30.0,True,False
571,long,Long1,1,favorable_pct,0.5,True,12.0,195.0,True,False
571,long,Long1,1,favorable_pct,1.0,True,67.0,1020.0,True,False
571,long,Long1,1,favorable_pct,2.0,True,94.0,1425.0,True,False
571,long,Long1,1,favorable_pct,3.0,True,139.0,2100.0,True,False
572,short,Short1,1,adverse_pct,0.25,True,6.0,105.0,True,False
572,short,Short1,1,adverse_pct,0.5,False,,,True,False
572,short,Short1,1,adverse_pct,1.0,False,,,True,False
572,short,Short1,1,adverse_pct,2.0,False,,,True,False
572,short,Short1,1,adverse_pct,3.0,False,,,True,False
572,short,Short1,1,favorable_pct,0.25,True,5.0,90.0,True,False
572,short,Short1,1,favorable_pct,0.5,True,9.0,150.0,True,False
572,short,Short1,1,favorable_pct,1.0,True,39.0,600.0,True,False
572,short,Short1,1,favorable_pct,2.0,False,,,True,False
572,short,Short1,1,favorable_pct,3.0,False,,,True,False
573,short,Short1,1,adverse_pct,0.25,False,,,True,False
573,short,Short1,1,adverse_pct,0.5,False,,,True,False
573,short,Short1,1,adverse_pct,1.0,False,,,True,False
573,short,Short1,1,adverse_pct,2.0,False,,,True,False
573,short,Short1,1,adverse_pct,3.0,False,,,True,False
573,short,Short1,1,favorable_pct,0.25,True,0.0,15.0,True,False
573,short,Short1,1,favorable_pct,0.5,True,0.0,15.0,True,False
573,short,Short1,1,favorable_pct,1.0,True,2.0,45.0,True,False
573,short,Short1,1,favorable_pct,2.0,True,14.0,225.0,True,False
573,short,Short1,1,favorable_pct,3.0,True,22.0,345.0,True,False
574,short,Short2,2,adverse_pct,0.25,False,,,True,False
574,short,Short2,2,adverse_pct,0.5,False,,,True,False
574,short,Short2,2,adverse_pct,1.0,False,,,True,False
574,short,Short2,2,adverse_pct,2.0,False,,,True,False
574,short,Short2,2,adverse_pct,3.0,False,,,True,False
574,short,Short2,2,favorable_pct,0.25,True,0.0,15.0,True,False
574,short,Short2,2,favorable_pct,0.5,True,0.0,15.0,True,False
574,short,Short2,2,favorable_pct,1.0,True,2.0,45.0,True,False
574,short,Short2,2,favorable_pct,2.0,True,14.0,225.0,True,False
574,short,Short2,2,favorable_pct,3.0,True,22.0,345.0,True,False
575,short,Short1,1,adverse_pct,0.25,True,5.0,90.0,True,False
575,short,Short1,1,adverse_pct,0.5,True,29.0,450.0,True,False
575,short,Short1,1,adverse_pct,1.0,False,,,True,False
575,short,Short1,1,adverse_pct,2.0,False,,,True,False
575,short,Short1,1,adverse_pct,3.0,False,,,True,False
575,short,Short1,1,favorable_pct,0.25,True,10.0,165.0,True,False
575,short,Short1,1,favorable_pct,0.5,True,34.0,525.0,True,False
575,short,Short1,1,favorable_pct,1.0,True,36.0,555.0,True,False
575,short,Short1,1,favorable_pct,2.0,False,,,True,False
575,short,Short1,1,favorable_pct,3.0,False,,,True,False
576,short,Short1,1,adverse_pct,0.25,True,10.0,165.0,False,True
576,short,Short1,1,adverse_pct,0.5,True,17.0,270.0,False,True
576,short,Short1,1,adverse_pct,1.0,False,,,False,True
576,short,Short1,1,adverse_pct,2.0,False,,,False,True
576,short,Short1,1,adverse_pct,3.0,False,,,False,True
576,short,Short1,1,favorable_pct,0.25,False,,,False,True
576,short,Short1,1,favorable_pct,0.5,False,,,False,True
576,short,Short1,1,favorable_pct,1.0,False,,,False,True
576,short,Short1,1,favorable_pct,2.0,False,,,False,True
576,short,Short1,1,favorable_pct,3.0,False,,,False,True
577,short,Short1,1,adverse_pct,0.25,True,0.0,15.0,False,True
577,short,Short1,1,adverse_pct,0.5,True,6.0,105.0,False,True
577,short,Short1,1,adverse_pct,1.0,True,40.0,615.0,False,True
577,short,Short1,1,adverse_pct,2.0,True,69.0,1050.0,False,True
577,short,Short1,1,adverse_pct,3.0,False,,,False,True
577,short,Short1,1,favorable_pct,0.25,True,37.0,570.0,False,True
577,short,Short1,1,favorable_pct,0.5,False,,,False,True
577,short,Short1,1,favorable_pct,1.0,False,,,False,True
577,short,Short1,1,favorable_pct,2.0,False,,,False,True
577,short,Short1,1,favorable_pct,3.0,False,,,False,True
578,long,Long2,2,adverse_pct,0.25,True,0.0,15.0,False,True
578,long,Long2,2,adverse_pct,0.5,True,1.0,30.0,False,True
578,long,Long2,2,adverse_pct,1.0,False,,,False,True
578,long,Long2,2,adverse_pct,2.0,False,,,False,True
578,long,Long2,2,adverse_pct,3.0,False,,,False,True
578,long,Long2,2,favorable_pct,0.25,True,3.0,60.0,False,True
578,long,Long2,2,favorable_pct,0.5,True,3.0,60.0,False,True
578,long,Long2,2,favorable_pct,1.0,True,4.0,75.0,False,True
578,long,Long2,2,favorable_pct,2.0,True,9.0,150.0,False,True
578,long,Long2,2,favorable_pct,3.0,False,,,False,True
579,long,Long1,1,adverse_pct,0.25,True,8.0,135.0,False,True
579,long,Long1,1,adverse_pct,0.5,True,8.0,135.0,False,True
579,long,Long1,1,adverse_pct,1.0,True,8.0,135.0,False,True
579,long,Long1,1,adverse_pct,2.0,True,47.0,720.0,False,True
579,long,Long1,1,adverse_pct,3.0,True,84.0,1275.0,False,True
579,long,Long1,1,favorable_pct,0.25,True,4.0,75.0,False,True
579,long,Long1,1,favorable_pct,0.5,True,4.0,75.0,False,True
579,long,Long1,1,favorable_pct,1.0,False,,,False,True
579,long,Long1,1,favorable_pct,2.0,False,,,False,True
579,long,Long1,1,favorable_pct,3.0,False,,,False,True
580,long,Long2,2,adverse_pct,0.25,False,,,True,False
580,long,Long2,2,adverse_pct,0.5,False,,,True,False
580,long,Long2,2,adverse_pct,1.0,False,,,True,False
580,long,Long2,2,adverse_pct,2.0,False,,,True,False
580,long,Long2,2,adverse_pct,3.0,False,,,True,False
580,long,Long2,2,favorable_pct,0.25,True,0.0,15.0,True,False
580,long,Long2,2,favorable_pct,0.5,True,3.0,60.0,True,False
580,long,Long2,2,favorable_pct,1.0,True,13.0,210.0,True,False
580,long,Long2,2,favorable_pct,2.0,True,16.0,255.0,True,False
580,long,Long2,2,favorable_pct,3.0,True,60.0,915.0,True,False
581,long,Long1,1,adverse_pct,0.25,True,4.0,75.0,True,False
581,long,Long1,1,adverse_pct,0.5,True,7.0,120.0,True,False
581,long,Long1,1,adverse_pct,1.0,False,,,True,False
581,long,Long1,1,adverse_pct,2.0,False,,,True,False
581,long,Long1,1,adverse_pct,3.0,False,,,True,False
581,long,Long1,1,favorable_pct,0.25,True,0.0,15.0,True,False
581,long,Long1,1,favorable_pct,0.5,True,14.0,225.0,True,False
581,long,Long1,1,favorable_pct,1.0,True,23.0,360.0,True,False
581,long,Long1,1,favorable_pct,2.0,True,28.0,435.0,True,False
581,long,Long1,1,favorable_pct,3.0,True,62.0,945.0,True,False
582,long,Long1,1,adverse_pct,0.25,True,4.0,75.0,False,True
582,long,Long1,1,adverse_pct,0.5,True,6.0,105.0,False,True
582,long,Long1,1,adverse_pct,1.0,True,25.0,390.0,False,True
582,long,Long1,1,adverse_pct,2.0,True,44.0,675.0,False,True
582,long,Long1,1,adverse_pct,3.0,False,,,False,True
582,long,Long1,1,favorable_pct,0.25,True,30.0,465.0,False,True
582,long,Long1,1,favorable_pct,0.5,False,,,False,True
582,long,Long1,1,favorable_pct,1.0,False,,,False,True
582,long,Long1,1,favorable_pct,2.0,False,,,False,True
582,long,Long1,1,favorable_pct,3.0,False,,,False,True
583,long,Long2,2,adverse_pct,0.25,True,3.0,60.0,True,False
583,long,Long2,2,adverse_pct,0.5,True,19.0,300.0,True,False
583,long,Long2,2,adverse_pct,1.0,False,,,True,False
583,long,Long2,2,adverse_pct,2.0,False,,,True,False
583,long,Long2,2,adverse_pct,3.0,False,,,True,False
583,long,Long2,2,favorable_pct,0.25,True,5.0,90.0,True,False
583,long,Long2,2,favorable_pct,0.5,True,6.0,105.0,True,False
583,long,Long2,2,favorable_pct,1.0,False,,,True,False
583,long,Long2,2,favorable_pct,2.0,False,,,True,False
583,long,Long2,2,favorable_pct,3.0,False,,,True,False
584,long,Long1,1,adverse_pct,0.25,True,1.0,30.0,False,True
584,long,Long1,1,adverse_pct,0.5,True,4.0,75.0,False,True
584,long,Long1,1,adverse_pct,1.0,True,8.0,135.0,False,True
584,long,Long1,1,adverse_pct,2.0,True,40.0,615.0,False,True
584,long,Long1,1,adverse_pct,3.0,True,43.0,660.0,False,True
584,long,Long1,1,favorable_pct,0.25,True,0.0,15.0,False,True
584,long,Long1,1,favorable_pct,0.5,False,,,False,True
584,long,Long1,1,favorable_pct,1.0,False,,,False,True
584,long,Long1,1,favorable_pct,2.0,False,,,False,True
584,long,Long1,1,favorable_pct,3.0,False,,,False,True
585,long,Long1,1,adverse_pct,0.25,True,0.0,15.0,False,True
585,long,Long1,1,adverse_pct,0.5,True,1.0,30.0,False,True
585,long,Long1,1,adverse_pct,1.0,True,2.0,45.0,False,True
585,long,Long1,1,adverse_pct,2.0,False,,,False,True
585,long,Long1,1,adverse_pct,3.0,False,,,False,True
585,long,Long1,1,favorable_pct,0.25,False,,,False,True
585,long,Long1,1,favorable_pct,0.5,False,,,False,True
585,long,Long1,1,favorable_pct,1.0,False,,,False,True
585,long,Long1,1,favorable_pct,2.0,False,,,False,True
585,long,Long1,1,favorable_pct,3.0,False,,,False,True
586,long,Long2,2,adverse_pct,0.25,False,,,True,False
586,long,Long2,2,adverse_pct,0.5,False,,,True,False
586,long,Long2,2,adverse_pct,1.0,False,,,True,False
586,long,Long2,2,adverse_pct,2.0,False,,,True,False
586,long,Long2,2,adverse_pct,3.0,False,,,True,False
586,long,Long2,2,favorable_pct,0.25,True,1.0,30.0,True,False
586,long,Long2,2,favorable_pct,0.5,True,2.0,45.0,True,False
586,long,Long2,2,favorable_pct,1.0,True,4.0,75.0,True,False
586,long,Long2,2,favorable_pct,2.0,True,17.0,270.0,True,False
586,long,Long2,2,favorable_pct,3.0,False,,,True,False
587,long,Long1,1,adverse_pct,0.25,False,,,True,False
587,long,Long1,1,adverse_pct,0.5,False,,,True,False
587,long,Long1,1,adverse_pct,1.0,False,,,True,False
587,long,Long1,1,adverse_pct,2.0,False,,,True,False
587,long,Long1,1,adverse_pct,3.0,False,,,True,False
587,long,Long1,1,favorable_pct,0.25,True,0.0,15.0,True,False
587,long,Long1,1,favorable_pct,0.5,True,0.0,15.0,True,False
587,long,Long1,1,favorable_pct,1.0,True,0.0,15.0,True,False
587,long,Long1,1,favorable_pct,2.0,True,1.0,30.0,True,False
587,long,Long1,1,favorable_pct,3.0,True,13.0,210.0,True,False
588,long,Long1,1,adverse_pct,0.25,True,5.0,90.0,True,False
588,long,Long1,1,adverse_pct,0.5,True,5.0,90.0,True,False
588,long,Long1,1,adverse_pct,1.0,False,,,True,False
588,long,Long1,1,adverse_pct,2.0,False,,,True,False
588,long,Long1,1,adverse_pct,3.0,False,,,True,False
588,long,Long1,1,favorable_pct,0.25,True,0.0,15.0,True,False
588,long,Long1,1,favorable_pct,0.5,True,0.0,15.0,True,False
588,long,Long1,1,favorable_pct,1.0,True,7.0,120.0,True,False
588,long,Long1,1,favorable_pct,2.0,True,16.0,255.0,True,False
588,long,Long1,1,favorable_pct,3.0,True,25.0,390.0,True,False
589,short,Short1,1,adverse_pct,0.25,False,,,True,False
589,short,Short1,1,adverse_pct,0.5,False,,,True,False
589,short,Short1,1,adverse_pct,1.0,False,,,True,False
589,short,Short1,1,adverse_pct,2.0,False,,,True,False
589,short,Short1,1,adverse_pct,3.0,False,,,True,False
589,short,Short1,1,favorable_pct,0.25,True,0.0,15.0,True,False
589,short,Short1,1,favorable_pct,0.5,True,1.0,30.0,True,False
589,short,Short1,1,favorable_pct,1.0,False,,,True,False
589,short,Short1,1,favorable_pct,2.0,False,,,True,False
589,short,Short1,1,favorable_pct,3.0,False,,,True,False
590,short,Short2,2,adverse_pct,0.25,False,,,True,False
590,short,Short2,2,adverse_pct,0.5,False,,,True,False
590,short,Short2,2,adverse_pct,1.0,False,,,True,False
590,short,Short2,2,adverse_pct,2.0,False,,,True,False
590,short,Short2,2,adverse_pct,3.0,False,,,True,False
590,short,Short2,2,favorable_pct,0.25,True,0.0,15.0,True,False
590,short,Short2,2,favorable_pct,0.5,True,1.0,30.0,True,False
590,short,Short2,2,favorable_pct,1.0,False,,,True,False
590,short,Short2,2,favorable_pct,2.0,False,,,True,False
590,short,Short2,2,favorable_pct,3.0,False,,,True,False
591,short,Short1,1,adverse_pct,0.25,False,,,True,False
591,short,Short1,1,adverse_pct,0.5,False,,,True,False
591,short,Short1,1,adverse_pct,1.0,False,,,True,False
591,short,Short1,1,adverse_pct,2.0,False,,,True,False
591,short,Short1,1,adverse_pct,3.0,False,,,True,False
591,short,Short1,1,favorable_pct,0.25,True,0.0,15.0,True,False
591,short,Short1,1,favorable_pct,0.5,True,2.0,45.0,True,False
591,short,Short1,1,favorable_pct,1.0,True,6.0,105.0,True,False
591,short,Short1,1,favorable_pct,2.0,True,37.0,570.0,True,False
591,short,Short1,1,favorable_pct,3.0,True,48.0,735.0,True,False
592,long,Long1,1,adverse_pct,0.25,True,0.0,15.0,False,True
592,long,Long1,1,adverse_pct,0.5,True,1.0,30.0,False,True
592,long,Long1,1,adverse_pct,1.0,False,,,False,True
592,long,Long1,1,adverse_pct,2.0,False,,,False,True
592,long,Long1,1,adverse_pct,3.0,False,,,False,True
592,long,Long1,1,favorable_pct,0.25,True,6.0,105.0,False,True
592,long,Long1,1,favorable_pct,0.5,True,24.0,375.0,False,True
592,long,Long1,1,favorable_pct,1.0,True,24.0,375.0,False,True
592,long,Long1,1,favorable_pct,2.0,False,,,False,True
592,long,Long1,1,favorable_pct,3.0,False,,,False,True
593,long,Long2,2,adverse_pct,0.25,False,,,False,True
593,long,Long2,2,adverse_pct,0.5,False,,,False,True
593,long,Long2,2,adverse_pct,1.0,False,,,False,True
593,long,Long2,2,adverse_pct,2.0,False,,,False,True
593,long,Long2,2,adverse_pct,3.0,False,,,False,True
593,long,Long2,2,favorable_pct,0.25,True,0.0,15.0,False,True
593,long,Long2,2,favorable_pct,0.5,True,1.0,30.0,False,True
593,long,Long2,2,favorable_pct,1.0,True,4.0,75.0,False,True
593,long,Long2,2,favorable_pct,2.0,False,,,False,True
593,long,Long2,2,favorable_pct,3.0,False,,,False,True
594,long,Long1,1,adverse_pct,0.25,True,0.0,15.0,True,False
594,long,Long1,1,adverse_pct,0.5,True,3.0,60.0,True,False
594,long,Long1,1,adverse_pct,1.0,False,,,True,False
594,long,Long1,1,adverse_pct,2.0,False,,,True,False
594,long,Long1,1,adverse_pct,3.0,False,,,True,False
594,long,Long1,1,favorable_pct,0.25,True,0.0,15.0,True,False
594,long,Long1,1,favorable_pct,0.5,True,0.0,15.0,True,False
594,long,Long1,1,favorable_pct,1.0,True,13.0,210.0,True,False
594,long,Long1,1,favorable_pct,2.0,False,,,True,False
594,long,Long1,1,favorable_pct,3.0,False,,,True,False
595,long,Long1,1,adverse_pct,0.25,True,0.0,15.0,False,True
595,long,Long1,1,adverse_pct,0.5,True,1.0,30.0,False,True
595,long,Long1,1,adverse_pct,1.0,True,5.0,90.0,False,True
595,long,Long1,1,adverse_pct,2.0,False,,,False,True
595,long,Long1,1,adverse_pct,3.0,False,,,False,True
595,long,Long1,1,favorable_pct,0.25,False,,,False,True
595,long,Long1,1,favorable_pct,0.5,False,,,False,True
595,long,Long1,1,favorable_pct,1.0,False,,,False,True
595,long,Long1,1,favorable_pct,2.0,False,,,False,True
595,long,Long1,1,favorable_pct,3.0,False,,,False,True
596,long,Long1,1,adverse_pct,0.25,True,2.0,45.0,False,True
596,long,Long1,1,adverse_pct,0.5,True,4.0,75.0,False,True
596,long,Long1,1,adverse_pct,1.0,True,5.0,90.0,False,True
596,long,Long1,1,adverse_pct,2.0,False,,,False,True
596,long,Long1,1,adverse_pct,3.0,False,,,False,True
596,long,Long1,1,favorable_pct,0.25,True,1.0,30.0,False,True
596,long,Long1,1,favorable_pct,0.5,False,,,False,True
596,long,Long1,1,favorable_pct,1.0,False,,,False,True
596,long,Long1,1,favorable_pct,2.0,False,,,False,True
596,long,Long1,1,favorable_pct,3.0,False,,,False,True
597,long,Long1,1,adverse_pct,0.25,True,12.0,195.0,True,False
597,long,Long1,1,adverse_pct,0.5,False,,,True,False
597,long,Long1,1,adverse_pct,1.0,False,,,True,False
597,long,Long1,1,adverse_pct,2.0,False,,,True,False
597,long,Long1,1,adverse_pct,3.0,False,,,True,False
597,long,Long1,1,favorable_pct,0.25,True,0.0,15.0,True,False
597,long,Long1,1,favorable_pct,0.5,True,17.0,270.0,True,False
597,long,Long1,1,favorable_pct,1.0,True,40.0,615.0,True,False
597,long,Long1,1,favorable_pct,2.0,False,,,True,False
597,long,Long1,1,favorable_pct,3.0,False,,,True,False
598,long,Long1,1,adverse_pct,0.25,True,3.0,60.0,False,True
598,long,Long1,1,adverse_pct,0.5,True,4.0,75.0,False,True
598,long,Long1,1,adverse_pct,1.0,False,,,False,True
598,long,Long1,1,adverse_pct,2.0,False,,,False,True
598,long,Long1,1,adverse_pct,3.0,False,,,False,True
598,long,Long1,1,favorable_pct,0.25,True,5.0,90.0,False,True
598,long,Long1,1,favorable_pct,0.5,True,5.0,90.0,False,True
598,long,Long1,1,favorable_pct,1.0,True,5.0,90.0,False,True
598,long,Long1,1,favorable_pct,2.0,False,,,False,True
598,long,Long1,1,favorable_pct,3.0,False,,,False,True
599,long,Long1,1,adverse_pct,0.25,True,0.0,15.0,False,True
599,long,Long1,1,adverse_pct,0.5,True,0.0,15.0,False,True
599,long,Long1,1,adverse_pct,1.0,False,,,False,True
599,long,Long1,1,adverse_pct,2.0,False,,,False,True
599,long,Long1,1,adverse_pct,3.0,False,,,False,True
599,long,Long1,1,favorable_pct,0.25,True,1.0,30.0,False,True
599,long,Long1,1,favorable_pct,0.5,True,3.0,60.0,False,True
599,long,Long1,1,favorable_pct,1.0,True,3.0,60.0,False,True
599,long,Long1,1,favorable_pct,2.0,True,11.0,180.0,False,True
599,long,Long1,1,favorable_pct,3.0,False,,,False,True
600,long,Long1,1,adverse_pct,0.25,True,0.0,15.0,True,False
600,long,Long1,1,adverse_pct,0.5,True,7.0,120.0,True,False
600,long,Long1,1,adverse_pct,1.0,True,23.0,360.0,True,False
600,long,Long1,1,adverse_pct,2.0,True,28.0,435.0,True,False
600,long,Long1,1,adverse_pct,3.0,False,,,True,False
600,long,Long1,1,favorable_pct,0.25,True,1.0,30.0,True,False
600,long,Long1,1,favorable_pct,0.5,True,1.0,30.0,True,False
600,long,Long1,1,favorable_pct,1.0,True,75.0,1140.0,True,False
600,long,Long1,1,favorable_pct,2.0,True,79.0,1200.0,True,False
600,long,Long1,1,favorable_pct,3.0,False,,,True,False
601,long,Long2,2,adverse_pct,0.25,True,0.0,15.0,True,False
601,long,Long2,2,adverse_pct,0.5,True,0.0,15.0,True,False
601,long,Long2,2,adverse_pct,1.0,True,1.0,30.0,True,False
601,long,Long2,2,adverse_pct,2.0,False,,,True,False
601,long,Long2,2,adverse_pct,3.0,False,,,True,False
601,long,Long2,2,favorable_pct,0.25,True,17.0,270.0,True,False
601,long,Long2,2,favorable_pct,0.5,True,18.0,285.0,True,False
601,long,Long2,2,favorable_pct,1.0,True,34.0,525.0,True,False
601,long,Long2,2,favorable_pct,2.0,True,45.0,690.0,True,False
601,long,Long2,2,favorable_pct,3.0,True,49.0,750.0,True,False
602,long,Long3,3,adverse_pct,0.25,True,0.0,15.0,True,False
602,long,Long3,3,adverse_pct,0.5,False,,,True,False
602,long,Long3,3,adverse_pct,1.0,False,,,True,False
602,long,Long3,3,adverse_pct,2.0,False,,,True,False
602,long,Long3,3,adverse_pct,3.0,False,,,True,False
602,long,Long3,3,favorable_pct,0.25,True,0.0,15.0,True,False
602,long,Long3,3,favorable_pct,0.5,True,1.0,30.0,True,False
602,long,Long3,3,favorable_pct,1.0,True,2.0,45.0,True,False
602,long,Long3,3,favorable_pct,2.0,True,9.0,150.0,True,False
602,long,Long3,3,favorable_pct,3.0,True,30.0,465.0,True,False
603,long,Long1,1,adverse_pct,0.25,True,0.0,15.0,False,True
603,long,Long1,1,adverse_pct,0.5,True,0.0,15.0,False,True
603,long,Long1,1,adverse_pct,1.0,True,5.0,90.0,False,True
603,long,Long1,1,adverse_pct,2.0,False,,,False,True
603,long,Long1,1,adverse_pct,3.0,False,,,False,True
603,long,Long1,1,favorable_pct,0.25,True,20.0,315.0,False,True
603,long,Long1,1,favorable_pct,0.5,True,20.0,315.0,False,True
603,long,Long1,1,favorable_pct,1.0,False,,,False,True
603,long,Long1,1,favorable_pct,2.0,False,,,False,True
603,long,Long1,1,favorable_pct,3.0,False,,,False,True
604,long,Long2,2,adverse_pct,0.25,True,0.0,15.0,False,True
604,long,Long2,2,adverse_pct,0.5,True,80.0,1215.0,False,True
604,long,Long2,2,adverse_pct,1.0,False,,,False,True
604,long,Long2,2,adverse_pct,2.0,False,,,False,True
604,long,Long2,2,adverse_pct,3.0,False,,,False,True
604,long,Long2,2,favorable_pct,0.25,True,1.0,30.0,False,True
604,long,Long2,2,favorable_pct,0.5,True,1.0,30.0,False,True
604,long,Long2,2,favorable_pct,1.0,True,4.0,75.0,False,True
604,long,Long2,2,favorable_pct,2.0,True,5.0,90.0,False,True
604,long,Long2,2,favorable_pct,3.0,True,15.0,240.0,False,True
605,long,Long1,1,adverse_pct,0.25,True,0.0,15.0,True,False
605,long,Long1,1,adverse_pct,0.5,True,0.0,15.0,True,False
605,long,Long1,1,adverse_pct,1.0,False,,,True,False
605,long,Long1,1,adverse_pct,2.0,False,,,True,False
605,long,Long1,1,adverse_pct,3.0,False,,,True,False
605,long,Long1,1,favorable_pct,0.25,True,7.0,120.0,True,False
605,long,Long1,1,favorable_pct,0.5,True,7.0,120.0,True,False
605,long,Long1,1,favorable_pct,1.0,True,10.0,165.0,True,False
605,long,Long1,1,favorable_pct,2.0,False,,,True,False
605,long,Long1,1,favorable_pct,3.0,False,,,True,False
606,long,Long1,1,adverse_pct,0.25,True,0.0,15.0,True,False
606,long,Long1,1,adverse_pct,0.5,False,,,True,False
606,long,Long1,1,adverse_pct,1.0,False,,,True,False
606,long,Long1,1,adverse_pct,2.0,False,,,True,False
606,long,Long1,1,adverse_pct,3.0,False,,,True,False
606,long,Long1,1,favorable_pct,0.25,True,1.0,30.0,True,False
606,long,Long1,1,favorable_pct,0.5,False,,,True,False
606,long,Long1,1,favorable_pct,1.0,False,,,True,False
606,long,Long1,1,favorable_pct,2.0,False,,,True,False
606,long,Long1,1,favorable_pct,3.0,False,,,True,False
607,long,Long1,1,adverse_pct,0.25,True,0.0,15.0,False,True
607,long,Long1,1,adverse_pct,0.5,True,1.0,30.0,False,True
607,long,Long1,1,adverse_pct,1.0,True,1.0,30.0,False,True
607,long,Long1,1,adverse_pct,2.0,False,,,False,True
607,long,Long1,1,adverse_pct,3.0,False,,,False,True
607,long,Long1,1,favorable_pct,0.25,False,,,False,True
607,long,Long1,1,favorable_pct,0.5,False,,,False,True
607,long,Long1,1,favorable_pct,1.0,False,,,False,True
607,long,Long1,1,favorable_pct,2.0,False,,,False,True
607,long,Long1,1,favorable_pct,3.0,False,,,False,True
608,short,TrendShort,0,adverse_pct,0.25,True,0.0,15.0,True,False
608,short,TrendShort,0,adverse_pct,0.5,False,,,True,False
608,short,TrendShort,0,adverse_pct,1.0,False,,,True,False
608,short,TrendShort,0,adverse_pct,2.0,False,,,True,False
608,short,TrendShort,0,adverse_pct,3.0,False,,,True,False
608,short,TrendShort,0,favorable_pct,0.25,True,1.0,30.0,True,False
608,short,TrendShort,0,favorable_pct,0.5,True,1.0,30.0,True,False
608,short,TrendShort,0,favorable_pct,1.0,False,,,True,False
608,short,TrendShort,0,favorable_pct,2.0,False,,,True,False
608,short,TrendShort,0,favorable_pct,3.0,False,,,True,False
609,long,RevLong,0,adverse_pct,0.25,True,0.0,15.0,True,False
609,long,RevLong,0,adverse_pct,0.5,True,0.0,15.0,True,False
609,long,RevLong,0,adverse_pct,1.0,True,1.0,30.0,True,False
609,long,RevLong,0,adverse_pct,2.0,True,11.0,180.0,True,False
609,long,RevLong,0,adverse_pct,3.0,False,,,True,False
609,long,RevLong,0,favorable_pct,0.25,True,6.0,105.0,True,False
609,long,RevLong,0,favorable_pct,0.5,True,13.0,210.0,True,False
609,long,RevLong,0,favorable_pct,1.0,True,15.0,240.0,True,False
609,long,RevLong,0,favorable_pct,2.0,True,20.0,315.0,True,False
609,long,RevLong,0,favorable_pct,3.0,True,31.0,480.0,True,False
610,short,Short1,1,adverse_pct,0.25,True,3.0,60.0,False,True
610,short,Short1,1,adverse_pct,0.5,True,4.0,75.0,False,True
610,short,Short1,1,adverse_pct,1.0,False,,,False,True
610,short,Short1,1,adverse_pct,2.0,False,,,False,True
610,short,Short1,1,adverse_pct,3.0,False,,,False,True
610,short,Short1,1,favorable_pct,0.25,True,1.0,30.0,False,True
610,short,Short1,1,favorable_pct,0.5,True,10.0,165.0,False,True
610,short,Short1,1,favorable_pct,1.0,True,13.0,210.0,False,True
610,short,Short1,1,favorable_pct,2.0,False,,,False,True
610,short,Short1,1,favorable_pct,3.0,False,,,False,True
611,short,Short1,1,adverse_pct,0.25,True,1.0,30.0,True,False
611,short,Short1,1,adverse_pct,0.5,True,2.0,45.0,True,False
611,short,Short1,1,adverse_pct,1.0,False,,,True,False
611,short,Short1,1,adverse_pct,2.0,False,,,True,False
611,short,Short1,1,adverse_pct,3.0,False,,,True,False
611,short,Short1,1,favorable_pct,0.25,True,5.0,90.0,True,False
611,short,Short1,1,favorable_pct,0.5,True,23.0,360.0,True,False
611,short,Short1,1,favorable_pct,1.0,True,32.0,495.0,True,False
611,short,Short1,1,favorable_pct,2.0,False,,,True,False
611,short,Short1,1,favorable_pct,3.0,False,,,True,False
612,short,Short1,1,adverse_pct,0.25,True,0.0,15.0,False,True
612,short,Short1,1,adverse_pct,0.5,True,1.0,30.0,False,True
612,short,Short1,1,adverse_pct,1.0,True,13.0,210.0,False,True
612,short,Short1,1,adverse_pct,2.0,True,31.0,480.0,False,True
612,short,Short1,1,adverse_pct,3.0,False,,,False,True
612,short,Short1,1,favorable_pct,0.25,False,,,False,True
612,short,Short1,1,favorable_pct,0.5,False,,,False,True
612,short,Short1,1,favorable_pct,1.0,False,,,False,True
612,short,Short1,1,favorable_pct,2.0,False,,,False,True
612,short,Short1,1,favorable_pct,3.0,False,,,False,True
613,short,Short2,2,adverse_pct,0.25,True,0.0,15.0,True,False
613,short,Short2,2,adverse_pct,0.5,True,1.0,30.0,True,False
613,short,Short2,2,adverse_pct,1.0,True,2.0,45.0,True,False
613,short,Short2,2,adverse_pct,2.0,False,,,True,False
613,short,Short2,2,adverse_pct,3.0,False,,,True,False
613,short,Short2,2,favorable_pct,0.25,True,43.0,660.0,True,False
613,short,Short2,2,favorable_pct,0.5,True,44.0,675.0,True,False
613,short,Short2,2,favorable_pct,1.0,False,,,True,False
613,short,Short2,2,favorable_pct,2.0,False,,,True,False
613,short,Short2,2,favorable_pct,3.0,False,,,True,False
614,short,Short1,1,adverse_pct,0.25,True,7.0,120.0,True,False
614,short,Short1,1,adverse_pct,0.5,True,18.0,285.0,True,False
614,short,Short1,1,adverse_pct,1.0,True,18.0,285.0,True,False
614,short,Short1,1,adverse_pct,2.0,False,,,True,False
614,short,Short1,1,adverse_pct,3.0,False,,,True,False
614,short,Short1,1,favorable_pct,0.25,True,1.0,30.0,True,False
614,short,Short1,1,favorable_pct,0.5,True,8.0,135.0,True,False
614,short,Short1,1,favorable_pct,1.0,False,,,True,False
614,short,Short1,1,favorable_pct,2.0,False,,,True,False
614,short,Short1,1,favorable_pct,3.0,False,,,True,False
615,long,Long3,3,adverse_pct,0.25,True,1.0,30.0,True,False
615,long,Long3,3,adverse_pct,0.5,False,,,True,False
615,long,Long3,3,adverse_pct,1.0,False,,,True,False
615,long,Long3,3,adverse_pct,2.0,False,,,True,False
615,long,Long3,3,adverse_pct,3.0,False,,,True,False
615,long,Long3,3,favorable_pct,0.25,True,5.0,90.0,True,False
615,long,Long3,3,favorable_pct,0.5,True,8.0,135.0,True,False
615,long,Long3,3,favorable_pct,1.0,True,15.0,240.0,True,False
615,long,Long3,3,favorable_pct,2.0,False,,,True,False
615,long,Long3,3,favorable_pct,3.0,False,,,True,False
616,long,Long1,1,adverse_pct,0.25,True,1.0,30.0,False,True
616,long,Long1,1,adverse_pct,0.5,True,5.0,90.0,False,True
616,long,Long1,1,adverse_pct,1.0,True,6.0,105.0,False,True
616,long,Long1,1,adverse_pct,2.0,True,15.0,240.0,False,True
616,long,Long1,1,adverse_pct,3.0,True,46.0,705.0,False,True
616,long,Long1,1,favorable_pct,0.25,True,0.0,15.0,False,True
616,long,Long1,1,favorable_pct,0.5,False,,,False,True
616,long,Long1,1,favorable_pct,1.0,False,,,False,True
616,long,Long1,1,favorable_pct,2.0,False,,,False,True
616,long,Long1,1,favorable_pct,3.0,False,,,False,True
617,long,Long2,2,adverse_pct,0.25,True,1.0,30.0,False,True
617,long,Long2,2,adverse_pct,0.5,True,5.0,90.0,False,True
617,long,Long2,2,adverse_pct,1.0,True,6.0,105.0,False,True
617,long,Long2,2,adverse_pct,2.0,True,15.0,240.0,False,True
617,long,Long2,2,adverse_pct,3.0,True,46.0,705.0,False,True
617,long,Long2,2,favorable_pct,0.25,True,0.0,15.0,False,True
617,long,Long2,2,favorable_pct,0.5,False,,,False,True
617,long,Long2,2,favorable_pct,1.0,False,,,False,True
617,long,Long2,2,favorable_pct,2.0,False,,,False,True
617,long,Long2,2,favorable_pct,3.0,False,,,False,True
618,short,Short1,1,adverse_pct,0.25,True,2.0,45.0,True,False
618,short,Short1,1,adverse_pct,0.5,True,2.0,45.0,True,False
618,short,Short1,1,adverse_pct,1.0,False,,,True,False
618,short,Short1,1,adverse_pct,2.0,False,,,True,False
618,short,Short1,1,adverse_pct,3.0,False,,,True,False
618,short,Short1,1,favorable_pct,0.25,True,0.0,15.0,True,False
618,short,Short1,1,favorable_pct,0.5,True,10.0,165.0,True,False
618,short,Short1,1,favorable_pct,1.0,True,11.0,180.0,True,False
618,short,Short1,1,favorable_pct,2.0,False,,,True,False
618,short,Short1,1,favorable_pct,3.0,False,,,True,False
619,short,Short1,1,adverse_pct,0.25,True,2.0,45.0,True,False
619,short,Short1,1,adverse_pct,0.5,True,7.0,120.0,True,False
619,short,Short1,1,adverse_pct,1.0,True,14.0,225.0,True,False
619,short,Short1,1,adverse_pct,2.0,False,,,True,False
619,short,Short1,1,adverse_pct,3.0,False,,,True,False
619,short,Short1,1,favorable_pct,0.25,True,1.0,30.0,True,False
619,short,Short1,1,favorable_pct,0.5,True,1.0,30.0,True,False
619,short,Short1,1,favorable_pct,1.0,True,46.0,705.0,True,False
619,short,Short1,1,favorable_pct,2.0,False,,,True,False
619,short,Short1,1,favorable_pct,3.0,False,,,True,False
620,short,Short2,2,adverse_pct,0.25,True,2.0,45.0,True,False
620,short,Short2,2,adverse_pct,0.5,True,7.0,120.0,True,False
620,short,Short2,2,adverse_pct,1.0,True,14.0,225.0,True,False
620,short,Short2,2,adverse_pct,2.0,False,,,True,False
620,short,Short2,2,adverse_pct,3.0,False,,,True,False
620,short,Short2,2,favorable_pct,0.25,True,1.0,30.0,True,False
620,short,Short2,2,favorable_pct,0.5,True,1.0,30.0,True,False
620,short,Short2,2,favorable_pct,1.0,True,46.0,705.0,True,False
620,short,Short2,2,favorable_pct,2.0,False,,,True,False
620,short,Short2,2,favorable_pct,3.0,False,,,True,False
621,short,Short1,1,adverse_pct,0.25,True,2.0,45.0,False,True
621,short,Short1,1,adverse_pct,0.5,False,,,False,True
621,short,Short1,1,adverse_pct,1.0,False,,,False,True
621,short,Short1,1,adverse_pct,2.0,False,,,False,True
621,short,Short1,1,adverse_pct,3.0,False,,,False,True
621,short,Short1,1,favorable_pct,0.25,True,0.0,15.0,False,True
621,short,Short1,1,favorable_pct,0.5,True,7.0,120.0,False,True
621,short,Short1,1,favorable_pct,1.0,True,8.0,135.0,False,True
621,short,Short1,1,favorable_pct,2.0,False,,,False,True
621,short,Short1,1,favorable_pct,3.0,False,,,False,True
622,long,Long1,1,adverse_pct,0.25,False,,,True,False
622,long,Long1,1,adverse_pct,0.5,False,,,True,False
622,long,Long1,1,adverse_pct,1.0,False,,,True,False
622,long,Long1,1,adverse_pct,2.0,False,,,True,False
622,long,Long1,1,adverse_pct,3.0,False,,,True,False
622,long,Long1,1,favorable_pct,0.25,True,0.0,15.0,True,False
622,long,Long1,1,favorable_pct,0.5,True,0.0,15.0,True,False
622,long,Long1,1,favorable_pct,1.0,True,0.0,15.0,True,False
622,long,Long1,1,favorable_pct,2.0,False,,,True,False
622,long,Long1,1,favorable_pct,3.0,False,,,True,False
623,long,Long1,1,adverse_pct,0.25,False,,,True,False
623,long,Long1,1,adverse_pct,0.5,False,,,True,False
623,long,Long1,1,adverse_pct,1.0,False,,,True,False
623,long,Long1,1,adverse_pct,2.0,False,,,True,False
623,long,Long1,1,adverse_pct,3.0,False,,,True,False
623,long,Long1,1,favorable_pct,0.25,True,0.0,15.0,True,False
623,long,Long1,1,favorable_pct,0.5,True,1.0,30.0,True,False
623,long,Long1,1,favorable_pct,1.0,True,76.0,1155.0,True,False
623,long,Long1,1,favorable_pct,2.0,False,,,True,False
623,long,Long1,1,favorable_pct,3.0,False,,,True,False
624,long,Long1,1,adverse_pct,0.25,False,,,True,False
624,long,Long1,1,adverse_pct,0.5,False,,,True,False
624,long,Long1,1,adverse_pct,1.0,False,,,True,False
624,long,Long1,1,adverse_pct,2.0,False,,,True,False
624,long,Long1,1,adverse_pct,3.0,False,,,True,False
624,long,Long1,1,favorable_pct,0.25,True,1.0,30.0,True,False
624,long,Long1,1,favorable_pct,0.5,True,3.0,60.0,True,False
624,long,Long1,1,favorable_pct,1.0,False,,,True,False
624,long,Long1,1,favorable_pct,2.0,False,,,True,False
624,long,Long1,1,favorable_pct,3.0,False,,,True,False
625,long,Long1,1,adverse_pct,0.25,True,2.0,45.0,True,False
625,long,Long1,1,adverse_pct,0.5,True,2.0,45.0,True,False
625,long,Long1,1,adverse_pct,1.0,True,2.0,45.0,True,False
625,long,Long1,1,adverse_pct,2.0,False,,,True,False
625,long,Long1,1,adverse_pct,3.0,False,,,True,False
625,long,Long1,1,favorable_pct,0.25,True,8.0,135.0,True,False
625,long,Long1,1,favorable_pct,0.5,True,8.0,135.0,True,False
625,long,Long1,1,favorable_pct,1.0,True,12.0,195.0,True,False
625,long,Long1,1,favorable_pct,2.0,True,14.0,225.0,True,False
625,long,Long1,1,favorable_pct,3.0,True,18.0,285.0,True,False
626,short,Short1,1,adverse_pct,0.25,True,0.0,15.0,True,False
626,short,Short1,1,adverse_pct,0.5,True,0.0,15.0,True,False
626,short,Short1,1,adverse_pct,1.0,True,1.0,30.0,True,False
626,short,Short1,1,adverse_pct,2.0,False,,,True,False
626,short,Short1,1,adverse_pct,3.0,False,,,True,False
626,short,Short1,1,favorable_pct,0.25,True,15.0,240.0,True,False
626,short,Short1,1,favorable_pct,0.5,True,15.0,240.0,True,False
626,short,Short1,1,favorable_pct,1.0,True,21.0,330.0,True,False
626,short,Short1,1,favorable_pct,2.0,False,,,True,False
626,short,Short1,1,favorable_pct,3.0,False,,,True,False
627,short,Short1,1,adverse_pct,0.25,True,0.0,15.0,True,False
627,short,Short1,1,adverse_pct,0.5,False,,,True,False
627,short,Short1,1,adverse_pct,1.0,False,,,True,False
627,short,Short1,1,adverse_pct,2.0,False,,,True,False
627,short,Short1,1,adverse_pct,3.0,False,,,True,False
627,short,Short1,1,favorable_pct,0.25,True,0.0,15.0,True,False
627,short,Short1,1,favorable_pct,0.5,True,1.0,30.0,True,False
627,short,Short1,1,favorable_pct,1.0,True,1.0,30.0,True,False
627,short,Short1,1,favorable_pct,2.0,True,16.0,255.0,True,False
627,short,Short1,1,favorable_pct,3.0,True,19.0,300.0,True,False
628,short,Short1,1,adverse_pct,0.25,False,,,True,False
628,short,Short1,1,adverse_pct,0.5,False,,,True,False
628,short,Short1,1,adverse_pct,1.0,False,,,True,False
628,short,Short1,1,adverse_pct,2.0,False,,,True,False
628,short,Short1,1,adverse_pct,3.0,False,,,True,False
628,short,Short1,1,favorable_pct,0.25,True,0.0,15.0,True,False
628,short,Short1,1,favorable_pct,0.5,True,2.0,45.0,True,False
628,short,Short1,1,favorable_pct,1.0,True,2.0,45.0,True,False
628,short,Short1,1,favorable_pct,2.0,True,70.0,1065.0,True,False
628,short,Short1,1,favorable_pct,3.0,True,71.0,1080.0,True,False
629,long,Long1,1,adverse_pct,0.25,True,1.0,30.0,True,False
629,long,Long1,1,adverse_pct,0.5,True,7.0,120.0,True,False
629,long,Long1,1,adverse_pct,1.0,True,30.0,465.0,True,False
629,long,Long1,1,adverse_pct,2.0,False,,,True,False
629,long,Long1,1,adverse_pct,3.0,False,,,True,False
629,long,Long1,1,favorable_pct,0.25,True,5.0,90.0,True,False
629,long,Long1,1,favorable_pct,0.5,True,44.0,675.0,True,False
629,long,Long1,1,favorable_pct,1.0,True,45.0,690.0,True,False
629,long,Long1,1,favorable_pct,2.0,False,,,True,False
629,long,Long1,1,favorable_pct,3.0,False,,,True,False
630,long,Long2,2,adverse_pct,0.25,False,,,True,False
630,long,Long2,2,adverse_pct,0.5,False,,,True,False
630,long,Long2,2,adverse_pct,1.0,False,,,True,False
630,long,Long2,2,adverse_pct,2.0,False,,,True,False
630,long,Long2,2,adverse_pct,3.0,False,,,True,False
630,long,Long2,2,favorable_pct,0.25,True,0.0,15.0,True,False
630,long,Long2,2,favorable_pct,0.5,True,0.0,15.0,True,False
630,long,Long2,2,favorable_pct,1.0,False,,,True,False
630,long,Long2,2,favorable_pct,2.0,False,,,True,False
630,long,Long2,2,favorable_pct,3.0,False,,,True,False
631,long,Long1,1,adverse_pct,0.25,True,0.0,15.0,True,False
631,long,Long1,1,adverse_pct,0.5,True,0.0,15.0,True,False
631,long,Long1,1,adverse_pct,1.0,True,3.0,60.0,True,False
631,long,Long1,1,adverse_pct,2.0,True,11.0,180.0,True,False
631,long,Long1,1,adverse_pct,3.0,False,,,True,False
631,long,Long1,1,favorable_pct,0.25,True,84.0,1275.0,True,False
631,long,Long1,1,favorable_pct,0.5,True,87.0,1320.0,True,False
631,long,Long1,1,favorable_pct,1.0,True,96.0,1455.0,True,False
631,long,Long1,1,favorable_pct,2.0,False,,,True,False
631,long,Long1,1,favorable_pct,3.0,False,,,True,False
632,long,Long1,1,adverse_pct,0.25,True,15.0,240.0,True,False
632,long,Long1,1,adverse_pct,0.5,False,,,True,False
632,long,Long1,1,adverse_pct,1.0,False,,,True,False
632,long,Long1,1,adverse_pct,2.0,False,,,True,False
632,long,Long1,1,adverse_pct,3.0,False,,,True,False
632,long,Long1,1,favorable_pct,0.25,True,0.0,15.0,True,False
632,long,Long1,1,favorable_pct,0.5,True,1.0,30.0,True,False
632,long,Long1,1,favorable_pct,1.0,True,31.0,480.0,True,False
632,long,Long1,1,favorable_pct,2.0,True,36.0,555.0,True,False
632,long,Long1,1,favorable_pct,3.0,True,36.0,555.0,True,False
633,long,Long1,1,adverse_pct,0.25,True,0.0,15.0,True,False
633,long,Long1,1,adverse_pct,0.5,False,,,True,False
633,long,Long1,1,adverse_pct,1.0,False,,,True,False
633,long,Long1,1,adverse_pct,2.0,False,,,True,False
633,long,Long1,1,adverse_pct,3.0,False,,,True,False
633,long,Long1,1,favorable_pct,0.25,True,1.0,30.0,True,False
633,long,Long1,1,favorable_pct,0.5,True,1.0,30.0,True,False
633,long,Long1,1,favorable_pct,1.0,False,,,True,False
633,long,Long1,1,favorable_pct,2.0,False,,,True,False
633,long,Long1,1,favorable_pct,3.0,False,,,True,False
634,long,Long1,1,adverse_pct,0.25,True,0.0,15.0,True,False
634,long,Long1,1,adverse_pct,0.5,True,2.0,45.0,True,False
634,long,Long1,1,adverse_pct,1.0,False,,,True,False
634,long,Long1,1,adverse_pct,2.0,False,,,True,False
634,long,Long1,1,adverse_pct,3.0,False,,,True,False
634,long,Long1,1,favorable_pct,0.25,True,4.0,75.0,True,False
634,long,Long1,1,favorable_pct,0.5,True,5.0,90.0,True,False
634,long,Long1,1,favorable_pct,1.0,False,,,True,False
634,long,Long1,1,favorable_pct,2.0,False,,,True,False
634,long,Long1,1,favorable_pct,3.0,False,,,True,False
635,short,Short1,1,adverse_pct,0.25,True,12.0,195.0,False,True
635,short,Short1,1,adverse_pct,0.5,False,,,False,True
635,short,Short1,1,adverse_pct,1.0,False,,,False,True
635,short,Short1,1,adverse_pct,2.0,False,,,False,True
635,short,Short1,1,adverse_pct,3.0,False,,,False,True
635,short,Short1,1,favorable_pct,0.25,True,2.0,45.0,False,True
635,short,Short1,1,favorable_pct,0.5,True,8.0,135.0,False,True
635,short,Short1,1,favorable_pct,1.0,False,,,False,True
635,short,Short1,1,favorable_pct,2.0,False,,,False,True
635,short,Short1,1,favorable_pct,3.0,False,,,False,True
636,short,Short1,1,adverse_pct,0.25,True,11.0,180.0,True,False
636,short,Short1,1,adverse_pct,0.5,True,14.0,225.0,True,False
636,short,Short1,1,adverse_pct,1.0,False,,,True,False
636,short,Short1,1,adverse_pct,2.0,False,,,True,False
636,short,Short1,1,adverse_pct,3.0,False,,,True,False
636,short,Short1,1,favorable_pct,0.25,True,0.0,15.0,True,False
636,short,Short1,1,favorable_pct,0.5,True,0.0,15.0,True,False
636,short,Short1,1,favorable_pct,1.0,True,41.0,630.0,True,False
636,short,Short1,1,favorable_pct,2.0,True,46.0,705.0,True,False
636,short,Short1,1,favorable_pct,3.0,True,86.0,1305.0,True,False
637,short,Short1,1,adverse_pct,0.25,True,0.0,15.0,True,False
637,short,Short1,1,adverse_pct,0.5,True,0.0,15.0,True,False
637,short,Short1,1,adverse_pct,1.0,True,4.0,75.0,True,False
637,short,Short1,1,adverse_pct,2.0,False,,,True,False
637,short,Short1,1,adverse_pct,3.0,False,,,True,False
637,short,Short1,1,favorable_pct,0.25,True,24.0,375.0,True,False
637,short,Short1,1,favorable_pct,0.5,True,24.0,375.0,True,False
637,short,Short1,1,favorable_pct,1.0,True,24.0,375.0,True,False
637,short,Short1,1,favorable_pct,2.0,True,29.0,450.0,True,False
637,short,Short1,1,favorable_pct,3.0,False,,,True,False
638,short,Short1,1,adverse_pct,0.25,True,15.0,240.0,True,False
638,short,Short1,1,adverse_pct,0.5,True,15.0,240.0,True,False
638,short,Short1,1,adverse_pct,1.0,False,,,True,False
638,short,Short1,1,adverse_pct,2.0,False,,,True,False
638,short,Short1,1,adverse_pct,3.0,False,,,True,False
638,short,Short1,1,favorable_pct,0.25,True,1.0,30.0,True,False
638,short,Short1,1,favorable_pct,0.5,True,12.0,195.0,True,False
638,short,Short1,1,favorable_pct,1.0,True,13.0,210.0,True,False
638,short,Short1,1,favorable_pct,2.0,False,,,True,False
638,short,Short1,1,favorable_pct,3.0,False,,,True,False
639,short,Short1,1,adverse_pct,0.25,False,,,True,False
639,short,Short1,1,adverse_pct,0.5,False,,,True,False
639,short,Short1,1,adverse_pct,1.0,False,,,True,False
639,short,Short1,1,adverse_pct,2.0,False,,,True,False
639,short,Short1,1,adverse_pct,3.0,False,,,True,False
639,short,Short1,1,favorable_pct,0.25,True,2.0,45.0,True,False
639,short,Short1,1,favorable_pct,0.5,True,3.0,60.0,True,False
639,short,Short1,1,favorable_pct,1.0,False,,,True,False
639,short,Short1,1,favorable_pct,2.0,False,,,True,False
639,short,Short1,1,favorable_pct,3.0,False,,,True,False
640,short,Short1,1,adverse_pct,0.25,True,1.0,30.0,False,True
640,short,Short1,1,adverse_pct,0.5,True,11.0,180.0,False,True
640,short,Short1,1,adverse_pct,1.0,True,11.0,180.0,False,True
640,short,Short1,1,adverse_pct,2.0,False,,,False,True
640,short,Short1,1,adverse_pct,3.0,False,,,False,True
640,short,Short1,1,favorable_pct,0.25,False,,,False,True
640,short,Short1,1,favorable_pct,0.5,False,,,False,True
640,short,Short1,1,favorable_pct,1.0,False,,,False,True
640,short,Short1,1,favorable_pct,2.0,False,,,False,True
640,short,Short1,1,favorable_pct,3.0,False,,,False,True
641,short,Short1,1,adverse_pct,0.25,True,1.0,30.0,False,True
641,short,Short1,1,adverse_pct,0.5,True,1.0,30.0,False,True
641,short,Short1,1,adverse_pct,1.0,True,2.0,45.0,False,True
641,short,Short1,1,adverse_pct,2.0,True,59.0,900.0,False,True
641,short,Short1,1,adverse_pct,3.0,True,79.0,1200.0,False,True
641,short,Short1,1,favorable_pct,0.25,False,,,False,True
641,short,Short1,1,favorable_pct,0.5,False,,,False,True
641,short,Short1,1,favorable_pct,1.0,False,,,False,True
641,short,Short1,1,favorable_pct,2.0,False,,,False,True
641,short,Short1,1,favorable_pct,3.0,False,,,False,True
642,short,Short1,1,adverse_pct,0.25,True,9.0,150.0,True,False
642,short,Short1,1,adverse_pct,0.5,True,10.0,165.0,True,False
642,short,Short1,1,adverse_pct,1.0,False,,,True,False
642,short,Short1,1,adverse_pct,2.0,False,,,True,False
642,short,Short1,1,adverse_pct,3.0,False,,,True,False
642,short,Short1,1,favorable_pct,0.25,True,12.0,195.0,True,False
642,short,Short1,1,favorable_pct,0.5,True,18.0,285.0,True,False
642,short,Short1,1,favorable_pct,1.0,True,18.0,285.0,True,False
642,short,Short1,1,favorable_pct,2.0,True,24.0,375.0,True,False
642,short,Short1,1,favorable_pct,3.0,False,,,True,False
643,long,Long1,1,adverse_pct,0.25,False,,,False,True
643,long,Long1,1,adverse_pct,0.5,False,,,False,True
643,long,Long1,1,adverse_pct,1.0,False,,,False,True
643,long,Long1,1,adverse_pct,2.0,False,,,False,True
643,long,Long1,1,adverse_pct,3.0,False,,,False,True
643,long,Long1,1,favorable_pct,0.25,True,0.0,15.0,False,True
643,long,Long1,1,favorable_pct,0.5,True,12.0,195.0,False,True
643,long,Long1,1,favorable_pct,1.0,False,,,False,True
643,long,Long1,1,favorable_pct,2.0,False,,,False,True
643,long,Long1,1,favorable_pct,3.0,False,,,False,True
644,long,Long1,1,adverse_pct,0.25,True,0.0,15.0,True,False
644,long,Long1,1,adverse_pct,0.5,True,0.0,15.0,True,False
644,long,Long1,1,adverse_pct,1.0,True,30.0,465.0,True,False
644,long,Long1,1,adverse_pct,2.0,False,,,True,False
644,long,Long1,1,adverse_pct,3.0,False,,,True,False
644,long,Long1,1,favorable_pct,0.25,True,5.0,90.0,True,False
644,long,Long1,1,favorable_pct,0.5,True,7.0,120.0,True,False
644,long,Long1,1,favorable_pct,1.0,True,44.0,675.0,True,False
644,long,Long1,1,favorable_pct,2.0,False,,,True,False
644,long,Long1,1,favorable_pct,3.0,False,,,True,False
645,long,Long1,1,adverse_pct,0.25,False,,,True,False
645,long,Long1,1,adverse_pct,0.5,False,,,True,False
645,long,Long1,1,adverse_pct,1.0,False,,,True,False
645,long,Long1,1,adverse_pct,2.0,False,,,True,False
645,long,Long1,1,adverse_pct,3.0,False,,,True,False
645,long,Long1,1,favorable_pct,0.25,True,0.0,15.0,True,False
645,long,Long1,1,favorable_pct,0.5,True,8.0,135.0,True,False
645,long,Long1,1,favorable_pct,1.0,False,,,True,False
645,long,Long1,1,favorable_pct,2.0,False,,,True,False
645,long,Long1,1,favorable_pct,3.0,False,,,True,False
646,short,Short1,1,adverse_pct,0.25,False,,,True,False
646,short,Short1,1,adverse_pct,0.5,False,,,True,False
646,short,Short1,1,adverse_pct,1.0,False,,,True,False
646,short,Short1,1,adverse_pct,2.0,False,,,True,False
646,short,Short1,1,adverse_pct,3.0,False,,,True,False
646,short,Short1,1,favorable_pct,0.25,True,0.0,15.0,True,False
646,short,Short1,1,favorable_pct,0.5,True,1.0,30.0,True,False
646,short,Short1,1,favorable_pct,1.0,True,17.0,270.0,True,False
646,short,Short1,1,favorable_pct,2.0,True,20.0,315.0,True,False
646,short,Short1,1,favorable_pct,3.0,False,,,True,False
647,short,Short2,2,adverse_pct,0.25,True,0.0,15.0,True,False
647,short,Short2,2,adverse_pct,0.5,True,1.0,30.0,True,False
647,short,Short2,2,adverse_pct,1.0,False,,,True,False
647,short,Short2,2,adverse_pct,2.0,False,,,True,False
647,short,Short2,2,adverse_pct,3.0,False,,,True,False
647,short,Short2,2,favorable_pct,0.25,True,5.0,90.0,True,False
647,short,Short2,2,favorable_pct,0.5,True,30.0,465.0,True,False
647,short,Short2,2,favorable_pct,1.0,False,,,True,False
647,short,Short2,2,favorable_pct,2.0,False,,,True,False
647,short,Short2,2,favorable_pct,3.0,False,,,True,False
648,short,Short1,1,adverse_pct,0.25,True,1.0,30.0,False,True
648,short,Short1,1,adverse_pct,0.5,True,2.0,45.0,False,True
648,short,Short1,1,adverse_pct,1.0,True,14.0,225.0,False,True
648,short,Short1,1,adverse_pct,2.0,True,23.0,360.0,False,True
648,short,Short1,1,adverse_pct,3.0,True,23.0,360.0,False,True
648,short,Short1,1,favorable_pct,0.25,False,,,False,True
648,short,Short1,1,favorable_pct,0.5,False,,,False,True
648,short,Short1,1,favorable_pct,1.0,False,,,False,True
648,short,Short1,1,favorable_pct,2.0,False,,,False,True
648,short,Short1,1,favorable_pct,3.0,False,,,False,True
649,short,Short1,1,adverse_pct,0.25,True,0.0,15.0,True,False
649,short,Short1,1,adverse_pct,0.5,True,3.0,60.0,True,False
649,short,Short1,1,adverse_pct,1.0,False,,,True,False
649,short,Short1,1,adverse_pct,2.0,False,,,True,False
649,short,Short1,1,adverse_pct,3.0,False,,,True,False
649,short,Short1,1,favorable_pct,0.25,True,4.0,75.0,True,False
649,short,Short1,1,favorable_pct,0.5,True,6.0,105.0,True,False
649,short,Short1,1,favorable_pct,1.0,True,9.0,150.0,True,False
649,short,Short1,1,favorable_pct,2.0,False,,,True,False
649,short,Short1,1,favorable_pct,3.0,False,,,True,False
650,short,Short1,1,adverse_pct,0.25,False,,,True,False
650,short,Short1,1,adverse_pct,0.5,False,,,True,False
650,short,Short1,1,adverse_pct,1.0,False,,,True,False
650,short,Short1,1,adverse_pct,2.0,False,,,True,False
650,short,Short1,1,adverse_pct,3.0,False,,,True,False
650,short,Short1,1,favorable_pct,0.25,True,1.0,30.0,True,False
650,short,Short1,1,favorable_pct,0.5,True,8.0,135.0,True,False
650,short,Short1,1,favorable_pct,1.0,True,18.0,285.0,True,False
650,short,Short1,1,favorable_pct,2.0,False,,,True,False
650,short,Short1,1,favorable_pct,3.0,False,,,True,False
651,long,Long1,1,adverse_pct,0.25,True,0.0,15.0,True,False
651,long,Long1,1,adverse_pct,0.5,False,,,True,False
651,long,Long1,1,adverse_pct,1.0,False,,,True,False
651,long,Long1,1,adverse_pct,2.0,False,,,True,False
651,long,Long1,1,adverse_pct,3.0,False,,,True,False
651,long,Long1,1,favorable_pct,0.25,True,0.0,15.0,True,False
651,long,Long1,1,favorable_pct,0.5,True,31.0,480.0,True,False
651,long,Long1,1,favorable_pct,1.0,False,,,True,False
651,long,Long1,1,favorable_pct,2.0,False,,,True,False
651,long,Long1,1,favorable_pct,3.0,False,,,True,False
652,long,Long1,1,adverse_pct,0.25,True,7.0,120.0,False,True
652,long,Long1,1,adverse_pct,0.5,True,9.0,150.0,False,True
652,long,Long1,1,adverse_pct,1.0,True,10.0,165.0,False,True
652,long,Long1,1,adverse_pct,2.0,True,49.0,750.0,False,True
652,long,Long1,1,adverse_pct,3.0,True,60.0,915.0,False,True
652,long,Long1,1,favorable_pct,0.25,False,,,False,True
652,long,Long1,1,favorable_pct,0.5,False,,,False,True
652,long,Long1,1,favorable_pct,1.0,False,,,False,True
652,long,Long1,1,favorable_pct,2.0,False,,,False,True
652,long,Long1,1,favorable_pct,3.0,False,,,False,True
653,long,Long2,2,adverse_pct,0.25,True,2.0,45.0,True,False
653,long,Long2,2,adverse_pct,0.5,True,6.0,105.0,True,False
653,long,Long2,2,adverse_pct,1.0,True,18.0,285.0,True,False
653,long,Long2,2,adverse_pct,2.0,True,18.0,285.0,True,False
653,long,Long2,2,adverse_pct,3.0,False,,,True,False
653,long,Long2,2,favorable_pct,0.25,True,47.0,720.0,True,False
653,long,Long2,2,favorable_pct,0.5,True,84.0,1275.0,True,False
653,long,Long2,2,favorable_pct,1.0,False,,,True,False
653,long,Long2,2,favorable_pct,2.0,False,,,True,False
653,long,Long2,2,favorable_pct,3.0,False,,,True,False
654,long,Long1,1,adverse_pct,0.25,False,,,True,False
654,long,Long1,1,adverse_pct,0.5,False,,,True,False
654,long,Long1,1,adverse_pct,1.0,False,,,True,False
654,long,Long1,1,adverse_pct,2.0,False,,,True,False
654,long,Long1,1,adverse_pct,3.0,False,,,True,False
654,long,Long1,1,favorable_pct,0.25,True,0.0,15.0,True,False
654,long,Long1,1,favorable_pct,0.5,True,1.0,30.0,True,False
654,long,Long1,1,favorable_pct,1.0,True,3.0,60.0,True,False
654,long,Long1,1,favorable_pct,2.0,True,4.0,75.0,True,False
654,long,Long1,1,favorable_pct,3.0,True,187.0,2820.0,True,False
655,long,Long2,2,adverse_pct,0.25,False,,,True,False
655,long,Long2,2,adverse_pct,0.5,False,,,True,False
655,long,Long2,2,adverse_pct,1.0,False,,,True,False
655,long,Long2,2,adverse_pct,2.0,False,,,True,False
655,long,Long2,2,adverse_pct,3.0,False,,,True,False
655,long,Long2,2,favorable_pct,0.25,True,0.0,15.0,True,False
655,long,Long2,2,favorable_pct,0.5,True,1.0,30.0,True,False
655,long,Long2,2,favorable_pct,1.0,True,3.0,60.0,True,False
655,long,Long2,2,favorable_pct,2.0,True,4.0,75.0,True,False
655,long,Long2,2,favorable_pct,3.0,True,187.0,2820.0,True,False
656,long,Long1,1,adverse_pct,0.25,True,2.0,45.0,False,True
656,long,Long1,1,adverse_pct,0.5,True,3.0,60.0,False,True
656,long,Long1,1,adverse_pct,1.0,True,4.0,75.0,False,True
656,long,Long1,1,adverse_pct,2.0,True,22.0,345.0,False,True
656,long,Long1,1,adverse_pct,3.0,False,,,False,True
656,long,Long1,1,favorable_pct,0.25,True,58.0,885.0,False,True
656,long,Long1,1,favorable_pct,0.5,True,59.0,900.0,False,True
656,long,Long1,1,favorable_pct,1.0,True,86.0,1305.0,False,True
656,long,Long1,1,favorable_pct,2.0,False,,,False,True
656,long,Long1,1,favorable_pct,3.0,False,,,False,True
657,short,Short1,1,adverse_pct,0.25,True,3.0,60.0,True,False
657,short,Short1,1,adverse_pct,0.5,True,5.0,90.0,True,False
657,short,Short1,1,adverse_pct,1.0,False,,,True,False
657,short,Short1,1,adverse_pct,2.0,False,,,True,False
657,short,Short1,1,adverse_pct,3.0,False,,,True,False
657,short,Short1,1,favorable_pct,0.25,True,9.0,150.0,True,False
657,short,Short1,1,favorable_pct,0.5,True,10.0,165.0,True,False
657,short,Short1,1,favorable_pct,1.0,True,12.0,195.0,True,False
657,short,Short1,1,favorable_pct,2.0,False,,,True,False
657,short,Short1,1,favorable_pct,3.0,False,,,True,False
658,long,Long1,1,adverse_pct,0.25,True,0.0,15.0,False,True
658,long,Long1,1,adverse_pct,0.5,True,0.0,15.0,False,True
658,long,Long1,1,adverse_pct,1.0,True,0.0,15.0,False,True
658,long,Long1,1,adverse_pct,2.0,True,11.0,180.0,False,True
658,long,Long1,1,adverse_pct,3.0,True,40.0,615.0,False,True
658,long,Long1,1,favorable_pct,0.25,False,,,False,True
658,long,Long1,1,favorable_pct,0.5,False,,,False,True
658,long,Long1,1,favorable_pct,1.0,False,,,False,True
658,long,Long1,1,favorable_pct,2.0,False,,,False,True
658,long,Long1,1,favorable_pct,3.0,False,,,False,True
659,long,Long2,2,adverse_pct,0.25,True,14.0,225.0,False,True
659,long,Long2,2,adverse_pct,0.5,True,15.0,240.0,False,True
659,long,Long2,2,adverse_pct,1.0,True,16.0,255.0,False,True
659,long,Long2,2,adverse_pct,2.0,True,17.0,270.0,False,True
659,long,Long2,2,adverse_pct,3.0,True,17.0,270.0,False,True
659,long,Long2,2,favorable_pct,0.25,True,2.0,45.0,False,True
659,long,Long2,2,favorable_pct,0.5,False,,,False,True
659,long,Long2,2,favorable_pct,1.0,False,,,False,True
659,long,Long2,2,favorable_pct,2.0,False,,,False,True
659,long,Long2,2,favorable_pct,3.0,False,,,False,True
660,long,Long1,1,adverse_pct,0.25,True,0.0,15.0,False,True
660,long,Long1,1,adverse_pct,0.5,True,1.0,30.0,False,True
660,long,Long1,1,adverse_pct,1.0,True,2.0,45.0,False,True
660,long,Long1,1,adverse_pct,2.0,True,25.0,390.0,False,True
660,long,Long1,1,adverse_pct,3.0,True,26.0,405.0,False,True
660,long,Long1,1,favorable_pct,0.25,False,,,False,True
660,long,Long1,1,favorable_pct,0.5,False,,,False,True
660,long,Long1,1,favorable_pct,1.0,False,,,False,True
660,long,Long1,1,favorable_pct,2.0,False,,,False,True
660,long,Long1,1,favorable_pct,3.0,False,,,False,True
661,short,TrendShort,0,adverse_pct,0.25,True,0.0,15.0,True,False
661,short,TrendShort,0,adverse_pct,0.5,False,,,True,False
661,short,TrendShort,0,adverse_pct,1.0,False,,,True,False
661,short,TrendShort,0,adverse_pct,2.0,False,,,True,False
661,short,TrendShort,0,adverse_pct,3.0,False,,,True,False
661,short,TrendShort,0,favorable_pct,0.25,True,0.0,15.0,True,False
661,short,TrendShort,0,favorable_pct,0.5,True,0.0,15.0,True,False
661,short,TrendShort,0,favorable_pct,1.0,True,0.0,15.0,True,False
661,short,TrendShort,0,favorable_pct,2.0,True,0.0,15.0,True,False
661,short,TrendShort,0,favorable_pct,3.0,True,0.0,15.0,True,False
662,long,RevLong,0,adverse_pct,0.25,True,0.0,15.0,False,True
662,long,RevLong,0,adverse_pct,0.5,True,0.0,15.0,False,True
662,long,RevLong,0,adverse_pct,1.0,True,83.0,1260.0,False,True
662,long,RevLong,0,adverse_pct,2.0,True,113.0,1710.0,False,True
662,long,RevLong,0,adverse_pct,3.0,True,130.0,1965.0,False,True
662,long,RevLong,0,favorable_pct,0.25,True,0.0,15.0,False,True
662,long,RevLong,0,favorable_pct,0.5,True,0.0,15.0,False,True
662,long,RevLong,0,favorable_pct,1.0,True,1.0,30.0,False,True
662,long,RevLong,0,favorable_pct,2.0,True,18.0,285.0,False,True
662,long,RevLong,0,favorable_pct,3.0,False,,,False,True
663,long,Long1,1,adverse_pct,0.25,True,0.0,15.0,True,False
663,long,Long1,1,adverse_pct,0.5,False,,,True,False
663,long,Long1,1,adverse_pct,1.0,False,,,True,False
663,long,Long1,1,adverse_pct,2.0,False,,,True,False
663,long,Long1,1,adverse_pct,3.0,False,,,True,False
663,long,Long1,1,favorable_pct,0.25,True,0.0,15.0,True,False
663,long,Long1,1,favorable_pct,0.5,True,1.0,30.0,True,False
663,long,Long1,1,favorable_pct,1.0,True,2.0,45.0,True,False
663,long,Long1,1,favorable_pct,2.0,False,,,True,False
663,long,Long1,1,favorable_pct,3.0,False,,,True,False
664,long,Long2,2,adverse_pct,0.25,True,0.0,15.0,False,True
664,long,Long2,2,adverse_pct,0.5,False,,,False,True
664,long,Long2,2,adverse_pct,1.0,False,,,False,True
664,long,Long2,2,adverse_pct,2.0,False,,,False,True
664,long,Long2,2,adverse_pct,3.0,False,,,False,True
664,long,Long2,2,favorable_pct,0.25,True,1.0,30.0,False,True
664,long,Long2,2,favorable_pct,0.5,True,1.0,30.0,False,True
664,long,Long2,2,favorable_pct,1.0,True,1.0,30.0,False,True
664,long,Long2,2,favorable_pct,2.0,True,2.0,45.0,False,True
664,long,Long2,2,favorable_pct,3.0,False,,,False,True
665,long,Long1,1,adverse_pct,0.25,True,0.0,15.0,False,True
665,long,Long1,1,adverse_pct,0.5,True,1.0,30.0,False,True
665,long,Long1,1,adverse_pct,1.0,True,1.0,30.0,False,True
665,long,Long1,1,adverse_pct,2.0,True,3.0,60.0,False,True
665,long,Long1,1,adverse_pct,3.0,True,6.0,105.0,False,True
665,long,Long1,1,favorable_pct,0.25,True,17.0,270.0,False,True
665,long,Long1,1,favorable_pct,0.5,False,,,False,True
665,long,Long1,1,favorable_pct,1.0,False,,,False,True
665,long,Long1,1,favorable_pct,2.0,False,,,False,True
665,long,Long1,1,favorable_pct,3.0,False,,,False,True
666,long,Long1,1,adverse_pct,0.25,True,0.0,15.0,False,True
666,long,Long1,1,adverse_pct,0.5,True,0.0,15.0,False,True
666,long,Long1,1,adverse_pct,1.0,True,0.0,15.0,False,True
666,long,Long1,1,adverse_pct,2.0,False,,,False,True
666,long,Long1,1,adverse_pct,3.0,False,,,False,True
666,long,Long1,1,favorable_pct,0.25,True,0.0,15.0,False,True
666,long,Long1,1,favorable_pct,0.5,False,,,False,True
666,long,Long1,1,favorable_pct,1.0,False,,,False,True
666,long,Long1,1,favorable_pct,2.0,False,,,False,True
666,long,Long1,1,favorable_pct,3.0,False,,,False,True
667,long,Long1,1,adverse_pct,0.25,True,0.0,15.0,False,True
667,long,Long1,1,adverse_pct,0.5,True,0.0,15.0,False,True
667,long,Long1,1,adverse_pct,1.0,True,0.0,15.0,False,True
667,long,Long1,1,adverse_pct,2.0,False,,,False,True
667,long,Long1,1,adverse_pct,3.0,False,,,False,True
667,long,Long1,1,favorable_pct,0.25,True,1.0,30.0,False,True
667,long,Long1,1,favorable_pct,0.5,True,1.0,30.0,False,True
667,long,Long1,1,favorable_pct,1.0,True,1.0,30.0,False,True
667,long,Long1,1,favorable_pct,2.0,False,,,False,True
667,long,Long1,1,favorable_pct,3.0,False,,,False,True
668,long,Long1,1,adverse_pct,0.25,True,0.0,15.0,False,True
668,long,Long1,1,adverse_pct,0.5,True,2.0,45.0,False,True
668,long,Long1,1,adverse_pct,1.0,False,,,False,True
668,long,Long1,1,adverse_pct,2.0,False,,,False,True
668,long,Long1,1,adverse_pct,3.0,False,,,False,True
668,long,Long1,1,favorable_pct,0.25,True,0.0,15.0,False,True
668,long,Long1,1,favorable_pct,0.5,False,,,False,True
668,long,Long1,1,favorable_pct,1.0,False,,,False,True
668,long,Long1,1,favorable_pct,2.0,False,,,False,True
668,long,Long1,1,favorable_pct,3.0,False,,,False,True
669,short,TrendShort,0,adverse_pct,0.25,True,0.0,15.0,True,False
669,short,TrendShort,0,adverse_pct,0.5,True,0.0,15.0,True,False
669,short,TrendShort,0,adverse_pct,1.0,False,,,True,False
669,short,TrendShort,0,adverse_pct,2.0,False,,,True,False
669,short,TrendShort,0,adverse_pct,3.0,False,,,True,False
669,short,TrendShort,0,favorable_pct,0.25,True,1.0,30.0,True,False
669,short,TrendShort,0,favorable_pct,0.5,True,2.0,45.0,True,False
669,short,TrendShort,0,favorable_pct,1.0,True,3.0,60.0,True,False
669,short,TrendShort,0,favorable_pct,2.0,False,,,True,False
669,short,TrendShort,0,favorable_pct,3.0,False,,,True,False
670,short,TrendShort,0,adverse_pct,0.25,True,11.0,180.0,True,False
670,short,TrendShort,0,adverse_pct,0.5,True,11.0,180.0,True,False
670,short,TrendShort,0,adverse_pct,1.0,False,,,True,False
670,short,TrendShort,0,adverse_pct,2.0,False,,,True,False
670,short,TrendShort,0,adverse_pct,3.0,False,,,True,False
670,short,TrendShort,0,favorable_pct,0.25,True,0.0,15.0,True,False
670,short,TrendShort,0,favorable_pct,0.5,True,1.0,30.0,True,False
670,short,TrendShort,0,favorable_pct,1.0,True,2.0,45.0,True,False
670,short,TrendShort,0,favorable_pct,2.0,False,,,True,False
670,short,TrendShort,0,favorable_pct,3.0,False,,,True,False
671,short,TrendShort,0,adverse_pct,0.25,True,0.0,15.0,True,False
671,short,TrendShort,0,adverse_pct,0.5,False,,,True,False
671,short,TrendShort,0,adverse_pct,1.0,False,,,True,False
671,short,TrendShort,0,adverse_pct,2.0,False,,,True,False
671,short,TrendShort,0,adverse_pct,3.0,False,,,True,False
671,short,TrendShort,0,favorable_pct,0.25,True,0.0,15.0,True,False
671,short,TrendShort,0,favorable_pct,0.5,True,0.0,15.0,True,False
671,short,TrendShort,0,favorable_pct,1.0,True,0.0,15.0,True,False
671,short,TrendShort,0,favorable_pct,2.0,True,2.0,45.0,True,False
671,short,TrendShort,0,favorable_pct,3.0,True,9.0,150.0,True,False
672,long,RevLong,0,adverse_pct,0.25,True,0.0,15.0,True,False
672,long,RevLong,0,adverse_pct,0.5,False,,,True,False
672,long,RevLong,0,adverse_pct,1.0,False,,,True,False
672,long,RevLong,0,adverse_pct,2.0,False,,,True,False
672,long,RevLong,0,adverse_pct,3.0,False,,,True,False
672,long,RevLong,0,favorable_pct,0.25,True,0.0,15.0,True,False
672,long,RevLong,0,favorable_pct,0.5,True,0.0,15.0,True,False
672,long,RevLong,0,favorable_pct,1.0,True,0.0,15.0,True,False
672,long,RevLong,0,favorable_pct,2.0,True,0.0,15.0,True,False
672,long,RevLong,0,favorable_pct,3.0,True,1.0,30.0,True,False
673,short,Short2,2,adverse_pct,0.25,True,0.0,15.0,False,True
673,short,Short2,2,adverse_pct,0.5,False,,,False,True
673,short,Short2,2,adverse_pct,1.0,False,,,False,True
673,short,Short2,2,adverse_pct,2.0,False,,,False,True
673,short,Short2,2,adverse_pct,3.0,False,,,False,True
673,short,Short2,2,favorable_pct,0.25,True,6.0,105.0,False,True
673,short,Short2,2,favorable_pct,0.5,True,6.0,105.0,False,True
673,short,Short2,2,favorable_pct,1.0,True,12.0,195.0,False,True
673,short,Short2,2,favorable_pct,2.0,False,,,False,True
673,short,Short2,2,favorable_pct,3.0,False,,,False,True
674,short,Short1,1,adverse_pct,0.25,True,1.0,30.0,True,False
674,short,Short1,1,adverse_pct,0.5,True,8.0,135.0,True,False
674,short,Short1,1,adverse_pct,1.0,True,10.0,165.0,True,False
674,short,Short1,1,adverse_pct,2.0,True,55.0,840.0,True,False
674,short,Short1,1,adverse_pct,3.0,False,,,True,False
674,short,Short1,1,favorable_pct,0.25,True,1.0,30.0,True,False
674,short,Short1,1,favorable_pct,0.5,True,4.0,75.0,True,False
674,short,Short1,1,favorable_pct,1.0,True,93.0,1410.0,True,False
674,short,Short1,1,favorable_pct,2.0,True,100.0,1515.0,True,False
674,short,Short1,1,favorable_pct,3.0,False,,,True,False
675,long,Long1,1,adverse_pct,0.25,True,2.0,45.0,False,True
675,long,Long1,1,adverse_pct,0.5,True,9.0,150.0,False,True
675,long,Long1,1,adverse_pct,1.0,True,9.0,150.0,False,True
675,long,Long1,1,adverse_pct,2.0,False,,,False,True
675,long,Long1,1,adverse_pct,3.0,False,,,False,True
675,long,Long1,1,favorable_pct,0.25,True,1.0,30.0,False,True
675,long,Long1,1,favorable_pct,0.5,True,5.0,90.0,False,True
675,long,Long1,1,favorable_pct,1.0,True,8.0,135.0,False,True
675,long,Long1,1,favorable_pct,2.0,False,,,False,True
675,long,Long1,1,favorable_pct,3.0,False,,,False,True
676,long,Long2,2,adverse_pct,0.25,True,3.0,60.0,False,True
676,long,Long2,2,adverse_pct,0.5,True,10.0,165.0,False,True
676,long,Long2,2,adverse_pct,1.0,False,,,False,True
676,long,Long2,2,adverse_pct,2.0,False,,,False,True
676,long,Long2,2,adverse_pct,3.0,False,,,False,True
676,long,Long2,2,favorable_pct,0.25,True,0.0,15.0,False,True
676,long,Long2,2,favorable_pct,0.5,True,19.0,300.0,False,True
676,long,Long2,2,favorable_pct,1.0,True,26.0,405.0,False,True
676,long,Long2,2,favorable_pct,2.0,True,26.0,405.0,False,True
676,long,Long2,2,favorable_pct,3.0,False,,,False,True
677,long,Long1,1,adverse_pct,0.25,True,0.0,15.0,False,True
677,long,Long1,1,adverse_pct,0.5,True,1.0,30.0,False,True
677,long,Long1,1,adverse_pct,1.0,True,2.0,45.0,False,True
677,long,Long1,1,adverse_pct,2.0,True,9.0,150.0,False,True
677,long,Long1,1,adverse_pct,3.0,True,28.0,435.0,False,True
677,long,Long1,1,favorable_pct,0.25,True,41.0,630.0,False,True
677,long,Long1,1,favorable_pct,0.5,True,41.0,630.0,False,True
677,long,Long1,1,favorable_pct,1.0,False,,,False,True
677,long,Long1,1,favorable_pct,2.0,False,,,False,True
677,long,Long1,1,favorable_pct,3.0,False,,,False,True
678,long,Long1,1,adverse_pct,0.25,True,42.0,645.0,False,True
678,long,Long1,1,adverse_pct,0.5,True,42.0,645.0,False,True
678,long,Long1,1,adverse_pct,1.0,False,,,False,True
678,long,Long1,1,adverse_pct,2.0,False,,,False,True
678,long,Long1,1,adverse_pct,3.0,False,,,False,True
678,long,Long1,1,favorable_pct,0.25,True,0.0,15.0,False,True
678,long,Long1,1,favorable_pct,0.5,True,2.0,45.0,False,True
678,long,Long1,1,favorable_pct,1.0,True,17.0,270.0,False,True
678,long,Long1,1,favorable_pct,2.0,True,23.0,360.0,False,True
678,long,Long1,1,favorable_pct,3.0,False,,,False,True
679,long,Long1,1,adverse_pct,0.25,True,0.0,15.0,True,False
679,long,Long1,1,adverse_pct,0.5,True,0.0,15.0,True,False
679,long,Long1,1,adverse_pct,1.0,False,,,True,False
679,long,Long1,1,adverse_pct,2.0,False,,,True,False
679,long,Long1,1,adverse_pct,3.0,False,,,True,False
679,long,Long1,1,favorable_pct,0.25,True,2.0,45.0,True,False
679,long,Long1,1,favorable_pct,0.5,True,4.0,75.0,True,False
679,long,Long1,1,favorable_pct,1.0,True,8.0,135.0,True,False
679,long,Long1,1,favorable_pct,2.0,True,51.0,780.0,True,False
679,long,Long1,1,favorable_pct,3.0,True,67.0,1020.0,True,False
680,long,Long2,2,adverse_pct,0.25,True,0.0,15.0,True,False
680,long,Long2,2,adverse_pct,0.5,True,0.0,15.0,True,False
680,long,Long2,2,adverse_pct,1.0,False,,,True,False
680,long,Long2,2,adverse_pct,2.0,False,,,True,False
680,long,Long2,2,adverse_pct,3.0,False,,,True,False
680,long,Long2,2,favorable_pct,0.25,True,2.0,45.0,True,False
680,long,Long2,2,favorable_pct,0.5,True,4.0,75.0,True,False
680,long,Long2,2,favorable_pct,1.0,True,8.0,135.0,True,False
680,long,Long2,2,favorable_pct,2.0,True,51.0,780.0,True,False
680,long,Long2,2,favorable_pct,3.0,True,67.0,1020.0,True,False
681,short,Short2,2,adverse_pct,0.25,False,,,True,False
681,short,Short2,2,adverse_pct,0.5,False,,,True,False
681,short,Short2,2,adverse_pct,1.0,False,,,True,False
681,short,Short2,2,adverse_pct,2.0,False,,,True,False
681,short,Short2,2,adverse_pct,3.0,False,,,True,False
681,short,Short2,2,favorable_pct,0.25,True,1.0,30.0,True,False
681,short,Short2,2,favorable_pct,0.5,True,1.0,30.0,True,False
681,short,Short2,2,favorable_pct,1.0,False,,,True,False
681,short,Short2,2,favorable_pct,2.0,False,,,True,False
681,short,Short2,2,favorable_pct,3.0,False,,,True,False
682,short,Short1,1,adverse_pct,0.25,True,3.0,60.0,True,False
682,short,Short1,1,adverse_pct,0.5,True,11.0,180.0,True,False
682,short,Short1,1,adverse_pct,1.0,True,12.0,195.0,True,False
682,short,Short1,1,adverse_pct,2.0,False,,,True,False
682,short,Short1,1,adverse_pct,3.0,False,,,True,False
682,short,Short1,1,favorable_pct,0.25,True,33.0,510.0,True,False
682,short,Short1,1,favorable_pct,0.5,True,33.0,510.0,True,False
682,short,Short1,1,favorable_pct,1.0,True,33.0,510.0,True,False
682,short,Short1,1,favorable_pct,2.0,True,37.0,570.0,True,False
682,short,Short1,1,favorable_pct,3.0,True,58.0,885.0,True,False
683,long,Long1,1,adverse_pct,0.25,False,,,True,False
683,long,Long1,1,adverse_pct,0.5,False,,,True,False
683,long,Long1,1,adverse_pct,1.0,False,,,True,False
683,long,Long1,1,adverse_pct,2.0,False,,,True,False
683,long,Long1,1,adverse_pct,3.0,False,,,True,False
683,long,Long1,1,favorable_pct,0.25,True,0.0,15.0,True,False
683,long,Long1,1,favorable_pct,0.5,True,2.0,45.0,True,False
683,long,Long1,1,favorable_pct,1.0,True,9.0,150.0,True,False
683,long,Long1,1,favorable_pct,2.0,True,23.0,360.0,True,False
683,long,Long1,1,favorable_pct,3.0,False,,,True,False
684,long,Long1,1,adverse_pct,0.25,True,0.0,15.0,True,False
684,long,Long1,1,adverse_pct,0.5,False,,,True,False
684,long,Long1,1,adverse_pct,1.0,False,,,True,False
684,long,Long1,1,adverse_pct,2.0,False,,,True,False
684,long,Long1,1,adverse_pct,3.0,False,,,True,False
684,long,Long1,1,favorable_pct,0.25,True,1.0,30.0,True,False
684,long,Long1,1,favorable_pct,0.5,True,1.0,30.0,True,False
684,long,Long1,1,favorable_pct,1.0,True,2.0,45.0,True,False
684,long,Long1,1,favorable_pct,2.0,False,,,True,False
684,long,Long1,1,favorable_pct,3.0,False,,,True,False
685,long,Long1,1,adverse_pct,0.25,False,,,True,False
685,long,Long1,1,adverse_pct,0.5,False,,,True,False
685,long,Long1,1,adverse_pct,1.0,False,,,True,False
685,long,Long1,1,adverse_pct,2.0,False,,,True,False
685,long,Long1,1,adverse_pct,3.0,False,,,True,False
685,long,Long1,1,favorable_pct,0.25,True,1.0,30.0,True,False
685,long,Long1,1,favorable_pct,0.5,True,6.0,105.0,True,False
685,long,Long1,1,favorable_pct,1.0,True,12.0,195.0,True,False
685,long,Long1,1,favorable_pct,2.0,False,,,True,False
685,long,Long1,1,favorable_pct,3.0,False,,,True,False
686,long,Long1,1,adverse_pct,0.25,True,4.0,75.0,False,True
686,long,Long1,1,adverse_pct,0.5,False,,,False,True
686,long,Long1,1,adverse_pct,1.0,False,,,False,True
686,long,Long1,1,adverse_pct,2.0,False,,,False,True
686,long,Long1,1,adverse_pct,3.0,False,,,False,True
686,long,Long1,1,favorable_pct,0.25,True,0.0,15.0,False,True
686,long,Long1,1,favorable_pct,0.5,True,2.0,45.0,False,True
686,long,Long1,1,favorable_pct,1.0,True,2.0,45.0,False,True
686,long,Long1,1,favorable_pct,2.0,False,,,False,True
686,long,Long1,1,favorable_pct,3.0,False,,,False,True
687,long,Long1,1,adverse_pct,0.25,True,0.0,15.0,True,False
687,long,Long1,1,adverse_pct,0.5,True,1.0,30.0,True,False
687,long,Long1,1,adverse_pct,1.0,False,,,True,False
687,long,Long1,1,adverse_pct,2.0,False,,,True,False
687,long,Long1,1,adverse_pct,3.0,False,,,True,False
687,long,Long1,1,favorable_pct,0.25,True,5.0,90.0,True,False
687,long,Long1,1,favorable_pct,0.5,True,23.0,360.0,True,False
687,long,Long1,1,favorable_pct,1.0,True,35.0,540.0,True,False
687,long,Long1,1,favorable_pct,2.0,False,,,True,False
687,long,Long1,1,favorable_pct,3.0,False,,,True,False
688,short,Short1,1,adverse_pct,0.25,True,2.0,45.0,True,False
688,short,Short1,1,adverse_pct,0.5,False,,,True,False
688,short,Short1,1,adverse_pct,1.0,False,,,True,False
688,short,Short1,1,adverse_pct,2.0,False,,,True,False
688,short,Short1,1,adverse_pct,3.0,False,,,True,False
688,short,Short1,1,favorable_pct,0.25,True,5.0,90.0,True,False
688,short,Short1,1,favorable_pct,0.5,True,5.0,90.0,True,False
688,short,Short1,1,favorable_pct,1.0,True,90.0,1365.0,True,False
688,short,Short1,1,favorable_pct,2.0,True,135.0,2040.0,True,False
688,short,Short1,1,favorable_pct,3.0,True,136.0,2055.0,True,False
689,long,Long1,1,adverse_pct,0.25,True,0.0,15.0,True,False
689,long,Long1,1,adverse_pct,0.5,True,1.0,30.0,True,False
689,long,Long1,1,adverse_pct,1.0,False,,,True,False
689,long,Long1,1,adverse_pct,2.0,False,,,True,False
689,long,Long1,1,adverse_pct,3.0,False,,,True,False
689,long,Long1,1,favorable_pct,0.25,True,3.0,60.0,True,False
689,long,Long1,1,favorable_pct,0.5,True,7.0,120.0,True,False
689,long,Long1,1,favorable_pct,1.0,True,9.0,150.0,True,False
689,long,Long1,1,favorable_pct,2.0,True,21.0,330.0,True,False
689,long,Long1,1,favorable_pct,3.0,False,,,True,False
690,long,Long1,1,adverse_pct,0.25,True,19.0,300.0,True,False
690,long,Long1,1,adverse_pct,0.5,True,19.0,300.0,True,False
690,long,Long1,1,adverse_pct,1.0,False,,,True,False
690,long,Long1,1,adverse_pct,2.0,False,,,True,False
690,long,Long1,1,adverse_pct,3.0,False,,,True,False
690,long,Long1,1,favorable_pct,0.25,True,0.0,15.0,True,False
690,long,Long1,1,favorable_pct,0.5,True,1.0,30.0,True,False
690,long,Long1,1,favorable_pct,1.0,True,2.0,45.0,True,False
690,long,Long1,1,favorable_pct,2.0,False,,,True,False
690,long,Long1,1,favorable_pct,3.0,False,,,True,False
691,long,Long2,2,adverse_pct,0.25,True,0.0,15.0,True,False
691,long,Long2,2,adverse_pct,0.5,True,0.0,15.0,True,False
691,long,Long2,2,adverse_pct,1.0,True,6.0,105.0,True,False
691,long,Long2,2,adverse_pct,2.0,True,10.0,165.0,True,False
691,long,Long2,2,adverse_pct,3.0,False,,,True,False
691,long,Long2,2,favorable_pct,0.25,True,0.0,15.0,True,False
691,long,Long2,2,favorable_pct,0.5,True,94.0,1425.0,True,False
691,long,Long2,2,favorable_pct,1.0,True,94.0,1425.0,True,False
691,long,Long2,2,favorable_pct,2.0,True,94.0,1425.0,True,False
691,long,Long2,2,favorable_pct,3.0,True,144.0,2175.0,True,False
692,long,Long3,3,adverse_pct,0.25,True,1.0,30.0,True,False
692,long,Long3,3,adverse_pct,0.5,True,1.0,30.0,True,False
692,long,Long3,3,adverse_pct,1.0,True,1.0,30.0,True,False
692,long,Long3,3,adverse_pct,2.0,False,,,True,False
692,long,Long3,3,adverse_pct,3.0,False,,,True,False
692,long,Long3,3,favorable_pct,0.25,True,0.0,15.0,True,False
692,long,Long3,3,favorable_pct,0.5,True,39.0,600.0,True,False
692,long,Long3,3,favorable_pct,1.0,True,43.0,660.0,True,False
692,long,Long3,3,favorable_pct,2.0,True,56.0,855.0,True,False
692,long,Long3,3,favorable_pct,3.0,True,80.0,1215.0,True,False
693,short,Short1,1,adverse_pct,0.25,True,0.0,15.0,True,False
693,short,Short1,1,adverse_pct,0.5,True,1.0,30.0,True,False
693,short,Short1,1,adverse_pct,1.0,True,2.0,45.0,True,False
693,short,Short1,1,adverse_pct,2.0,False,,,True,False
693,short,Short1,1,adverse_pct,3.0,False,,,True,False
693,short,Short1,1,favorable_pct,0.25,True,9.0,150.0,True,False
693,short,Short1,1,favorable_pct,0.5,True,9.0,150.0,True,False
693,short,Short1,1,favorable_pct,1.0,False,,,True,False
693,short,Short1,1,favorable_pct,2.0,False,,,True,False
693,short,Short1,1,favorable_pct,3.0,False,,,True,False
694,short,Short1,1,adverse_pct,0.25,True,2.0,45.0,True,False
694,short,Short1,1,adverse_pct,0.5,False,,,True,False
694,short,Short1,1,adverse_pct,1.0,False,,,True,False
694,short,Short1,1,adverse_pct,2.0,False,,,True,False
694,short,Short1,1,adverse_pct,3.0,False,,,True,False
694,short,Short1,1,favorable_pct,0.25,True,3.0,60.0,True,False
694,short,Short1,1,favorable_pct,0.5,True,4.0,75.0,True,False
694,short,Short1,1,favorable_pct,1.0,True,5.0,90.0,True,False
694,short,Short1,1,favorable_pct,2.0,True,10.0,165.0,True,False
694,short,Short1,1,favorable_pct,3.0,True,15.0,240.0,True,False
695,long,Long1,1,adverse_pct,0.25,True,0.0,15.0,True,False
695,long,Long1,1,adverse_pct,0.5,True,0.0,15.0,True,False
695,long,Long1,1,adverse_pct,1.0,False,,,True,False
695,long,Long1,1,adverse_pct,2.0,False,,,True,False
695,long,Long1,1,adverse_pct,3.0,False,,,True,False
695,long,Long1,1,favorable_pct,0.25,True,1.0,30.0,True,False
695,long,Long1,1,favorable_pct,0.5,True,1.0,30.0,True,False
695,long,Long1,1,favorable_pct,1.0,False,,,True,False
695,long,Long1,1,favorable_pct,2.0,False,,,True,False
695,long,Long1,1,favorable_pct,3.0,False,,,True,False
696,long,Long1,1,adverse_pct,0.25,True,6.0,105.0,True,False
696,long,Long1,1,adverse_pct,0.5,False,,,True,False
696,long,Long1,1,adverse_pct,1.0,False,,,True,False
696,long,Long1,1,adverse_pct,2.0,False,,,True,False
696,long,Long1,1,adverse_pct,3.0,False,,,True,False
696,long,Long1,1,favorable_pct,0.25,True,0.0,15.0,True,False
696,long,Long1,1,favorable_pct,0.5,True,1.0,30.0,True,False
696,long,Long1,1,favorable_pct,1.0,True,4.0,75.0,True,False
696,long,Long1,1,favorable_pct,2.0,False,,,True,False
696,long,Long1,1,favorable_pct,3.0,False,,,True,False
697,short,Short1,1,adverse_pct,0.25,True,0.0,15.0,True,False
697,short,Short1,1,adverse_pct,0.5,True,0.0,15.0,True,False
697,short,Short1,1,adverse_pct,1.0,True,2.0,45.0,True,False
697,short,Short1,1,adverse_pct,2.0,False,,,True,False
697,short,Short1,1,adverse_pct,3.0,False,,,True,False
697,short,Short1,1,favorable_pct,0.25,True,0.0,15.0,True,False
697,short,Short1,1,favorable_pct,0.5,True,8.0,135.0,True,False
697,short,Short1,1,favorable_pct,1.0,False,,,True,False
697,short,Short1,1,favorable_pct,2.0,False,,,True,False
697,short,Short1,1,favorable_pct,3.0,False,,,True,False
698,short,Short2,2,adverse_pct,0.25,True,4.0,75.0,True,False
698,short,Short2,2,adverse_pct,0.5,True,6.0,105.0,True,False
698,short,Short2,2,adverse_pct,1.0,False,,,True,False
698,short,Short2,2,adverse_pct,2.0,False,,,True,False
698,short,Short2,2,adverse_pct,3.0,False,,,True,False
698,short,Short2,2,favorable_pct,0.25,True,0.0,15.0,True,False
698,short,Short2,2,favorable_pct,0.5,True,28.0,435.0,True,False
698,short,Short2,2,favorable_pct,1.0,True,38.0,585.0,True,False
698,short,Short2,2,favorable_pct,2.0,True,54.0,825.0,True,False
698,short,Short2,2,favorable_pct,3.0,True,57.0,870.0,True,False
699,short,Short1,1,adverse_pct,0.25,True,1.0,30.0,False,True
699,short,Short1,1,adverse_pct,0.5,True,1.0,30.0,False,True
699,short,Short1,1,adverse_pct,1.0,True,2.0,45.0,False,True
699,short,Short1,1,adverse_pct,2.0,True,2.0,45.0,False,True
699,short,Short1,1,adverse_pct,3.0,True,4.0,75.0,False,True
699,short,Short1,1,favorable_pct,0.25,True,0.0,15.0,False,True
699,short,Short1,1,favorable_pct,0.5,False,,,False,True
699,short,Short1,1,favorable_pct,1.0,False,,,False,True
699,short,Short1,1,favorable_pct,2.0,False,,,False,True
699,short,Short1,1,favorable_pct,3.0,False,,,False,True
700,short,Short1,1,adverse_pct,0.25,True,1.0,30.0,False,True
700,short,Short1,1,adverse_pct,0.5,True,3.0,60.0,False,True
700,short,Short1,1,adverse_pct,1.0,False,,,False,True
700,short,Short1,1,adverse_pct,2.0,False,,,False,True
700,short,Short1,1,adverse_pct,3.0,False,,,False,True
700,short,Short1,1,favorable_pct,0.25,False,,,False,True
700,short,Short1,1,favorable_pct,0.5,False,,,False,True
700,short,Short1,1,favorable_pct,1.0,False,,,False,True
700,short,Short1,1,favorable_pct,2.0,False,,,False,True
700,short,Short1,1,favorable_pct,3.0,False,,,False,True
701,long,TrendLong,0,adverse_pct,0.25,False,,,True,False
701,long,TrendLong,0,adverse_pct,0.5,False,,,True,False
701,long,TrendLong,0,adverse_pct,1.0,False,,,True,False
701,long,TrendLong,0,adverse_pct,2.0,False,,,True,False
701,long,TrendLong,0,adverse_pct,3.0,False,,,True,False
701,long,TrendLong,0,favorable_pct,0.25,True,0.0,15.0,True,False
701,long,TrendLong,0,favorable_pct,0.5,True,0.0,15.0,True,False
701,long,TrendLong,0,favorable_pct,1.0,True,0.0,15.0,True,False
701,long,TrendLong,0,favorable_pct,2.0,False,,,True,False
701,long,TrendLong,0,favorable_pct,3.0,False,,,True,False
702,short,Short1,1,adverse_pct,0.25,False,,,True,False
702,short,Short1,1,adverse_pct,0.5,False,,,True,False
702,short,Short1,1,adverse_pct,1.0,False,,,True,False
702,short,Short1,1,adverse_pct,2.0,False,,,True,False
702,short,Short1,1,adverse_pct,3.0,False,,,True,False
702,short,Short1,1,favorable_pct,0.25,True,0.0,15.0,True,False
702,short,Short1,1,favorable_pct,0.5,True,1.0,30.0,True,False
702,short,Short1,1,favorable_pct,1.0,True,8.0,135.0,True,False
702,short,Short1,1,favorable_pct,2.0,True,15.0,240.0,True,False
702,short,Short1,1,favorable_pct,3.0,True,19.0,300.0,True,False
703,long,Long1,1,adverse_pct,0.25,False,,,True,False
703,long,Long1,1,adverse_pct,0.5,False,,,True,False
703,long,Long1,1,adverse_pct,1.0,False,,,True,False
703,long,Long1,1,adverse_pct,2.0,False,,,True,False
703,long,Long1,1,adverse_pct,3.0,False,,,True,False
703,long,Long1,1,favorable_pct,0.25,True,0.0,15.0,True,False
703,long,Long1,1,favorable_pct,0.5,True,0.0,15.0,True,False
703,long,Long1,1,favorable_pct,1.0,False,,,True,False
703,long,Long1,1,favorable_pct,2.0,False,,,True,False
703,long,Long1,1,favorable_pct,3.0,False,,,True,False
704,long,Long1,1,adverse_pct,0.25,True,42.0,645.0,False,True
704,long,Long1,1,adverse_pct,0.5,True,47.0,720.0,False,True
704,long,Long1,1,adverse_pct,1.0,True,49.0,750.0,False,True
704,long,Long1,1,adverse_pct,2.0,False,,,False,True
704,long,Long1,1,adverse_pct,3.0,False,,,False,True
704,long,Long1,1,favorable_pct,0.25,True,3.0,60.0,False,True
704,long,Long1,1,favorable_pct,0.5,True,7.0,120.0,False,True
704,long,Long1,1,favorable_pct,1.0,False,,,False,True
704,long,Long1,1,favorable_pct,2.0,False,,,False,True
704,long,Long1,1,favorable_pct,3.0,False,,,False,True
705,long,Long2,2,adverse_pct,0.25,True,42.0,645.0,False,True
705,long,Long2,2,adverse_pct,0.5,True,47.0,720.0,False,True
705,long,Long2,2,adverse_pct,1.0,True,49.0,750.0,False,True
705,long,Long2,2,adverse_pct,2.0,False,,,False,True
705,long,Long2,2,adverse_pct,3.0,False,,,False,True
705,long,Long2,2,favorable_pct,0.25,True,3.0,60.0,False,True
705,long,Long2,2,favorable_pct,0.5,True,7.0,120.0,False,True
705,long,Long2,2,favorable_pct,1.0,False,,,False,True
705,long,Long2,2,favorable_pct,2.0,False,,,False,True
705,long,Long2,2,favorable_pct,3.0,False,,,False,True
706,long,Long1,1,adverse_pct,0.25,False,,,True,False
706,long,Long1,1,adverse_pct,0.5,False,,,True,False
706,long,Long1,1,adverse_pct,1.0,False,,,True,False
706,long,Long1,1,adverse_pct,2.0,False,,,True,False
706,long,Long1,1,adverse_pct,3.0,False,,,True,False
706,long,Long1,1,favorable_pct,0.25,True,0.0,15.0,True,False
706,long,Long1,1,favorable_pct,0.5,True,1.0,30.0,True,False
706,long,Long1,1,favorable_pct,1.0,False,,,True,False
706,long,Long1,1,favorable_pct,2.0,False,,,True,False
706,long,Long1,1,favorable_pct,3.0,False,,,True,False
707,long,Long2,2,adverse_pct,0.25,False,,,True,False
707,long,Long2,2,adverse_pct,0.5,False,,,True,False
707,long,Long2,2,adverse_pct,1.0,False,,,True,False
707,long,Long2,2,adverse_pct,2.0,False,,,True,False
707,long,Long2,2,adverse_pct,3.0,False,,,True,False
707,long,Long2,2,favorable_pct,0.25,True,0.0,15.0,True,False
707,long,Long2,2,favorable_pct,0.5,True,1.0,30.0,True,False
707,long,Long2,2,favorable_pct,1.0,False,,,True,False
707,long,Long2,2,favorable_pct,2.0,False,,,True,False
707,long,Long2,2,favorable_pct,3.0,False,,,True,False
708,short,Short1,1,adverse_pct,0.25,False,,,True,False
708,short,Short1,1,adverse_pct,0.5,False,,,True,False
708,short,Short1,1,adverse_pct,1.0,False,,,True,False
708,short,Short1,1,adverse_pct,2.0,False,,,True,False
708,short,Short1,1,adverse_pct,3.0,False,,,True,False
708,short,Short1,1,favorable_pct,0.25,True,0.0,15.0,True,False
708,short,Short1,1,favorable_pct,0.5,True,2.0,45.0,True,False
708,short,Short1,1,favorable_pct,1.0,False,,,True,False
708,short,Short1,1,favorable_pct,2.0,False,,,True,False
708,short,Short1,1,favorable_pct,3.0,False,,,True,False
709,short,Short2,2,adverse_pct,0.25,True,0.0,15.0,True,False
709,short,Short2,2,adverse_pct,0.5,True,3.0,60.0,True,False
709,short,Short2,2,adverse_pct,1.0,False,,,True,False
709,short,Short2,2,adverse_pct,2.0,False,,,True,False
709,short,Short2,2,adverse_pct,3.0,False,,,True,False
709,short,Short2,2,favorable_pct,0.25,True,1.0,30.0,True,False
709,short,Short2,2,favorable_pct,0.5,True,14.0,225.0,True,False
709,short,Short2,2,favorable_pct,1.0,False,,,True,False
709,short,Short2,2,favorable_pct,2.0,False,,,True,False
709,short,Short2,2,favorable_pct,3.0,False,,,True,False
710,short,Short1,1,adverse_pct,0.25,True,3.0,60.0,False,True
710,short,Short1,1,adverse_pct,0.5,True,6.0,105.0,False,True
710,short,Short1,1,adverse_pct,1.0,True,6.0,105.0,False,True
710,short,Short1,1,adverse_pct,2.0,True,7.0,120.0,False,True
710,short,Short1,1,adverse_pct,3.0,True,33.0,510.0,False,True
710,short,Short1,1,favorable_pct,0.25,True,1.0,30.0,False,True
710,short,Short1,1,favorable_pct,0.5,True,2.0,45.0,False,True
710,short,Short1,1,favorable_pct,1.0,False,,,False,True
710,short,Short1,1,favorable_pct,2.0,False,,,False,True
710,short,Short1,1,favorable_pct,3.0,False,,,False,True
711,short,Short1,1,adverse_pct,0.25,True,0.0,15.0,False,True
711,short,Short1,1,adverse_pct,0.5,True,0.0,15.0,False,True
711,short,Short1,1,adverse_pct,1.0,True,2.0,45.0,False,True
711,short,Short1,1,adverse_pct,2.0,False,,,False,True
711,short,Short1,1,adverse_pct,3.0,False,,,False,True
711,short,Short1,1,favorable_pct,0.25,True,0.0,15.0,False,True
711,short,Short1,1,favorable_pct,0.5,True,6.0,105.0,False,True
711,short,Short1,1,favorable_pct,1.0,True,50.0,765.0,False,True
711,short,Short1,1,favorable_pct,2.0,False,,,False,True
711,short,Short1,1,favorable_pct,3.0,False,,,False,True
712,short,Short1,1,adverse_pct,0.25,True,0.0,15.0,True,False
712,short,Short1,1,adverse_pct,0.5,True,30.0,465.0,True,False
712,short,Short1,1,adverse_pct,1.0,True,36.0,555.0,True,False
712,short,Short1,1,adverse_pct,2.0,True,48.0,735.0,True,False
712,short,Short1,1,adverse_pct,3.0,True,53.0,810.0,True,False
712,short,Short1,1,favorable_pct,0.25,True,2.0,45.0,True,False
712,short,Short1,1,favorable_pct,0.5,True,7.0,120.0,True,False
712,short,Short1,1,favorable_pct,1.0,False,,,True,False
712,short,Short1,1,favorable_pct,2.0,False,,,True,False
712,short,Short1,1,favorable_pct,3.0,False,,,True,False
713,short,Short1,1,adverse_pct,0.25,True,0.0,15.0,False,True
713,short,Short1,1,adverse_pct,0.5,True,2.0,45.0,False,True
713,short,Short1,1,adverse_pct,1.0,True,16.0,255.0,False,True
713,short,Short1,1,adverse_pct,2.0,True,16.0,255.0,False,True
713,short,Short1,1,adverse_pct,3.0,True,88.0,1335.0,False,True
713,short,Short1,1,favorable_pct,0.25,True,6.0,105.0,False,True
713,short,Short1,1,favorable_pct,0.5,False,,,False,True
713,short,Short1,1,favorable_pct,1.0,False,,,False,True
713,short,Short1,1,favorable_pct,2.0,False,,,False,True
713,short,Short1,1,favorable_pct,3.0,False,,,False,True
714,short,Short2,2,adverse_pct,0.25,True,1.0,30.0,True,False
714,short,Short2,2,adverse_pct,0.5,True,6.0,105.0,True,False
714,short,Short2,2,adverse_pct,1.0,True,6.0,105.0,True,False
714,short,Short2,2,adverse_pct,2.0,False,,,True,False
714,short,Short2,2,adverse_pct,3.0,False,,,True,False
714,short,Short2,2,favorable_pct,0.25,True,2.0,45.0,True,False
714,short,Short2,2,favorable_pct,0.5,True,2.0,45.0,True,False
714,short,Short2,2,favorable_pct,1.0,True,28.0,435.0,True,False
714,short,Short2,2,favorable_pct,2.0,False,,,True,False
714,short,Short2,2,favorable_pct,3.0,False,,,True,False
715,short,Short3,3,adverse_pct,0.25,False,,,True,False
715,short,Short3,3,adverse_pct,0.5,False,,,True,False
715,short,Short3,3,adverse_pct,1.0,False,,,True,False
715,short,Short3,3,adverse_pct,2.0,False,,,True,False
715,short,Short3,3,adverse_pct,3.0,False,,,True,False
715,short,Short3,3,favorable_pct,0.25,True,0.0,15.0,True,False
715,short,Short3,3,favorable_pct,0.5,True,1.0,30.0,True,False
715,short,Short3,3,favorable_pct,1.0,True,6.0,105.0,True,False
715,short,Short3,3,favorable_pct,2.0,True,11.0,180.0,True,False
715,short,Short3,3,favorable_pct,3.0,True,48.0,735.0,True,False
716,long,Long3,3,adverse_pct,0.25,False,,,True,False
716,long,Long3,3,adverse_pct,0.5,False,,,True,False
716,long,Long3,3,adverse_pct,1.0,False,,,True,False
716,long,Long3,3,adverse_pct,2.0,False,,,True,False
716,long,Long3,3,adverse_pct,3.0,False,,,True,False
716,long,Long3,3,favorable_pct,0.25,True,0.0,15.0,True,False
716,long,Long3,3,favorable_pct,0.5,True,0.0,15.0,True,False
716,long,Long3,3,favorable_pct,1.0,True,1.0,30.0,True,False
716,long,Long3,3,favorable_pct,2.0,False,,,True,False
716,long,Long3,3,favorable_pct,3.0,False,,,True,False
717,long,Long1,1,adverse_pct,0.25,True,5.0,90.0,False,True
717,long,Long1,1,adverse_pct,0.5,True,5.0,90.0,False,True
717,long,Long1,1,adverse_pct,1.0,True,10.0,165.0,False,True
717,long,Long1,1,adverse_pct,2.0,True,54.0,825.0,False,True
717,long,Long1,1,adverse_pct,3.0,True,77.0,1170.0,False,True
717,long,Long1,1,favorable_pct,0.25,True,0.0,15.0,False,True
717,long,Long1,1,favorable_pct,0.5,True,2.0,45.0,False,True
717,long,Long1,1,favorable_pct,1.0,False,,,False,True
717,long,Long1,1,favorable_pct,2.0,False,,,False,True
717,long,Long1,1,favorable_pct,3.0,False,,,False,True
718,long,Long2,2,adverse_pct,0.25,True,3.0,60.0,False,True
718,long,Long2,2,adverse_pct,0.5,True,17.0,270.0,False,True
718,long,Long2,2,adverse_pct,1.0,True,20.0,315.0,False,True
718,long,Long2,2,adverse_pct,2.0,False,,,False,True
718,long,Long2,2,adverse_pct,3.0,False,,,False,True
718,long,Long2,2,favorable_pct,0.25,True,0.0,15.0,False,True
718,long,Long2,2,favorable_pct,0.5,True,6.0,105.0,False,True
718,long,Long2,2,favorable_pct,1.0,False,,,False,True
718,long,Long2,2,favorable_pct,2.0,False,,,False,True
718,long,Long2,2,favorable_pct,3.0,False,,,False,True
719,long,Long1,1,adverse_pct,0.25,True,1.0,30.0,True,False
719,long,Long1,1,adverse_pct,0.5,True,2.0,45.0,True,False
719,long,Long1,1,adverse_pct,1.0,False,,,True,False
719,long,Long1,1,adverse_pct,2.0,False,,,True,False
719,long,Long1,1,adverse_pct,3.0,False,,,True,False
719,long,Long1,1,favorable_pct,0.25,True,0.0,15.0,True,False
719,long,Long1,1,favorable_pct,0.5,True,27.0,420.0,True,False
719,long,Long1,1,favorable_pct,1.0,True,28.0,435.0,True,False
719,long,Long1,1,favorable_pct,2.0,False,,,True,False
719,long,Long1,1,favorable_pct,3.0,False,,,True,False
720,long,Long1,1,adverse_pct,0.25,False,,,True,False
720,long,Long1,1,adverse_pct,0.5,False,,,True,False
720,long,Long1,1,adverse_pct,1.0,False,,,True,False
720,long,Long1,1,adverse_pct,2.0,False,,,True,False
720,long,Long1,1,adverse_pct,3.0,False,,,True,False
720,long,Long1,1,favorable_pct,0.25,True,0.0,15.0,True,False
720,long,Long1,1,favorable_pct,0.5,True,7.0,120.0,True,False
720,long,Long1,1,favorable_pct,1.0,False,,,True,False
720,long,Long1,1,favorable_pct,2.0,False,,,True,False
720,long,Long1,1,favorable_pct,3.0,False,,,True,False
721,long,Long1,1,adverse_pct,0.25,True,1.0,30.0,False,True
721,long,Long1,1,adverse_pct,0.5,True,2.0,45.0,False,True
721,long,Long1,1,adverse_pct,1.0,True,40.0,615.0,False,True
721,long,Long1,1,adverse_pct,2.0,False,,,False,True
721,long,Long1,1,adverse_pct,3.0,False,,,False,True
721,long,Long1,1,favorable_pct,0.25,True,8.0,135.0,False,True
721,long,Long1,1,favorable_pct,0.5,True,17.0,270.0,False,True
721,long,Long1,1,favorable_pct,1.0,False,,,False,True
721,long,Long1,1,favorable_pct,2.0,False,,,False,True
721,long,Long1,1,favorable_pct,3.0,False,,,False,True
722,short,Short1,1,adverse_pct,0.25,True,2.0,45.0,True,False
722,short,Short1,1,adverse_pct,0.5,False,,,True,False
722,short,Short1,1,adverse_pct,1.0,False,,,True,False
722,short,Short1,1,adverse_pct,2.0,False,,,True,False
722,short,Short1,1,adverse_pct,3.0,False,,,True,False
722,short,Short1,1,favorable_pct,0.25,True,1.0,30.0,True,False
722,short,Short1,1,favorable_pct,0.5,True,3.0,60.0,True,False
722,short,Short1,1,favorable_pct,1.0,True,4.0,75.0,True,False
722,short,Short1,1,favorable_pct,2.0,False,,,True,False
722,short,Short1,1,favorable_pct,3.0,False,,,True,False
723,short,Short1,1,adverse_pct,0.25,True,16.0,255.0,False,True
723,short,Short1,1,adverse_pct,0.5,True,16.0,255.0,False,True
723,short,Short1,1,adverse_pct,1.0,True,39.0,600.0,False,True
723,short,Short1,1,adverse_pct,2.0,False,,,False,True
723,short,Short1,1,adverse_pct,3.0,False,,,False,True
723,short,Short1,1,favorable_pct,0.25,True,2.0,45.0,False,True
723,short,Short1,1,favorable_pct,0.5,True,8.0,135.0,False,True
723,short,Short1,1,favorable_pct,1.0,False,,,False,True
723,short,Short1,1,favorable_pct,2.0,False,,,False,True
723,short,Short1,1,favorable_pct,3.0,False,,,False,True
724,long,Long1,1,adverse_pct,0.25,True,3.0,60.0,False,True
724,long,Long1,1,adverse_pct,0.5,True,9.0,150.0,False,True
724,long,Long1,1,adverse_pct,1.0,True,10.0,165.0,False,True
724,long,Long1,1,adverse_pct,2.0,True,68.0,1035.0,False,True
724,long,Long1,1,adverse_pct,3.0,True,76.0,1155.0,False,True
724,long,Long1,1,favorable_pct,0.25,True,1.0,30.0,False,True
724,long,Long1,1,favorable_pct,0.5,True,18.0,285.0,False,True
724,long,Long1,1,favorable_pct,1.0,False,,,False,True
724,long,Long1,1,favorable_pct,2.0,False,,,False,True
724,long,Long1,1,favorable_pct,3.0,False,,,False,True
725,long,Long1,1,adverse_pct,0.25,True,1.0,30.0,False,True
725,long,Long1,1,adverse_pct,0.5,True,2.0,45.0,False,True
725,long,Long1,1,adverse_pct,1.0,True,8.0,135.0,False,True
725,long,Long1,1,adverse_pct,2.0,False,,,False,True
725,long,Long1,1,adverse_pct,3.0,False,,,False,True
725,long,Long1,1,favorable_pct,0.25,True,0.0,15.0,False,True
725,long,Long1,1,favorable_pct,0.5,False,,,False,True
725,long,Long1,1,favorable_pct,1.0,False,,,False,True
725,long,Long1,1,favorable_pct,2.0,False,,,False,True
725,long,Long1,1,favorable_pct,3.0,False,,,False,True
726,long,Long1,1,adverse_pct,0.25,False,,,True,False
726,long,Long1,1,adverse_pct,0.5,False,,,True,False
726,long,Long1,1,adverse_pct,1.0,False,,,True,False
726,long,Long1,1,adverse_pct,2.0,False,,,True,False
726,long,Long1,1,adverse_pct,3.0,False,,,True,False
726,long,Long1,1,favorable_pct,0.25,True,3.0,60.0,True,False
726,long,Long1,1,favorable_pct,0.5,True,9.0,150.0,True,False
726,long,Long1,1,favorable_pct,1.0,True,12.0,195.0,True,False
726,long,Long1,1,favorable_pct,2.0,False,,,True,False
726,long,Long1,1,favorable_pct,3.0,False,,,True,False
727,long,Long1,1,adverse_pct,0.25,False,,,True,False
727,long,Long1,1,adverse_pct,0.5,False,,,True,False
727,long,Long1,1,adverse_pct,1.0,False,,,True,False
727,long,Long1,1,adverse_pct,2.0,False,,,True,False
727,long,Long1,1,adverse_pct,3.0,False,,,True,False
727,long,Long1,1,favorable_pct,0.25,True,0.0,15.0,True,False
727,long,Long1,1,favorable_pct,0.5,True,0.0,15.0,True,False
727,long,Long1,1,favorable_pct,1.0,False,,,True,False
727,long,Long1,1,favorable_pct,2.0,False,,,True,False
727,long,Long1,1,favorable_pct,3.0,False,,,True,False
728,short,Short1,1,adverse_pct,0.25,False,,,True,False
728,short,Short1,1,adverse_pct,0.5,False,,,True,False
728,short,Short1,1,adverse_pct,1.0,False,,,True,False
728,short,Short1,1,adverse_pct,2.0,False,,,True,False
728,short,Short1,1,adverse_pct,3.0,False,,,True,False
728,short,Short1,1,favorable_pct,0.25,True,0.0,15.0,True,False
728,short,Short1,1,favorable_pct,0.5,True,1.0,30.0,True,False
728,short,Short1,1,favorable_pct,1.0,True,4.0,75.0,True,False
728,short,Short1,1,favorable_pct,2.0,False,,,True,False
728,short,Short1,1,favorable_pct,3.0,False,,,True,False
729,short,Short1,1,adverse_pct,0.25,True,0.0,15.0,True,False
729,short,Short1,1,adverse_pct,0.5,False,,,True,False
729,short,Short1,1,adverse_pct,1.0,False,,,True,False
729,short,Short1,1,adverse_pct,2.0,False,,,True,False
729,short,Short1,1,adverse_pct,3.0,False,,,True,False
729,short,Short1,1,favorable_pct,0.25,True,5.0,90.0,True,False
729,short,Short1,1,favorable_pct,0.5,True,8.0,135.0,True,False
729,short,Short1,1,favorable_pct,1.0,True,20.0,315.0,True,False
729,short,Short1,1,favorable_pct,2.0,True,28.0,435.0,True,False
729,short,Short1,1,favorable_pct,3.0,False,,,True,False
730,short,Short1,1,adverse_pct,0.25,False,,,True,False
730,short,Short1,1,adverse_pct,0.5,False,,,True,False
730,short,Short1,1,adverse_pct,1.0,False,,,True,False
730,short,Short1,1,adverse_pct,2.0,False,,,True,False
730,short,Short1,1,adverse_pct,3.0,False,,,True,False
730,short,Short1,1,favorable_pct,0.25,True,0.0,15.0,True,False
730,short,Short1,1,favorable_pct,0.5,True,0.0,15.0,True,False
730,short,Short1,1,favorable_pct,1.0,False,,,True,False
730,short,Short1,1,favorable_pct,2.0,False,,,True,False
730,short,Short1,1,favorable_pct,3.0,False,,,True,False
731,short,Short1,1,adverse_pct,0.25,True,1.0,30.0,False,True
731,short,Short1,1,adverse_pct,0.5,True,2.0,45.0,False,True
731,short,Short1,1,adverse_pct,1.0,True,3.0,60.0,False,True
731,short,Short1,1,adverse_pct,2.0,False,,,False,True
731,short,Short1,1,adverse_pct,3.0,False,,,False,True
731,short,Short1,1,favorable_pct,0.25,True,27.0,420.0,False,True
731,short,Short1,1,favorable_pct,0.5,True,29.0,450.0,False,True
731,short,Short1,1,favorable_pct,1.0,False,,,False,True
731,short,Short1,1,favorable_pct,2.0,False,,,False,True
731,short,Short1,1,favorable_pct,3.0,False,,,False,True
732,long,Long1,1,adverse_pct,0.25,False,,,True,False
732,long,Long1,1,adverse_pct,0.5,False,,,True,False
732,long,Long1,1,adverse_pct,1.0,False,,,True,False
732,long,Long1,1,adverse_pct,2.0,False,,,True,False
732,long,Long1,1,adverse_pct,3.0,False,,,True,False
732,long,Long1,1,favorable_pct,0.25,True,2.0,45.0,True,False
732,long,Long1,1,favorable_pct,0.5,True,2.0,45.0,True,False
732,long,Long1,1,favorable_pct,1.0,False,,,True,False
732,long,Long1,1,favorable_pct,2.0,False,,,True,False
732,long,Long1,1,favorable_pct,3.0,False,,,True,False
733,long,Long1,1,adverse_pct,0.25,True,0.0,15.0,True,False
733,long,Long1,1,adverse_pct,0.5,True,2.0,45.0,True,False
733,long,Long1,1,adverse_pct,1.0,False,,,True,False
733,long,Long1,1,adverse_pct,2.0,False,,,True,False
733,long,Long1,1,adverse_pct,3.0,False,,,True,False
733,long,Long1,1,favorable_pct,0.25,True,5.0,90.0,True,False
733,long,Long1,1,favorable_pct,0.5,True,7.0,120.0,True,False
733,long,Long1,1,favorable_pct,1.0,True,7.0,120.0,True,False
733,long,Long1,1,favorable_pct,2.0,False,,,True,False
733,long,Long1,1,favorable_pct,3.0,False,,,True,False
734,short,Short1,1,adverse_pct,0.25,True,0.0,15.0,True,False
734,short,Short1,1,adverse_pct,0.5,True,34.0,525.0,True,False
734,short,Short1,1,adverse_pct,1.0,True,35.0,540.0,True,False
734,short,Short1,1,adverse_pct,2.0,False,,,True,False
734,short,Short1,1,adverse_pct,3.0,False,,,True,False
734,short,Short1,1,favorable_pct,0.25,True,2.0,45.0,True,False
734,short,Short1,1,favorable_pct,0.5,True,3.0,60.0,True,False
734,short,Short1,1,favorable_pct,1.0,True,90.0,1365.0,True,False
734,short,Short1,1,favorable_pct,2.0,False,,,True,False
734,short,Short1,1,favorable_pct,3.0,False,,,True,False
735,short,Short1,1,adverse_pct,0.25,False,,,True,False
735,short,Short1,1,adverse_pct,0.5,False,,,True,False
735,short,Short1,1,adverse_pct,1.0,False,,,True,False
735,short,Short1,1,adverse_pct,2.0,False,,,True,False
735,short,Short1,1,adverse_pct,3.0,False,,,True,False
735,short,Short1,1,favorable_pct,0.25,True,0.0,15.0,True,False
735,short,Short1,1,favorable_pct,0.5,True,1.0,30.0,True,False
735,short,Short1,1,favorable_pct,1.0,True,2.0,45.0,True,False
735,short,Short1,1,favorable_pct,2.0,True,17.0,270.0,True,False
735,short,Short1,1,favorable_pct,3.0,False,,,True,False
736,short,Short1,1,adverse_pct,0.25,True,0.0,15.0,True,False
736,short,Short1,1,adverse_pct,0.5,True,0.0,15.0,True,False
736,short,Short1,1,adverse_pct,1.0,True,0.0,15.0,True,False
736,short,Short1,1,adverse_pct,2.0,False,,,True,False
736,short,Short1,1,adverse_pct,3.0,False,,,True,False
736,short,Short1,1,favorable_pct,0.25,True,13.0,210.0,True,False
736,short,Short1,1,favorable_pct,0.5,True,61.0,930.0,True,False
736,short,Short1,1,favorable_pct,1.0,True,62.0,945.0,True,False
736,short,Short1,1,favorable_pct,2.0,False,,,True,False
736,short,Short1,1,favorable_pct,3.0,False,,,True,False
737,short,Short2,2,adverse_pct,0.25,True,0.0,15.0,True,False
737,short,Short2,2,adverse_pct,0.5,True,0.0,15.0,True,False
737,short,Short2,2,adverse_pct,1.0,True,0.0,15.0,True,False
737,short,Short2,2,adverse_pct,2.0,False,,,True,False
737,short,Short2,2,adverse_pct,3.0,False,,,True,False
737,short,Short2,2,favorable_pct,0.25,True,13.0,210.0,True,False
737,short,Short2,2,favorable_pct,0.5,True,61.0,930.0,True,False
737,short,Short2,2,favorable_pct,1.0,True,62.0,945.0,True,False
737,short,Short2,2,favorable_pct,2.0,False,,,True,False
737,short,Short2,2,favorable_pct,3.0,False,,,True,False
738,short,Short1,1,adverse_pct,0.25,True,1.0,30.0,True,False
738,short,Short1,1,adverse_pct,0.5,False,,,True,False
738,short,Short1,1,adverse_pct,1.0,False,,,True,False
738,short,Short1,1,adverse_pct,2.0,False,,,True,False
738,short,Short1,1,adverse_pct,3.0,False,,,True,False
738,short,Short1,1,favorable_pct,0.25,True,7.0,120.0,True,False
738,short,Short1,1,favorable_pct,0.5,True,16.0,255.0,True,False
738,short,Short1,1,favorable_pct,1.0,True,19.0,300.0,True,False
738,short,Short1,1,favorable_pct,2.0,False,,,True,False
738,short,Short1,1,favorable_pct,3.0,False,,,True,False
739,short,Short1,1,adverse_pct,0.25,False,,,True,False
739,short,Short1,1,adverse_pct,0.5,False,,,True,False
739,short,Short1,1,adverse_pct,1.0,False,,,True,False
739,short,Short1,1,adverse_pct,2.0,False,,,True,False
739,short,Short1,1,adverse_pct,3.0,False,,,True,False
739,short,Short1,1,favorable_pct,0.25,True,0.0,15.0,True,False
739,short,Short1,1,favorable_pct,0.5,True,0.0,15.0,True,False
739,short,Short1,1,favorable_pct,1.0,False,,,True,False
739,short,Short1,1,favorable_pct,2.0,False,,,True,False
739,short,Short1,1,favorable_pct,3.0,False,,,True,False
740,short,Short1,1,adverse_pct,0.25,True,3.0,60.0,False,True
740,short,Short1,1,adverse_pct,0.5,True,9.0,150.0,False,True
740,short,Short1,1,adverse_pct,1.0,True,10.0,165.0,False,True
740,short,Short1,1,adverse_pct,2.0,False,,,False,True
740,short,Short1,1,adverse_pct,3.0,False,,,False,True
740,short,Short1,1,favorable_pct,0.25,True,7.0,120.0,False,True
740,short,Short1,1,favorable_pct,0.5,False,,,False,True
740,short,Short1,1,favorable_pct,1.0,False,,,False,True
740,short,Short1,1,favorable_pct,2.0,False,,,False,True
740,short,Short1,1,favorable_pct,3.0,False,,,False,True
741,short,Short1,1,adverse_pct,0.25,False,,,True,False
741,short,Short1,1,adverse_pct,0.5,False,,,True,False
741,short,Short1,1,adverse_pct,1.0,False,,,True,False
741,short,Short1,1,adverse_pct,2.0,False,,,True,False
741,short,Short1,1,adverse_pct,3.0,False,,,True,False
741,short,Short1,1,favorable_pct,0.25,True,0.0,15.0,True,False
741,short,Short1,1,favorable_pct,0.5,True,2.0,45.0,True,False
741,short,Short1,1,favorable_pct,1.0,True,12.0,195.0,True,False
741,short,Short1,1,favorable_pct,2.0,True,22.0,345.0,True,False
741,short,Short1,1,favorable_pct,3.0,True,23.0,360.0,True,False
742,long,Long1,1,adverse_pct,0.25,False,,,True,False
742,long,Long1,1,adverse_pct,0.5,False,,,True,False
742,long,Long1,1,adverse_pct,1.0,False,,,True,False
742,long,Long1,1,adverse_pct,2.0,False,,,True,False
742,long,Long1,1,adverse_pct,3.0,False,,,True,False
742,long,Long1,1,favorable_pct,0.25,True,2.0,45.0,True,False
742,long,Long1,1,favorable_pct,0.5,True,3.0,60.0,True,False
742,long,Long1,1,favorable_pct,1.0,False,,,True,False
742,long,Long1,1,favorable_pct,2.0,False,,,True,False
742,long,Long1,1,favorable_pct,3.0,False,,,True,False
743,short,Short1,1,adverse_pct,0.25,False,,,True,False
743,short,Short1,1,adverse_pct,0.5,False,,,True,False
743,short,Short1,1,adverse_pct,1.0,False,,,True,False
743,short,Short1,1,adverse_pct,2.0,False,,,True,False
743,short,Short1,1,adverse_pct,3.0,False,,,True,False
743,short,Short1,1,favorable_pct,0.25,True,1.0,30.0,True,False
743,short,Short1,1,favorable_pct,0.5,True,3.0,60.0,True,False
743,short,Short1,1,favorable_pct,1.0,False,,,True,False
743,short,Short1,1,favorable_pct,2.0,False,,,True,False
743,short,Short1,1,favorable_pct,3.0,False,,,True,False
744,short,Short2,2,adverse_pct,0.25,False,,,True,False
744,short,Short2,2,adverse_pct,0.5,False,,,True,False
744,short,Short2,2,adverse_pct,1.0,False,,,True,False
744,short,Short2,2,adverse_pct,2.0,False,,,True,False
744,short,Short2,2,adverse_pct,3.0,False,,,True,False
744,short,Short2,2,favorable_pct,0.25,True,0.0,15.0,True,False
744,short,Short2,2,favorable_pct,0.5,True,1.0,30.0,True,False
744,short,Short2,2,favorable_pct,1.0,True,1.0,30.0,True,False
744,short,Short2,2,favorable_pct,2.0,False,,,True,False
744,short,Short2,2,favorable_pct,3.0,False,,,True,False
745,short,Short1,1,adverse_pct,0.25,True,4.0,75.0,True,False
745,short,Short1,1,adverse_pct,0.5,True,24.0,375.0,True,False
745,short,Short1,1,adverse_pct,1.0,True,25.0,390.0,True,False
745,short,Short1,1,adverse_pct,2.0,False,,,True,False
745,short,Short1,1,adverse_pct,3.0,False,,,True,False
745,short,Short1,1,favorable_pct,0.25,True,1.0,30.0,True,False
745,short,Short1,1,favorable_pct,0.5,True,18.0,285.0,True,False
745,short,Short1,1,favorable_pct,1.0,True,45.0,690.0,True,False
745,short,Short1,1,favorable_pct,2.0,False,,,True,False
745,short,Short1,1,favorable_pct,3.0,False,,,True,False
746,short,Short1,1,adverse_pct,0.25,True,10.0,165.0,True,False
746,short,Short1,1,adverse_pct,0.5,True,10.0,165.0,True,False
746,short,Short1,1,adverse_pct,1.0,False,,,True,False
746,short,Short1,1,adverse_pct,2.0,False,,,True,False
746,short,Short1,1,adverse_pct,3.0,False,,,True,False
746,short,Short1,1,favorable_pct,0.25,True,0.0,15.0,True,False
746,short,Short1,1,favorable_pct,0.5,True,0.0,15.0,True,False
746,short,Short1,1,favorable_pct,1.0,False,,,True,False
746,short,Short1,1,favorable_pct,2.0,False,,,True,False
746,short,Short1,1,favorable_pct,3.0,False,,,True,False
747,short,Short1,1,adverse_pct,0.25,False,,,True,False
747,short,Short1,1,adverse_pct,0.5,False,,,True,False
747,short,Short1,1,adverse_pct,1.0,False,,,True,False
747,short,Short1,1,adverse_pct,2.0,False,,,True,False
747,short,Short1,1,adverse_pct,3.0,False,,,True,False
747,short,Short1,1,favorable_pct,0.25,True,2.0,45.0,True,False
747,short,Short1,1,favorable_pct,0.5,True,2.0,45.0,True,False
747,short,Short1,1,favorable_pct,1.0,False,,,True,False
747,short,Short1,1,favorable_pct,2.0,False,,,True,False
747,short,Short1,1,favorable_pct,3.0,False,,,True,False
748,short,Short1,1,adverse_pct,0.25,True,5.0,90.0,True,False
748,short,Short1,1,adverse_pct,0.5,True,5.0,90.0,True,False
748,short,Short1,1,adverse_pct,1.0,False,,,True,False
748,short,Short1,1,adverse_pct,2.0,False,,,True,False
748,short,Short1,1,adverse_pct,3.0,False,,,True,False
748,short,Short1,1,favorable_pct,0.25,True,0.0,15.0,True,False
748,short,Short1,1,favorable_pct,0.5,True,2.0,45.0,True,False
748,short,Short1,1,favorable_pct,1.0,True,9.0,150.0,True,False
748,short,Short1,1,favorable_pct,2.0,True,76.0,1155.0,True,False
748,short,Short1,1,favorable_pct,3.0,True,110.0,1665.0,True,False
749,short,Short2,2,adverse_pct,0.25,True,5.0,90.0,True,False
749,short,Short2,2,adverse_pct,0.5,True,5.0,90.0,True,False
749,short,Short2,2,adverse_pct,1.0,False,,,True,False
749,short,Short2,2,adverse_pct,2.0,False,,,True,False
749,short,Short2,2,adverse_pct,3.0,False,,,True,False
749,short,Short2,2,favorable_pct,0.25,True,0.0,15.0,True,False
749,short,Short2,2,favorable_pct,0.5,True,2.0,45.0,True,False
749,short,Short2,2,favorable_pct,1.0,True,9.0,150.0,True,False
749,short,Short2,2,favorable_pct,2.0,True,76.0,1155.0,True,False
749,short,Short2,2,favorable_pct,3.0,True,110.0,1665.0,True,False
750,short,Short1,1,adverse_pct,0.25,True,7.0,120.0,False,True
750,short,Short1,1,adverse_pct,0.5,True,7.0,120.0,False,True
750,short,Short1,1,adverse_pct,1.0,True,7.0,120.0,False,True
750,short,Short1,1,adverse_pct,2.0,True,43.0,660.0,False,True
750,short,Short1,1,adverse_pct,3.0,False,,,False,True
750,short,Short1,1,favorable_pct,0.25,False,,,False,True
750,short,Short1,1,favorable_pct,0.5,False,,,False,True
750,short,Short1,1,favorable_pct,1.0,False,,,False,True
750,short,Short1,1,favorable_pct,2.0,False,,,False,True
750,short,Short1,1,favorable_pct,3.0,False,,,False,True
751,short,Short2,2,adverse_pct,0.25,True,4.0,75.0,True,False
751,short,Short2,2,adverse_pct,0.5,True,6.0,105.0,True,False
751,short,Short2,2,adverse_pct,1.0,False,,,True,False
751,short,Short2,2,adverse_pct,2.0,False,,,True,False
751,short,Short2,2,adverse_pct,3.0,False,,,True,False
751,short,Short2,2,favorable_pct,0.25,True,0.0,15.0,True,False
751,short,Short2,2,favorable_pct,0.5,True,0.0,15.0,True,False
751,short,Short2,2,favorable_pct,1.0,True,35.0,540.0,True,False
751,short,Short2,2,favorable_pct,2.0,True,78.0,1185.0,True,False
751,short,Short2,2,favorable_pct,3.0,False,,,True,False
752,short,Short1,1,adverse_pct,0.25,True,2.0,45.0,True,False
752,short,Short1,1,adverse_pct,0.5,False,,,True,False
752,short,Short1,1,adverse_pct,1.0,False,,,True,False
752,short,Short1,1,adverse_pct,2.0,False,,,True,False
752,short,Short1,1,adverse_pct,3.0,False,,,True,False
752,short,Short1,1,favorable_pct,0.25,True,0.0,15.0,True,False
752,short,Short1,1,favorable_pct,0.5,True,0.0,15.0,True,False
752,short,Short1,1,favorable_pct,1.0,True,16.0,255.0,True,False
752,short,Short1,1,favorable_pct,2.0,True,21.0,330.0,True,False
752,short,Short1,1,favorable_pct,3.0,True,56.0,855.0,True,False
753,long,Long1,1,adverse_pct,0.25,True,0.0,15.0,True,False
753,long,Long1,1,adverse_pct,0.5,True,7.0,120.0,True,False
753,long,Long1,1,adverse_pct,1.0,True,7.0,120.0,True,False
753,long,Long1,1,adverse_pct,2.0,False,,,True,False
753,long,Long1,1,adverse_pct,3.0,False,,,True,False
753,long,Long1,1,favorable_pct,0.25,True,7.0,120.0,True,False
753,long,Long1,1,favorable_pct,0.5,True,37.0,570.0,True,False
753,long,Long1,1,favorable_pct,1.0,False,,,True,False
753,long,Long1,1,favorable_pct,2.0,False,,,True,False
753,long,Long1,1,favorable_pct,3.0,False,,,True,False
754,short,Short1,1,adverse_pct,0.25,True,0.0,15.0,False,True
754,short,Short1,1,adverse_pct,0.5,True,0.0,15.0,False,True
754,short,Short1,1,adverse_pct,1.0,True,3.0,60.0,False,True
754,short,Short1,1,adverse_pct,2.0,False,,,False,True
754,short,Short1,1,adverse_pct,3.0,False,,,False,True
754,short,Short1,1,favorable_pct,0.25,False,,,False,True
754,short,Short1,1,favorable_pct,0.5,False,,,False,True
754,short,Short1,1,favorable_pct,1.0,False,,,False,True
754,short,Short1,1,favorable_pct,2.0,False,,,False,True
754,short,Short1,1,favorable_pct,3.0,False,,,False,True
