trade_id,side,entry_id,level_snapshot,trend_mode_at_entry,exit_reason,entry_time,exit_time,entry_price,exit_price,bars_held,hold_minutes,pnl_abs,pnl_pct,ended_profit,ended_loss,mfe_abs_trade,mae_abs_trade,mfe_pct_trade,mae_pct_trade,max_favorable_pct_path,max_adverse_pct_path,bar_of_max_favorable,bar_of_max_adverse,minutes_to_max_favorable,minutes_to_max_adverse,first_move,first_adverse_bar,first_favorable_bar,first_material_adverse_bar,first_material_favorable_bar,first_adverse_minutes,first_favorable_minutes,first_material_adverse_minutes,first_material_favorable_minutes,underwater_bars,underwater_minutes,underwater_ratio,max_consecutive_underwater_bars,max_consecutive_underwater_minutes,avg_underwater_close_pct
1,short,Short1,1,0,MFEProtect S1,2024-01-10 18:00:00,2024-01-10 20:45:00,46265.53,46127.03,11,165,5.269330759208362,0.3002577881125123,True,False,1465.5299999999988,-400.4700000000012,3.167649868055113,-0.865590429851341,3.1676498680551135,0.865590429851341,7,3,120,60,same_bar,0,0.0,1.0,7.0,15,15.0,30.0,120.0,6,90,0.5454545454545454,5,75,-0.24003111315631376
2,short,Short1,1,0,MFEProtect S1,2024-01-11 11:30:00,2024-01-11 20:00:00,46979.96,46953.35,34,510,0.4134189871945701,0.0566732725141072,True,False,1373.9000000000017,-1989.520000000004,2.924438420126372,-4.234826934718557,2.924438420126372,4.234826934718557,22,12,345,195,same_bar,0,0.0,3.0,16.0,15,15.0,60.0,255.0,16,240,0.47058823529411764,16,240,-1.1678383719356102
3,long,Long1,1,0,Breakout Flip Down,2024-01-12 14:45:00,2024-01-12 22:30:00,45442.05,42299.98,31,465,-139.01835579494812,-6.914454783620005,False,True,17.2300000000032,-3942.049999999996,0.0379164232247515,-8.674894728560872,0.03791642322473551,8.674894728560888,0,29,15,450,same_bar,0,0.0,0.0,,15,15.0,15.0,,31,465,1.0,31,465,-3.928864948200072
4,long,Long2,2,0,Breakout Flip Down,2024-01-12 20:15:00,2024-01-12 22:30:00,43826.03,42299.98,9,135,-139.72105465189065,-3.482063057046225,False,True,155.0699999999997,-2326.029999999999,0.3538308169825095,-5.307416619757708,0.3538308169825095,5.307416619757708,0,7,15,120,same_bar,0,0.0,3.0,,15,15.0,60.0,,8,120,0.8888888888888888,8,120,-1.7202276820419236
5,short,TrendShort,0,-1,Breakout Stop,2024-01-12 22:30:00,2024-01-13 22:00:00,42299.98,42970.02,94,1410,-157.57555674162032,-1.5593197303608308,False,True,99.9800000000032,-957.0199999999968,0.2363594498153502,-2.2624596985624974,0.23635944981535026,2.2624596985624974,0,67,15,1020,same_bar,0,0.0,0.0,,15,15.0,15.0,,94,1410,1.0,94,1410,-1.3192461345462252
6,long,Long1,1,0,MFEProtect L1,2024-01-14 04:45:00,2024-01-14 19:45:00,42580.04,42659.97,60,900,1.450115313034633,0.1877170617970325,True,False,498.9599999999991,-3.779999999998836,1.171816654000323,-0.0088773988939391,1.171816654000323,0.008877398893939122,19,0,300,15,same_bar,0,0.0,,3.0,15,15.0,,60.0,0,0,0.0,0,0,0.0
7,long,Long1,1,0,Exit L1,2024-01-15 00:00:00,2024-01-16 14:30:00,42045.33,42171.4059,154,2310,2.522335617083272,0.2998570828198987,True,False,1355.0999999999983,-16.650000000001455,3.2229500874413364,-0.0396001173019725,3.2229500874413364,0.03960011730197255,73,0,1110,15,same_bar,0,0.0,,1.0,15,15.0,,30.0,0,0,0.0,0,0,0.0
8,long,Long2,2,0,Exit L2,2024-01-15 00:00:00,2024-01-16 14:30:00,42045.33,42171.4059,154,2310,10.088978531854202,0.2998570828198987,True,False,1355.0999999999983,-16.650000000001455,3.2229500874413364,-0.0396001173019725,3.2229500874413364,0.03960011730197255,73,0,1110,15,same_bar,0,0.0,,1.0,15,15.0,,30.0,0,0,0.0,0,0,0.0
9,long,Long1,1,0,NoProgress L1,2024-01-18 18:30:00,2024-01-19 18:30:00,41554.98,41415.46,96,1440,-3.5580615880692466,-0.3357479657071116,False,True,46.54000000000087,-1274.979999999996,0.1119962035837843,-3.0681761849000915,0.11199620358376686,3.068176184900109,2,89,45,1350,same_bar,0,0.0,1.0,,15,15.0,30.0,,96,1440,1.0,96,1440,-0.8893646742219667
10,long,Long2,2,0,Exit L2,2024-01-19 17:00:00,2024-01-22 09:45:00,40535.01,40656.55494,259,3885,10.075471314122648,0.2998517577768034,True,False,1661.8499999999983,-10.75,4.099789293255382,-0.0265202845638868,4.099789293255382,0.02652028456388687,11,0,180,15,same_bar,0,0.0,,0.0,15,15.0,,15.0,0,0,0.0,0,0,0.0
11,long,Long1,1,0,MFEProtect L1,2024-01-22 10:00:00,2024-01-22 13:30:00,40792.13,40879.56,14,210,3.4150060150940083,0.2143305583699684,True,False,451.9300000000003,-427.5,1.107885271006933,-1.0479962679075596,1.107885271006933,1.0479962679075596,11,0,180,15,same_bar,0,0.0,0.0,11.0,15,15.0,15.0,180.0,6,90,0.42857142857142855,3,45,-0.35299292616818484
12,long,Long1,1,0,MFEProtect L1,2024-01-22 19:45:00,2024-01-22 21:30:00,39820.34,39929.19,7,105,2.2733243466699933,0.2733527639392497,True,False,522.8400000000038,-69.19999999999709,1.31299732749646,-0.1737805352741767,1.31299732749646,0.1737805352741767,1,0,30,15,same_bar,0,0.0,,0.0,15,15.0,,15.0,0,0,0.0,0,0,0.0
13,long,Long1,1,0,MFEProtect L1,2024-01-23 07:45:00,2024-01-24 01:30:00,39780.03,39875.73,71,1065,1.959742251250012,0.240572970910291,True,False,469.9700000000012,-1225.0299999999988,1.1814219345737074,-3.0795099953418807,1.1814219345737074,3.0795099953418807,67,25,1020,390,same_bar,0,0.0,1.0,66.0,15,15.0,30.0,1005.0,62,930,0.8732394366197183,61,915,-1.5527883649644152
14,long,Long2,2,0,TP L2,2024-01-23 19:00:00,2024-01-26 14:45:00,39156.21,41587.97,271,4065,236.2301295520036,6.21040698269828,True,False,2431.790000000001,-124.19000000000231,6.210483598897853,-0.3171655275114786,6.210483598897853,0.3171655275114786,270,6,4065,105,same_bar,0,0.0,,6.0,15,15.0,,105.0,2,30,0.007380073800738007,1,15,-0.044999247884303095
15,short,Short1,1,0,MFEProtect S1,2024-01-26 17:45:00,2024-01-27 10:00:00,41915.130000000005,41799.03,65,975,2.3675284040934663,0.2777576417443361,True,False,520.7900000000081,-331.68999999999505,1.2424869015078996,-0.7913371615452345,1.2424869015078996,0.7913371615452345,60,8,915,135,same_bar,0,0.0,0.0,51.0,15,15.0,15.0,780.0,16,240,0.24615384615384617,16,240,-0.2810455914129206
16,short,Short2,2,0,MFEProtect S2,2024-01-26 22:00:00,2024-01-27 10:00:00,41838.9,41799.03,48,720,2.3308027884659994,0.0953849885990232,True,False,444.56000000000495,-154.80999999999767,1.0625518357318309,-0.3700145080296032,1.0625518357318307,0.37001450802960323,43,2,660,45,same_bar,0,0.0,,36.0,15,15.0,,555.0,15,225,0.3125,6,90,-0.06403291354855216
17,short,Short2,2,0,MFEProtect S2,2024-01-28 05:15:00,2024-01-28 08:30:00,42668.87,42597.46,13,195,5.154236381852649,0.167639103364392,True,False,375.2099999999991,-5.419999999998254,0.8793530271600797,-0.0127024690365558,0.8793530271600797,0.012702469036555815,5,0,90,15,same_bar,0,0.0,,1.0,15,15.0,,30.0,0,0,0.0,0,0,0.0
18,short,Short1,1,0,Exit S1,2024-01-27 19:45:00,2024-01-28 20:00:00,41910.44,41785.94,97,1455,2.5654924854040324,0.2979471085250207,True,False,219.34000000000376,-932.239999999998,0.5233540855214208,-2.224362235280751,0.5233540855214208,2.224362235280751,96,37,1455,570,adverse,0,92.0,6.0,96.0,15,1395.0,105.0,1455.0,94,1410,0.9690721649484536,94,1410,-0.9056784652874829
19,short,Short1,1,0,MFEProtect S1,2024-01-29 02:30:00,2024-01-29 15:45:00,42252.11,42641.78,53,795,-18.843931937805262,-0.9138220777837992,False,True,447.2300000000032,-395.1599999999962,1.0584796830264884,-0.9352432340065294,1.0584796830264884,0.9352432340065294,48,52,735,795,same_bar,0,0.0,2.0,20.0,15,15.0,45.0,315.0,14,210,0.2641509433962264,5,75,-0.24714234896873982
20,short,Short1,1,0,NoProgress S1,2024-01-29 19:15:00,2024-01-30 19:15:00,43031.77,43431.93,96,1440,-9.478468696623708,-0.9213497995599008,False,True,53.4800000000032,-850.5899999999965,0.1242802701353051,-1.9766558521761863,0.12428027013528825,1.9766558521762032,1,67,30,1020,same_bar,0,0.0,8.0,,15,15.0,135.0,,94,1410,0.9791666666666666,92,1380,-0.7750016206482324
21,short,Short1,1,0,MFEProtect S1,2024-01-30 20:30:00,2024-01-31 17:30:00,43685.71,43556.69,84,1260,2.542461408696382,0.2962116726500596,True,False,1330.7099999999991,-8.440000000002328,3.046099056190226,-0.0193198187691177,3.046099056190226,0.0193198187691177,57,3,870,60,same_bar,0,0.0,,7.0,15,15.0,,120.0,0,0,0.0,0,0,0.0
22,long,Long1,1,0,TP L1,2024-02-01 01:30:00,2024-02-07 20:00:00,42056.42,43837.7,650,9750,82.29525431230711,4.2354532316350335,True,False,1817.050000000003,-166.47000000000116,4.320505644560338,-0.3958254173797987,4.320505644560338,0.39582541737979876,649,11,9750,180,same_bar,0,0.0,,23.0,15,15.0,,360.0,7,105,0.010769230769230769,3,45,-0.07980436076787825
23,short,Short1,1,0,NoProgress S1,2024-02-08 00:00:00,2024-02-09 00:00:00,44343.97,45338.1,96,1440,-22.52113104238844,-2.192703267229989,False,True,0.0,-1270.3300000000015,0.0,-2.8647186979424752,0.0,2.8647186979424752,0,80,15,1215,adverse,0,,0.0,,15,,15.0,,96,1440,1.0,96,1440,-1.27517948513255
24,short,Short2,2,0,OutsideStop Short2,2024-02-08 14:15:00,2024-02-09 08:30:00,45045.19,46435.98,73,1095,-123.32988728853051,-2.9950697713281627,False,True,177.1800000000003,-1439.7999999999956,0.393338334237241,-3.1963457141594818,0.393338334237241,3.1963457141594818,0,71,15,1080,same_bar,0,0.0,3.0,,15,15.0,60.0,,69,1035,0.9452054794520548,59,885,-1.302868763890053
25,short,Short3,3,0,OutsideStop Short3,2024-02-09 03:15:00,2024-02-09 08:30:00,46061.2,46435.98,21,315,-33.21649847914288,-0.8070896748598622,False,True,206.2000000000044,-423.7899999999936,0.4476652801056081,-0.9200585308241938,0.4476652801055923,0.9200585308242097,3,19,60,300,same_bar,0,0.0,14.0,,15,15.0,225.0,,15,225,0.7142857142857143,14,210,-0.405039382386921
26,short,Short1,1,0,OutsideStop Short1,2024-02-09 12:15:00,2024-02-09 13:00:00,47259.97,47386.05,3,45,-2.938262194181936,-0.2660698665535421,False,True,82.93000000000029,-248.02999999999884,0.1754762011063491,-0.5248204770337325,0.17547620110634918,0.5248204770337325,0,0,15,15,same_bar,0,0.0,0.0,,15,15.0,15.0,,3,45,1.0,3,45,-0.2759135620836443
27,long,TrendLong,0,1,MFEProtect TrendLong,2024-02-09 13:45:00,2024-02-09 18:45:00,47465.99,47601.97,20,300,24.28127881356683,0.2864788030334964,True,False,734.010000000002,-813.989999999998,1.5463914267879002,-1.7148910198649558,1.5463914267879002,1.7148910198649558,17,1,270,30,same_bar,0,0.0,1.0,0.0,15,15.0,30.0,15.0,12,180,0.6,12,180,-0.583709163831477
28,short,Short1,1,0,NoProgress S1,2024-02-10 19:45:00,2024-02-11 19:45:00,47531.06,48284.03,96,1440,-15.7514581450195,-1.5594597219826145,False,True,76.68999999999505,-1061.6000000000058,0.161347127541433,-2.2334869030903284,0.16134712754143302,2.2334869030903284,0,32,15,495,same_bar,0,0.0,2.0,,15,15.0,45.0,,95,1425,0.9895833333333334,95,1425,-1.1696378392526847
29,short,Short2,2,0,NoProgress S2,2024-02-10 23:00:00,2024-02-11 23:00:00,47818.77,48047.86,96,1440,-20.01751027020464,-0.4767954285580966,False,True,261.6100000000006,-773.8899999999994,0.5470864265224734,-1.618381233979877,0.5470864265224582,1.6183812339798926,8,19,135,300,same_bar,0,0.0,16.0,8.0,15,15.0,255.0,135.0,82,1230,0.8541666666666666,81,1215,-0.7902443370066248
30,short,Short1,1,0,MFEProtect S1,2024-02-12 00:30:00,2024-02-12 14:30:00,48645.97,48556.32,56,840,1.4362741117646012,0.1846309605011198,True,False,935.9599999999992,-14.0199999999968,1.92402371666142,-0.0288204757763013,1.9240237166614196,0.0288204757763013,37,0,570,15,same_bar,0,0.0,,1.0,15,15.0,,30.0,0,0,0.0,0,0,0.0
31,short,Short1,1,0,MFEProtect S1,2024-02-12 17:30:00,2024-02-12 20:00:00,49884.11,49862.07,10,150,0.0793784061241874,0.0442019354591538,True,False,384.1100000000006,-159.88999999999942,0.7700047169329083,-0.3205229079961523,0.7700047169329083,0.3205229079961523,8,0,135,15,same_bar,0,0.0,,8.0,15,15.0,,135.0,1,15,0.1,1,15,-0.14760211217559327
32,short,Short2,2,0,MFEProtect S2,2024-02-12 17:30:00,2024-02-12 20:00:00,49884.11,49862.07,10,150,0.3175021749180775,0.0442019354591538,True,False,384.1100000000006,-159.88999999999942,0.7700047169329083,-0.3205229079961523,0.7700047169329083,0.3205229079961523,8,0,135,15,same_bar,0,0.0,,8.0,15,15.0,,135.0,1,15,0.1,1,15,-0.14760211217559327
33,short,Short1,1,0,MFEProtect S1,2024-02-13 21:30:00,2024-02-14 05:15:00,49618.09,49491.26,31,465,4.2538914583059695,0.2562674702563772,True,False,393.08000000000175,-156.90999999999622,0.7922110665686682,-0.3162354697651526,0.7922110665686537,0.3162354697651673,27,8,420,135,same_bar,0,0.0,,2.0,15,15.0,,45.0,1,15,0.03225806451612903,1,15,-0.16425460955873383
34,short,Short1,1,0,MFEProtect S1,2024-02-14 10:00:00,2024-02-14 11:15:00,51491.06,51396.05,5,75,1.4389604455502027,0.1848585640336297,True,False,506.2599999999948,-68.94000000000233,0.9831998020627168,-0.1338873194686657,0.9831998020627168,0.1338873194686657,3,0,60,15,same_bar,0,0.0,,3.0,15,15.0,,60.0,0,0,0.0,0,0,0.0
35,short,Short1,1,0,MFEProtect S1,2024-02-14 14:15:00,2024-02-14 15:15:00,51669.44,51844.01,4,60,-3.6222252261005754,-0.3367216386232496,False,True,393.2000000000044,-374.2699999999968,0.760991410009484,-0.7243546668978739,0.760991410009484,0.7243546668978739,3,0,60,15,adverse,0,2.0,0.0,3.0,15,45.0,15.0,60.0,3,45,0.75,2,30,-0.32391164551683155
36,short,Short1,1,0,MFEProtect S1,2024-02-15 00:45:00,2024-02-15 02:30:00,52321.17,52178.61,7,105,2.290371192674191,0.2732154037832668,True,False,603.5899999999965,-29.93000000000029,1.153624813818186,-0.0572043782660064,1.153624813818186,0.05720437826600646,2,0,45,15,same_bar,0,0.0,,0.0,15,15.0,,15.0,0,0,0.0,0,0,0.0
37,short,Short1,1,0,MFEProtect S1,2024-02-15 10:45:00,2024-02-15 16:15:00,52286.67,52271.04,22,330,-0.0590342936091473,0.0299018347444279,False,True,565.3600000000006,-529.9500000000044,1.0812698532914806,-1.0135470474597148,1.0812698532914806,1.0135470474597148,18,15,285,240,same_bar,0,0.0,14.0,18.0,15,15.0,225.0,285.0,9,135,0.4090909090909091,4,60,-0.26498999543181045
38,short,Short2,2,0,MFEProtect S2,2024-02-15 10:45:00,2024-02-15 16:15:00,52286.67,52271.04,22,330,-0.2361286599545879,0.0299018347444279,False,True,565.3600000000006,-529.9500000000044,1.0812698532914806,-1.0135470474597148,1.0812698532914806,1.0135470474597148,18,15,285,240,same_bar,0,0.0,14.0,18.0,15,15.0,225.0,285.0,9,135,0.4090909090909091,4,60,-0.26498999543181045
39,short,Short1,1,0,MFEProtect S1,2024-02-16 03:45:00,2024-02-16 10:45:00,52280.22,52300.03,28,420,-0.7155186520604153,-0.0378776073359787,False,True,714.2200000000012,-63.05999999999767,1.3661380919973198,-0.1206192322832567,1.3661380919973198,0.12061923228325677,20,0,315,15,same_bar,0,0.0,,7.0,15,15.0,,120.0,1,15,0.03571428571428571,1,15,-0.03783457682464686
40,long,Long1,1,0,TP L1,2024-02-17 14:45:00,2024-02-20 13:30:00,50841.12,52874.64,283,4245,76.71412398462405,3.999754529404553,True,False,2143.8800000000047,-198.2699999999968,4.21682291814186,-0.3899796070582175,4.216822918141845,0.38997960705823176,282,0,4245,15,same_bar,0,0.0,,2.0,15,15.0,,45.0,3,45,0.01060070671378092,2,30,-0.07806673023726211
41,long,Long1,1,0,MFEProtect L1,2024-02-21 15:00:00,2024-02-21 17:30:00,50949.11,50945.97,10,150,-0.8226823632549051,-0.0061630124647882,False,True,478.3199999999997,-29.110000000000586,0.9388191471843172,-0.0571354435828232,0.9388191471843172,0.05713544358282329,7,9,120,150,same_bar,0,0.0,,0.0,15,15.0,,15.0,1,15,0.1,1,15,-0.0061041301800957015
42,short,Short1,1,0,OutsideStop Short1,2024-02-26 16:15:00,2024-02-26 20:00:00,53256.59,54547.61,15,225,-24.007158477233368,-2.3667764728830365,False,True,166.50000000000728,-1653.4099999999962,0.3126373656293189,-3.104611091322212,0.3126373656293052,3.1046110913222265,0,14,15,225,same_bar,0,0.0,6.0,,15,15.0,105.0,,14,210,0.9333333333333333,11,165,-0.9595754119014112
43,short,Short1,1,0,OutsideStop Short1,2024-02-26 23:00:00,2024-02-27 01:30:00,54554.53,55100.04,10,150,-10.083765558196651,-0.9900355789215444,False,True,115.11000000000058,-725.3600000000006,0.2109998931344484,-1.3296054424811294,0.2109998931344484,1.3296054424811294,2,9,45,150,same_bar,0,0.0,9.0,,15,15.0,150.0,,6,90,0.6,4,60,-0.28680783551186345
44,long,TrendLong,0,1,Reverse to RevShort,2024-02-27 02:00:00,2024-02-27 02:15:00,56355.16,56356.77,1,15,-3.221666652349637,0.0028568812509899,False,True,212.83000000000172,-176.7199999999939,0.3776584078547585,-0.3135826426541844,0.37765840785474564,0.31358264265419733,0,0,15,15,same_bar,0,0.0,,,15,15.0,,,0,0,0.0,0,0,0.0
45,short,RevShort,0,-2,Reverse Stop,2024-02-27 02:15:00,2024-02-28 12:15:00,56356.77,59176.49,136,2040,-489.844567419611,-4.76493283058862,False,True,839.3300000000017,-3137.2899999999936,1.4893153032013753,-5.566837843971529,1.4893153032013626,5.566837843971542,5,132,90,1995,same_bar,0,0.0,28.0,0.0,15,15.0,435.0,15.0,115,1725,0.8455882352941176,109,1635,-1.5967019617588374
46,long,TrendLong,0,1,Reverse to RevShort,2024-02-28 15:15:00,2024-02-28 16:30:00,61117.85,61674.98,5,75,80.69790221949755,0.9115667517754612,True,False,675.6800000000003,-322.8600000000006,1.1055362713184451,-0.5282581111737416,1.1055362713184451,0.5282581111737416,4,0,75,15,same_bar,0,0.0,0.0,3.0,15,15.0,15.0,60.0,3,45,0.6,3,45,-0.2514431817654983
47,short,RevShort,0,-2,MFEProtect RevShort,2024-02-28 16:30:00,2024-03-01 04:45:00,61674.98,61524.12,145,2175,19.410167407966583,0.2452046449425093,True,False,2974.980000000003,-2325.019999999997,4.823641612855007,-3.7697944936504175,4.823641612855007,3.7697944936504184,3,2,60,45,same_bar,0,0.0,0.0,2.0,15,15.0,15.0,45.0,67,1005,0.46206896551724136,53,795,-1.4088884046513528
48,short,Short1,1,0,MFEProtect S1,2024-03-01 09:30:00,2024-03-01 14:30:00,62057.94,61889.59,20,300,2.192186340071483,0.2720166671002388,True,False,532.2799999999988,-619.1199999999953,0.8577145809222783,-0.9976483267088714,0.8577145809222783,0.9976483267088714,19,14,300,225,same_bar,0,0.0,11.0,19.0,15,15.0,180.0,300.0,12,180,0.6,9,135,-0.4196306978070237
49,short,Short2,2,0,MFEProtect S2,2024-03-01 09:30:00,2024-03-01 14:30:00,62057.94,61889.59,20,300,8.768429261707778,0.2720166671002388,True,False,532.2799999999988,-619.1199999999953,0.8577145809222783,-0.9976483267088714,0.8577145809222783,0.9976483267088714,19,14,300,225,same_bar,0,0.0,11.0,19.0,15,15.0,180.0,300.0,12,180,0.6,9,135,-0.4196306978070237
50,short,Short1,1,0,Exit S1,2024-03-01 21:00:00,2024-03-03 12:15:00,62721.73,62533.62472,157,2355,2.4613403006654924,0.300806615388538,True,False,1401.7300000000032,-147.64999999999418,2.234839504586374,-0.2354048588902031,2.234839504586374,0.2354048588902031,137,0,2070,15,same_bar,0,0.0,,4.0,15,15.0,,75.0,1,15,0.006369426751592357,1,15,-0.06675517400427378
51,short,Short1,1,0,MFEProtect S1,2024-03-03 22:30:00,2024-03-04 00:45:00,63072.09,63459.33,9,135,-12.125881215509365,-0.6102175992088177,False,True,772.0900000000038,-1196.1499999999942,1.224138917863676,-1.8964806779036405,1.2241389178636646,1.896480677903652,8,7,135,120,same_bar,0,0.0,6.0,0.0,15,15.0,105.0,15.0,5,75,0.5555555555555556,5,75,-0.7589759590969747
52,short,Short2,2,0,MFEProtect S2,2024-03-04 11:00:00,2024-03-04 14:00:00,65035.56,65224.93,12,180,-12.171989978665056,-0.2903337726847699,False,True,501.8899999999994,-610.5500000000029,0.7717162733741347,-0.9387940997202192,0.7717162733741347,0.9387940997202191,11,9,180,150,same_bar,0,0.0,7.0,11.0,15,15.0,120.0,180.0,8,120,0.6666666666666666,6,90,-0.3154408911063472
53,short,Short1,1,0,OutsideStop Short1,2024-03-04 07:45:00,2024-03-04 15:00:00,64066.59,66303.2,29,435,-32.85630721049017,-3.3733062657609225,False,True,66.4800000000032,-2315.5999999999985,0.1037670336442179,-3.614364366825203,0.10376703364420664,3.6143643668252143,0,27,15,420,same_bar,0,0.0,0.0,,15,15.0,15.0,,29,435,1.0,29,435,-1.8330275981007769
54,short,Short1,1,0,MFEProtect S1,2024-03-04 18:00:00,2024-03-04 18:45:00,66691.06,66617.6,3,45,0.6873973755993248,0.1102711595734273,True,False,591.0599999999977,-193.24000000000524,0.8862657153747409,-0.2897539790190848,0.8862657153747409,0.2897539790190848,1,0,30,15,same_bar,0,0.0,,0.0,15,15.0,,15.0,0,0,0.0,0,0,0.0
55,long,TrendLong,0,1,MFEProtect TrendLong,2024-03-04 22:45:00,2024-03-05 00:45:00,67929.14,68033.98,8,120,10.95975817016264,0.1543372991325897,True,False,569.8600000000006,-480.2200000000012,0.8389035986617829,-0.7069425580833221,0.8389035986617829,0.7069425580833221,0,2,15,45,same_bar,0,0.0,2.0,0.0,15,15.0,45.0,15.0,2,30,0.25,2,30,-0.10328409869460597
56,long,TrendLong,0,1,Breakout Stop,2024-03-05 03:45:00,2024-03-05 09:45:00,68113.97,66407.86,24,360,-235.53454210421947,-2.504787197105085,False,True,270.56999999999243,-3024.970000000001,0.3972312875023911,-4.441041977145072,0.3972312875023911,4.441041977145072,0,4,15,75,same_bar,0,0.0,1.0,,15,15.0,30.0,,24,360,1.0,24,360,-1.7767372097089609
57,short,Short1,1,0,MFEProtect S1,2024-03-05 13:15:00,2024-03-05 15:00:00,67649.79000000001,68317.17,7,105,-9.241234460819737,-0.9768847275143157,False,True,549.7900000000081,-1350.209999999992,0.8127002315897922,-1.9958820271282316,0.8127002315897922,1.9958820271282314,6,6,105,105,same_bar,0,0.0,4.0,3.0,15,15.0,75.0,60.0,5,75,0.7142857142857143,3,45,-0.8072988844458973
58,short,Short1,1,0,MFEProtect S1,2024-03-06 06:00:00,2024-03-06 07:00:00,66305.11,66174.44,4,60,1.4543287573032009,0.1974629479297496,True,False,805.1100000000006,-50.52999999999884,1.2142503043883053,-0.0762083043071625,1.2142503043883053,0.07620830430716251,3,0,60,15,same_bar,0,0.0,,0.0,15,15.0,,15.0,0,0,0.0,0,0,0.0
59,short,Short1,1,0,MFEProtect S1,2024-03-06 11:30:00,2024-03-06 14:00:00,67046.73,66853.72,10,150,2.274377322919795,0.2887049516466566,True,False,2381.8099999999977,-545.5800000000017,3.55246258840662,-0.8137309604808494,3.55246258840662,0.8137309604808494,4,1,75,30,same_bar,0,0.0,1.0,3.0,15,15.0,30.0,60.0,2,30,0.2,2,30,-0.25195859663850184
60,short,Short1,1,0,MFEProtect S1,2024-03-07 14:30:00,2024-03-07 14:45:00,67195.99,67025.01,1,15,3.946009372589847,0.2550988056547965,True,False,654.8899999999994,-9.14999999999418,0.9745968472225788,-0.0136168839836933,0.9745968472225789,0.013616883983693342,0,0,15,15,same_bar,0,0.0,,0.0,15,15.0,,15.0,0,0,0.0,0,0,0.0
61,short,Short1,1,0,MFEProtect S1,2024-03-07 17:45:00,2024-03-07 22:00:00,67592.89,67430.02,17,255,3.70365264405414,0.2415393025243073,True,False,531.7899999999936,-321.8500000000058,0.786754346500044,-0.4761595487336106,0.786754346500044,0.4761595487336106,12,11,195,180,same_bar,0,0.0,,5.0,15,15.0,,90.0,6,90,0.35294117647058826,3,45,-0.14349142343225893
62,short,Short1,1,0,MFEProtect S1,2024-03-08 14:00:00,2024-03-08 15:30:00,67752.74,68224.02,6,90,-13.223461800591362,-0.6907830995593667,False,True,602.7400000000052,-2237.2599999999948,0.8896171579186395,-3.3020952362959703,0.8896171579186395,3.3020952362959703,5,5,90,90,same_bar,0,0.0,1.0,5.0,15,15.0,30.0,90.0,6,90,1.0,6,90,-1.1538180350098421
63,short,Short1,1,0,Exit S1,2024-03-08 20:15:00,2024-03-10 01:00:00,69008.38,68801.41477,115,1725,2.381612963647628,0.3008153694104676,True,False,1200.800000000003,-233.61999999999531,1.7400785237966792,-0.3385385948778907,1.7400785237966792,0.3385385948778907,5,1,90,30,same_bar,0,0.0,,3.0,15,15.0,,60.0,2,30,0.017391304347826087,2,30,-0.09038757321937485
64,short,Short1,1,0,MFEProtect S1,2024-03-10 01:15:00,2024-03-10 23:15:00,68887.97,68766.36,88,1320,2.537091578266673,0.1768451900027834,True,False,793.2200000000012,-999.6399999999994,1.1514637461373898,-1.451109678511356,1.1514637461373898,1.451109678511356,85,35,1290,540,same_bar,0,0.0,10.0,84.0,15,15.0,165.0,1275.0,81,1215,0.9204545454545454,77,1155,-0.7170810703125542
65,short,Short3,3,0,MFEProtect S3,2024-03-11 15:15:00,2024-03-11 16:00:00,72421.07,72316.95999999999,3,45,3.863997545069393,0.1439634630659547,True,False,625.7800000000134,-240.02999999999884,0.8640855485841528,-0.3314366937688145,0.8640855485841528,0.33143669376881457,2,0,45,15,same_bar,0,0.0,,1.0,15,15.0,,30.0,0,0,0.0,0,0,0.0
66,short,Short1,1,0,NoProgress S1,2024-03-11 08:30:00,2024-03-12 08:30:00,71208.08,71681.13,96,1440,-6.322190243577715,-0.6599365830309956,False,True,126.0,-1591.9199999999985,0.1769462117220405,-2.2355889949567493,0.17694621172204053,2.2355889949567493,0,42,15,645,same_bar,0,0.0,2.0,,15,15.0,45.0,,95,1425,0.9895833333333334,95,1425,-1.2214490561360867
67,short,Short2,2,0,NoProgress S2,2024-03-11 11:45:00,2024-03-12 11:45:00,71487.17,72023.85,96,1440,-28.397143848579752,-0.7451420605813275,False,True,186.16999999999825,-1312.8300000000015,0.2604243530692266,-1.836455408711804,0.2604243530692266,1.8364554087118037,64,29,975,450,same_bar,0,0.0,1.0,,15,15.0,30.0,,96,1440,1.0,96,1440,-0.8741628334613564
68,short,Short1,1,0,NoProgress S1,2024-03-13 02:00:00,2024-03-14 02:00:00,71967.99,72888.04,96,1440,-23.64334342077356,-1.2622784204376902,False,True,333.4700000000012,-1682.2599999999948,0.4633587793684403,-2.337511440850293,0.4633587793684403,2.337511440850293,46,24,705,375,same_bar,0,0.0,16.0,,15,15.0,255.0,,94,1410,0.9791666666666666,94,1410,-1.2095226626951303
69,short,Short1,1,0,TP S1,2024-03-14 06:30:00,2024-03-14 16:00:00,73512.57,70500.02,38,570,36.4348973523635,4.273119355143451,True,False,3221.060000000012,-264.429999999993,4.381645207071406,-0.3597071902124942,4.381645207071406,0.35970719021249425,37,1,570,30,same_bar,0,0.0,,4.0,15,15.0,,75.0,2,30,0.05263157894736842,1,15,-0.04797138775042287
70,long,Long1,1,0,MFEProtect L1,2024-03-14 19:45:00,2024-03-15 02:45:00,69415.12,69035.35,28,420,-5.24760788242819,-0.5470998249372583,False,True,3004.590000000011,-1415.1199999999951,4.32843737790846,-2.038633657911987,4.32843737790846,2.038633657911987,18,27,285,420,same_bar,0,0.0,27.0,0.0,15,15.0,420.0,15.0,1,15,0.03571428571428571,1,15,-0.5470566066874016
71,long,Long1,1,0,MFEProtect L1,2024-03-15 05:45:00,2024-03-15 08:30:00,67441.13,67541.04000000001,11,165,1.0084766518789805,0.1481440183460858,True,False,1419.9700000000012,-14.84000000001106,2.105495563315741,-0.0220043762612089,2.105495563315741,0.022004376261208936,7,0,120,15,same_bar,0,0.0,,0.0,15,15.0,,15.0,0,0,0.0,0,0,0.0
72,long,Long1,1,0,OutsideStop Long1,2024-03-16 11:30:00,2024-03-16 23:30:00,68310.39,65591.97,48,720,-36.11730116937733,-3.979511755093179,False,True,188.7100000000064,-3530.3899999999994,0.2762537294839136,-5.168159631353297,0.27625372948391363,5.168159631353297,16,46,255,705,same_bar,0,0.0,3.0,,15,15.0,60.0,,47,705,0.9791666666666666,31,465,-1.3751482738367762
73,long,Long2,2,0,OutsideStop Long2,2024-03-16 19:00:00,2024-03-16 23:30:00,67512.78,65591.97,18,270,-103.53115872777954,-2.84510577108511,False,True,148.32000000000698,-2732.779999999999,0.2196917383642133,-4.047796580143787,0.21969173836421338,4.047796580143787,1,16,30,255,same_bar,0,0.0,2.0,,15,15.0,45.0,,17,255,0.9444444444444444,17,255,-1.474688112645441
74,long,Long3,3,0,OutsideStop Long3,2024-03-16 22:15:00,2024-03-16 23:30:00,66504.19,65591.97,5,75,-50.19994747468282,-1.3716729727856314,False,True,282.25,-1724.1900000000023,0.4244093492455136,-2.5926035637754588,0.42440934924551366,2.5926035637754588,0,3,15,60,same_bar,0,0.0,2.0,,15,15.0,45.0,,4,60,0.8,4,60,-1.2682095669460853
75,long,Long1,1,0,Exit L1,2024-03-17 07:00:00,2024-03-19 03:30:00,65168.0,65363.44391,178,2670,2.3227323765240606,0.2999077921679305,True,False,3788.0,-635.0,5.812668794500368,-0.9744046157623374,5.812668794500368,0.9744046157623374,89,0,1350,15,same_bar,0,0.0,0.0,1.0,15,15.0,15.0,30.0,0,0,0.0,0,0,0.0
76,long,Long1,1,0,OutsideStop Long1,2024-03-19 03:45:00,2024-03-19 10:45:00,65876.04,63255.98,28,420,-35.331793700678126,-3.977257892247299,False,True,100.06000000001222,-3144.0399999999936,0.151891340159506,-4.772660894613571,0.151891340159506,4.772660894613571,0,27,15,420,same_bar,0,0.0,0.0,,15,15.0,15.0,,28,420,1.0,28,420,-2.2756084219478097
77,long,Long2,2,0,OutsideStop Long2,2024-03-19 06:45:00,2024-03-19 10:45:00,64928.02,63255.98,16,240,-91.81885523538396,-2.5752209908757373,False,True,0.0,-2196.019999999997,0.0,-3.382237745737505,0.0,3.3822377457375055,0,15,15,240,adverse,0,,0.0,,15,,15.0,,16,240,1.0,16,240,-1.7503845027154614
78,long,Long1,1,0,OutsideStop Long1,2024-03-19 23:30:00,2024-03-20 00:15:00,62054.22,62773.19,3,45,9.738638723371473,1.1586158040500782,True,False,981.7799999999988,-238.2200000000012,1.5821325286177137,-0.383890088377553,1.5821325286177135,0.383890088377553,2,0,45,15,same_bar,0,0.0,,2.0,15,15.0,,45.0,1,15,0.3333333333333333,1,15,-0.18825472304704327
79,short,TrendShort,0,-1,Breakout Stop,2024-03-20 05:15:00,2024-03-20 11:15:00,60983.92,63831.69,24,360,-408.9587366218661,-4.461373339794084,False,True,208.91999999999825,-2973.82,0.3425821101693664,-4.876400205168838,0.3425821101693664,4.876400205168838,0,23,15,360,same_bar,0,0.0,0.0,,15,15.0,15.0,,24,360,1.0,24,360,-2.7599734487386187
80,short,Short1,1,0,MFEProtect S1,2024-03-20 20:45:00,2024-03-21 05:45:00,67057.53,67009.54,36,540,0.5890702343194661,0.0716166683132124,True,False,985.3300000000016,-1182.9400000000023,1.4693800979546991,-1.764067361264279,1.4693800979546991,1.764067361264279,33,14,510,225,same_bar,0,0.0,1.0,27.0,15,15.0,30.0,420.0,26,390,0.7222222222222222,26,390,-0.971469515114054
81,short,Short1,1,0,TP S1,2024-03-22 06:15:00,2024-03-22 13:30:00,66412.94,63630.03,29,435,68.78301731567055,4.373579581842102,True,False,2870.090000000004,-97.05999999999769,4.321582510878157,-0.1461462178906666,4.321582510878157,0.1461462178906666,28,0,435,15,same_bar,0,0.0,,8.0,15,15.0,,135.0,2,30,0.06896551724137931,2,30,-0.029715594581414262
82,long,Long1,1,0,MFEProtect L1,2024-03-22 16:45:00,2024-03-22 17:00:00,63270.65,63411.85,1,15,1.561004780771421,0.2231682462563666,True,False,500.2600000000021,-10.639999999999418,0.7906667625510437,-0.016816644052178,0.7906667625510437,0.016816644052178094,0,0,15,15,same_bar,0,0.0,,0.0,15,15.0,,15.0,0,0,0.0,0,0,0.0
83,long,Long1,1,0,TP L1,2024-03-22 21:45:00,2024-03-24 20:00:00,62974.03,66215.85,185,2775,42.64285718803978,5.147868097372843,True,False,3322.970000000001,-420.0699999999997,5.276730741227775,-0.6670527517454412,5.276730741227775,0.6670527517454412,184,1,2775,30,same_bar,0,0.0,1.0,4.0,15,15.0,30.0,75.0,2,30,0.010810810810810811,2,30,-0.04127098106949112
84,short,Short1,1,0,MFEProtect S1,2024-03-24 23:15:00,2024-03-25 03:45:00,67347.9,67350.03,18,270,-0.3284784113540304,-0.0031625821102165,False,True,962.8399999999964,-42.10000000000582,1.42965111013112,-0.0625112290064067,1.42965111013112,0.06251122900640677,11,1,180,30,same_bar,0,0.0,,2.0,15,15.0,,45.0,1,15,0.05555555555555555,1,15,-0.003118137313862235
85,short,Short1,1,0,OutsideStop Short1,2024-03-25 14:30:00,2024-03-25 15:15:00,69102.77,69482.37,3,45,-4.910596109439383,-0.5463256362729041,False,True,161.5500000000029,-673.179999999993,0.2337822347787258,-0.974172236510914,0.2337822347787258,0.974172236510914,0,1,15,30,same_bar,0,0.0,1.0,,15,15.0,30.0,,3,45,1.0,3,45,-0.3957535517992457
86,long,TrendLong,0,1,Reverse to RevShort,2024-03-25 16:45:00,2024-03-25 17:00:00,70154.45,70532.12,1,15,42.08722974364587,0.5383407609923507,True,False,533.5500000000029,-21.270000000004075,0.760536216875769,-0.0303188179794782,0.760536216875769,0.030318817979478243,0,0,15,15,same_bar,0,0.0,,0.0,15,15.0,,15.0,0,0,0.0,0,0,0.0
87,short,RevShort,0,-2,Reverse Stop,2024-03-25 17:00:00,2024-03-27 03:00:00,70532.12,70575.97,136,2040,-8.271312394687115,-0.0621316292216844,False,True,1252.1199999999951,-1028.9800000000105,1.775247929595758,-1.4588814287731753,1.775247929595758,1.4588814287731753,85,56,1290,855,same_bar,0,0.0,6.0,16.0,15,15.0,105.0,255.0,50,750,0.36764705882352944,23,345,-0.34206854976144685
88,short,Short1,1,0,MFEProtect S1,2024-03-28 08:45:00,2024-03-29 06:30:00,70578.07,70478.03,87,1305,1.7793021227191608,0.1419449436938169,True,False,553.070000000007,-973.9899999999908,0.7836286823938469,-1.3800179007445097,0.7836286823938469,1.3800179007445097,84,23,1275,360,same_bar,0,0.0,0.0,81.0,15,15.0,15.0,1230.0,65,975,0.7471264367816092,33,495,-0.34825417714464185
89,long,Long1,1,0,MFEProtect L1,2024-04-01 15:15:00,2024-04-02 02:15:00,68816.03,68447.73,44,660,-9.604713406073698,-0.5351950701021346,False,True,1083.9700000000012,-753.1699999999983,1.5751707850627263,-1.0944688323345566,1.5751707850627263,1.0944688323345566,24,2,375,45,same_bar,0,0.0,1.0,15.0,15,15.0,30.0,240.0,14,210,0.3181818181818182,13,195,-0.3777286442459052
90,long,Long1,1,0,OutsideStop Long1,2024-04-02 05:30:00,2024-04-02 13:15:00,66571.23,64867.96,31,465,-21.787115597834536,-2.5585677176161448,False,True,548.7700000000041,-1789.229999999996,0.8243350768793128,-2.687692566293271,0.8243350768793128,2.687692566293271,3,30,60,465,same_bar,0,0.0,12.0,1.0,15,15.0,195.0,30.0,24,360,0.7741935483870968,24,360,-0.9772007867863183
91,long,Long2,2,0,OutsideStop Long2,2024-04-02 05:30:00,2024-04-02 13:15:00,66571.23,64867.96,31,465,-87.14532111797352,-2.5585677176161448,False,True,548.7700000000041,-1789.229999999996,0.8243350768793128,-2.687692566293271,0.8243350768793128,2.687692566293271,3,30,60,465,same_bar,0,0.0,12.0,1.0,15,15.0,195.0,30.0,24,360,0.7741935483870968,24,360,-0.9772007867863183
92,long,Long3,3,0,OutsideStop Long3,2024-04-02 10:45:00,2024-04-02 13:15:00,65984.03,64867.96,10,150,-57.75594406223324,-1.691424424970711,False,True,53.94000000000233,-1202.0299999999988,0.0817470530369277,-1.8216983715605104,0.08174705303692777,1.8216983715605106,0,9,15,150,same_bar,0,0.0,0.0,,15,15.0,15.0,,10,150,1.0,10,150,-0.801648520104029
93,long,Long1,1,0,Exit L1,2024-04-03 00:30:00,2024-04-04 04:15:00,65179.11,65374.58723999999,111,1665,2.1712790154331314,0.2999078078850692,True,False,1724.520000000004,-114.59000000000378,2.645817041687136,-0.1758078623657239,2.6458170416871356,0.1758078623657239,54,110,825,1665,same_bar,0,0.0,,2.0,15,15.0,,45.0,0,0,0.0,0,0,0.0
94,long,Long1,1,0,TP L1,2024-04-04 04:30:00,2024-04-04 17:45:00,65396.2,68849.15,53,795,43.15679067842368,5.280046852875242,True,False,3499.9000000000087,-12.19999999999709,5.35184001516909,-0.0186555182105337,5.35184001516909,0.018655518210533777,52,3,795,60,same_bar,0,0.0,,7.0,15,15.0,,120.0,0,0,0.0,0,0,0.0
95,short,Short1,1,0,MFEProtect S1,2024-04-05 14:45:00,2024-04-05 15:30:00,68139.36,68029.95,3,45,1.0313420086710638,0.160826224332089,True,False,511.1600000000035,-113.22000000000116,0.7501684782481131,-0.1661594708256742,0.7501684782481131,0.16615947082567428,1,0,30,15,same_bar,0,0.0,,1.0,15,15.0,,30.0,0,0,0.0,0,0,0.0
96,short,Short1,1,0,MFEProtect S1,2024-04-06 05:45:00,2024-04-06 14:30:00,68038.71,68011.87,35,525,0.057310224134772,0.0394636994983432,True,False,510.9300000000076,-150.61999999999534,0.7509401633276226,-0.2213739796066023,0.7509401633276226,0.22137397960660235,30,7,465,120,same_bar,0,0.0,,22.0,15,15.0,,345.0,4,60,0.11428571428571428,3,45,-0.07477728487208513
97,short,Short1,1,0,NoProgress S1,2024-04-06 17:45:00,2024-04-07 17:45:00,68287.27,69798.04,96,1440,-37.22694671157465,-2.1644877134085583,False,True,123.65000000000872,-2039.0199999999893,0.1810732805689973,-2.9859445252387298,0.1810732805689973,2.9859445252387298,2,91,45,1380,same_bar,0,0.0,17.0,,15,15.0,270.0,,91,1365,0.9479166666666666,87,1305,-1.423553502982063
98,short,Short1,1,0,MFEProtect S1,2024-04-08 01:30:00,2024-04-08 05:00:00,69704.94,69626.03,14,210,1.2726952021577604,0.1133340504980706,True,False,578.5800000000017,-11.660000000003492,0.8300416010687359,-0.0167276523012622,0.8300416010687359,0.016727652301262278,4,0,75,15,same_bar,0,0.0,,0.0,15,15.0,,15.0,0,0,0.0,0,0,0.0
99,short,Short1,1,0,TP S1,2024-04-08 08:15:00,2024-04-09 17:00:00,71271.97,68396.02,131,1965,32.959433355337794,4.204849931326415,True,False,3061.970000000001,-1526.020000000004,4.296177024431906,-2.141122239219716,4.296177024431906,2.141122239219716,130,14,1965,225,same_bar,0,0.0,1.0,66.0,15,15.0,30.0,1005.0,76,1140,0.5801526717557252,65,975,-0.7566573580934509
100,short,Short2,2,0,TP S2,2024-04-08 08:15:00,2024-04-09 17:00:00,71271.97,68396.02,131,1965,131.83298171559676,4.204849931326415,True,False,3061.970000000001,-1526.020000000004,4.296177024431906,-2.141122239219716,4.296177024431906,2.141122239219716,130,14,1965,225,same_bar,0,0.0,1.0,66.0,15,15.0,30.0,1005.0,76,1140,0.5801526717557252,65,975,-0.7566573580934509
101,short,Short3,3,0,TP S3,2024-04-08 11:30:00,2024-04-09 17:00:00,72316.8,68396.02,118,1770,176.21176208455296,5.732468058813955,True,False,4106.800000000003,-481.1900000000023,5.678901721315106,-0.6653917208726082,5.678901721315106,0.6653917208726082,117,1,1770,30,same_bar,0,0.0,1.0,7.0,15,15.0,30.0,120.0,3,45,0.025423728813559324,2,30,-0.23950174786494896
102,long,Long1,1,0,TimeStop L1,2024-04-10 12:45:00,2024-04-12 17:15:00,67976.03,67871.97,210,3150,-1.6212789629916486,-0.1530833736539172,False,True,3329.8600000000006,-532.0299999999988,4.898579690517379,-0.7826729510387688,4.898579690517379,0.7826729510387688,73,209,1110,3150,adverse,0,3.0,0.0,4.0,15,60.0,15.0,75.0,4,60,0.01904761904761905,3,45,-0.3056702487626878
103,long,Long2,2,0,MFEProtect L2,2024-04-12 21:15:00,2024-04-13 17:00:00,66895.29,67047.21,79,1185,6.539592515630686,0.2271011905322639,True,False,1033.7100000000064,-1164.0199999999895,1.5452657429245116,-1.7400627159251267,1.5452657429245116,1.7400627159251267,29,17,450,270,adverse,0,1.0,14.0,3.0,15,30.0,225.0,60.0,12,180,0.1518987341772152,10,150,-0.5773637675636942
104,long,Long1,1,0,NoProgress L1,2024-04-12 17:30:00,2024-04-13 17:30:00,68156.58,66971.97,96,1440,-15.207266189149127,-1.7380713644962853,False,True,343.41999999999825,-3069.720000000001,0.5038691788819191,-4.503923172201424,0.5038691788819191,4.503923172201424,0,3,15,60,same_bar,0,0.0,2.0,0.0,15,15.0,45.0,15.0,95,1425,0.9895833333333334,94,1410,-1.3980746902747223
105,short,TrendShort,0,-1,Reverse to RevLong,2024-04-13 20:15:00,2024-04-13 20:30:00,62097.42,62507.5,1,15,-59.66382600819644,-0.6560492740871116,False,True,31.979999999995925,-730.7900000000009,0.051499724143122,-1.1768443841950291,0.051499724143122094,1.1768443841950293,0,0,15,15,same_bar,0,0.0,0.0,,15,15.0,15.0,,1,15,1.0,1,15,-0.6603333922729826
106,long,RevLong,0,2,Reverse TP Channel,2024-04-13 20:30:00,2024-04-15 09:15:00,62507.5,66642.70368026888,147,2205,559.3955257724718,6.615532024587267,True,False,4359.570000000007,-1174.1699999999985,6.974475062992452,-1.878446586409628,6.974475062992452,1.878446586409628,146,0,2205,15,same_bar,0,0.0,0.0,4.0,15,15.0,15.0,75.0,6,90,0.04081632653061224,4,60,-0.6597234998466891
107,long,Long2,2,0,MFEProtect L2,2024-04-15 19:15:00,2024-04-16 00:15:00,63123.74,63267.97,20,300,6.956288742013289,0.2284877290223974,True,False,596.2400000000052,-491.739999999998,0.94455746760253,-0.7790096087462466,0.94455746760253,0.7790096087462466,19,8,300,135,same_bar,0,0.0,7.0,0.0,15,15.0,120.0,15.0,5,75,0.25,2,30,-0.1681490988968637
108,long,Long1,1,0,NoProgress L1,2024-04-15 15:00:00,2024-04-16 15:00:00,64509.23,62004.24,96,1440,-35.48841031697343,-3.883149744617942,False,True,359.0500000000029,-2909.229999999996,0.556587018632842,-4.509788754260431,0.5565870186328308,4.509788754260442,3,77,60,1170,same_bar,0,0.0,4.0,3.0,15,15.0,75.0,60.0,92,1380,0.9583333333333334,88,1320,-2.1464769628618545
109,long,Long1,1,0,MFEProtect L1,2024-04-16 16:00:00,2024-04-17 14:15:00,61922.54,61492.62,89,1335,-6.590919467428993,-0.6942867653684681,False,True,2576.459999999999,-887.9700000000012,4.160778934455853,-1.434001253824538,4.160778934455853,1.4340012538245381,52,88,795,1335,same_bar,0,0.0,88.0,2.0,15,15.0,1335.0,45.0,2,30,0.02247191011235955,1,15,-0.39092388652015586
110,long,Long2,2,0,MFEProtect L2,2024-04-16 16:00:00,2024-04-17 14:15:00,61922.54,61492.62,89,1335,-26.362727499594648,-0.6942867653684681,False,True,2576.459999999999,-887.9700000000012,4.160778934455853,-1.434001253824538,4.160778934455853,1.4340012538245381,52,88,795,1335,same_bar,0,0.0,88.0,2.0,15,15.0,1335.0,45.0,2,30,0.02247191011235955,1,15,-0.39092388652015586
111,long,Long1,1,0,MFEProtect L1,2024-04-17 17:15:00,2024-04-17 20:45:00,60765.33,60846.76,14,210,0.8810071363745899,0.1340073360911464,True,False,1191.0899999999965,-187.2200000000012,1.960147340597009,-0.3081033214170007,1.960147340597009,0.3081033214170007,3,0,60,15,same_bar,0,0.0,,1.0,15,15.0,,30.0,1,15,0.07142857142857142,1,15,-0.02014306513270503
112,long,Long1,1,0,TP L1,2024-04-19 02:30:00,2024-04-19 06:45:00,60272.29,64624.34,17,255,64.59663956365405,7.220648161866761,True,False,4681.559999999998,-252.34000000000376,7.767350469013203,-0.4186666874611928,7.767350469013203,0.41866668746119284,16,0,255,15,same_bar,0,0.0,,0.0,15,15.0,,15.0,0,0,0.0,0,0,0.0
113,long,Long2,2,0,TP L2,2024-04-19 02:30:00,2024-04-19 11:30:00,60272.29,65353.82,36,540,301.9028905206635,8.430955585062394,True,False,5177.709999999999,-252.34000000000376,8.590531403402789,-0.4186666874611928,8.590531403402789,0.41866668746119284,35,0,540,15,same_bar,0,0.0,,0.0,15,15.0,,15.0,0,0,0.0,0,0,0.0
114,short,Short1,1,0,NoProgress S1,2024-04-20 16:00:00,2024-04-21 16:15:00,64608.07,64634.05,97,1455,-0.7134046898617005,-0.0401955316121971,False,True,177.5199999999968,-1087.489999999998,0.2747644373218342,-1.6832107815633526,0.27476443732183425,1.6832107815633526,95,43,1440,660,same_bar,0,0.0,3.0,,15,15.0,60.0,,95,1425,0.979381443298969,71,1065,-0.5790604633038626
115,short,Short1,1,0,NoProgress S1,2024-04-22 04:00:00,2024-04-23 04:00:00,65596.86,66535.56,96,1440,-27.466273441497066,-1.4108245275158082,False,True,87.62000000000262,-1635.4900000000052,0.1335734667787491,-2.493244341268782,0.13357346677874918,2.493244341268782,0,75,15,1140,same_bar,0,0.0,4.0,,15,15.0,75.0,,96,1440,1.0,96,1440,-1.117390248049474
116,short,Short1,1,0,MFEProtect S1,2024-04-23 14:15:00,2024-04-24 00:00:00,66733.43000000001,66602.22,39,585,2.9984100246000387,0.1970054451638558,True,False,753.4300000000076,-396.5699999999924,1.1290143485806252,-0.5942598784447201,1.1290143485806252,0.5942598784447201,23,0,360,15,same_bar,0,0.0,0.0,4.0,15,15.0,15.0,75.0,8,120,0.20512820512820512,4,60,-0.0625511081926905
117,short,Short1,1,0,TP S1,2024-04-24 05:00:00,2024-04-24 15:30:00,66939.98,64570.02,42,630,65.43170278018277,3.670372101479913,True,False,2420.949999999997,-0.0299999999988358,3.616598033043926,-4.4816266749461006e-05,3.616598033043926,4.4816266749461006e-05,41,0,630,15,same_bar,0,0.0,,3.0,15,15.0,,60.0,0,0,0.0,0,0,0.0
118,long,Long1,1,0,MFEProtect L1,2024-04-24 19:00:00,2024-04-25 01:30:00,64246.45,64343.98,26,390,1.087710918229591,0.1518060530971032,True,False,495.0200000000041,-640.3899999999994,0.770501716437257,-0.9967710278155436,0.770501716437257,0.9967710278155437,21,4,330,75,same_bar,0,0.0,3.0,21.0,15,15.0,60.0,330.0,10,150,0.38461538461538464,6,90,-0.24613344394903924
119,long,Long1,1,0,MFEProtect L1,2024-04-25 10:30:00,2024-04-25 12:45:00,63547.7,63429.79,9,135,-2.081393285935161,-0.1855456609759276,False,True,755.2900000000009,-280.66999999999825,1.1885402618820209,-0.4416682271742301,1.1885402618820209,0.44166822717423015,7,8,120,135,same_bar,0,0.0,,2.0,15,15.0,,45.0,2,30,0.2222222222222222,1,15,-0.1601710211384444
120,long,Long1,1,0,MFEProtect L1,2024-04-26 01:15:00,2024-04-26 03:15:00,64152.79,64343.98,8,120,4.921544212919398,0.2980228919116312,True,False,509.739999999998,-52.79000000000087,0.7945718338984133,-0.0822879254355124,0.7945718338984133,0.08228792543551243,3,0,60,15,same_bar,0,0.0,,0.0,15,15.0,,15.0,0,0,0.0,0,0,0.0
121,long,Long1,1,0,MFEProtect L1,2024-04-26 15:30:00,2024-04-26 19:45:00,63568.78,63742.02,17,255,2.2222899267341734,0.2725237136846248,True,False,593.7200000000012,-250.02999999999884,0.9339804853892134,-0.3933220049212819,0.9339804853892134,0.3933220049212819,11,1,180,30,same_bar,0,0.0,,7.0,15,15.0,,120.0,2,30,0.11764705882352941,2,30,-0.134712354083244
122,long,Long1,1,0,Exit L1,2024-04-27 00:45:00,2024-04-28 10:15:00,63182.02,63371.50596999999,134,2010,2.4800645153694343,0.2999048938289617,True,False,1187.9800000000032,-790.7799999999988,1.880250109129153,-1.2515902467189224,1.880250109129153,1.2515902467189224,105,1,1590,30,same_bar,0,0.0,1.0,67.0,15,15.0,30.0,1020.0,66,990,0.4925373134328358,50,750,-0.3107261057861506
123,long,Long1,1,0,MFEProtect L1,2024-04-29 03:15:00,2024-04-29 16:45:00,62655.75,62791.99,54,810,3.41093073435892,0.217442134201562,True,False,503.0500000000029,-890.2200000000012,0.802879224971376,-1.4208113381453435,0.802879224971376,1.4208113381453435,50,41,765,630,same_bar,0,0.0,1.0,44.0,15,15.0,30.0,675.0,42,630,0.7777777777777778,42,630,-0.4527426225275186
124,short,Short1,1,0,TP S1,2024-04-30 01:00:00,2024-04-30 08:45:00,64356.9,61919.35,31,465,70.60193326453467,3.936653081791075,True,False,2540.4400000000023,-33.11000000000058,3.947424440891346,-0.0514474749405278,3.947424440891346,0.05144747494052787,30,0,465,15,same_bar,0,0.0,,1.0,15,15.0,,30.0,0,0,0.0,0,0,0.0
125,long,Long2,2,0,MFEProtect L2,2024-04-30 16:30:00,2024-04-30 23:00:00,60374.23,60455.97,26,390,3.759675714517793,0.1353888902599687,True,False,696.4800000000032,-1182.6299999999974,1.153604774752412,-1.9588324356269184,1.1536047747524,1.95883243562693,23,12,360,195,same_bar,0,0.0,8.0,22.0,15,15.0,135.0,345.0,18,270,0.6923076923076923,12,180,-0.47593337606312136
126,long,Long1,1,0,OutsideStop Long1,2024-04-30 12:15:00,2024-05-01 07:30:00,61296.14,57714.5,77,1155,-55.69238610434029,-5.843173811597269,False,True,263.2200000000012,-4196.139999999999,0.4294234514604038,-6.845683920716704,0.42942345146040384,6.845683920716704,9,76,150,1155,same_bar,0,0.0,5.0,,15,15.0,90.0,,77,1155,1.0,77,1155,-1.695733142476771
127,short,TrendShort,0,-1,Reverse to RevLong,2024-05-01 07:45:00,2024-05-01 08:00:00,57499.96,57347.34,1,15,21.62685442948744,0.2661326575914557,True,False,499.9599999999991,-96.66999999999824,0.869496257040873,-0.1681218560847664,0.869496257040873,0.16812185608476643,0,0,15,15,same_bar,0,0.0,,0.0,15,15.0,,15.0,0,0,0.0,0,0,0.0
128,long,RevLong,0,2,Reverse TP Channel,2024-05-01 08:00:00,2024-05-03 02:00:00,57347.34,59843.00881173089,168,2520,407.4494248809364,4.351847551657828,True,False,2502.6600000000035,-794.5199999999968,4.364038506406756,-1.3854522284730153,4.3640385064067555,1.3854522284730153,167,0,2520,15,adverse,0,3.0,0.0,3.0,15,60.0,15.0,60.0,23,345,0.13690476190476192,5,75,-0.45982800673017993
129,short,Short1,1,0,OutsideStop Short1,2024-05-03 14:00:00,2024-05-03 20:45:00,61587.97,62900.03,27,405,-21.33528103794812,-2.0859449510596373,False,True,252.27999999999884,-1615.0,0.4096254512041862,-2.622265354743792,0.4096254512041862,2.6222653547437917,4,26,75,405,same_bar,0,0.0,8.0,,15,15.0,135.0,,24,360,0.8888888888888888,21,315,-0.5867305200458214
130,short,Short2,2,0,OutsideStop Short2,2024-05-03 14:00:00,2024-05-03 20:45:00,61587.97,62900.03,27,405,-85.33804771578615,-2.0859449510596373,False,True,252.27999999999884,-1615.0,0.4096254512041862,-2.622265354743792,0.4096254512041862,2.6222653547437917,4,26,75,405,same_bar,0,0.0,8.0,,15,15.0,135.0,,24,360,0.8888888888888888,21,315,-0.5867305200458214
131,short,Short1,1,0,OutsideStop Short1,2024-05-03 23:45:00,2024-05-04 00:30:00,62881.98,62947.27,3,45,-1.3618004424063386,-0.1037217340799534,False,True,116.56999999999972,-128.14999999999418,0.1853790227343345,-0.2037944733928451,0.18537902273433454,0.2037944733928451,1,2,30,45,same_bar,0,0.0,,,15,15.0,,,2,30,0.6666666666666666,1,15,-0.08002292548675571
132,long,TrendLong,0,1,Breakout Stop,2024-05-04 11:00:00,2024-05-05 03:00:00,64185.27,63231.97,64,960,-148.03538657984865,-1.4852317361911838,False,True,187.59000000000376,-1363.0999999999983,0.2922633183594987,-2.1236959819597216,0.2922633183594987,2.1236959819597216,0,57,15,870,same_bar,0,0.0,2.0,,15,15.0,45.0,,63,945,0.984375,63,945,-0.782794695556917
133,short,Short1,1,0,NoProgress S1,2024-05-05 11:45:00,2024-05-06 11:45:00,63859.6,64203.59,96,1440,-5.508973584434725,-0.5357800085633802,False,True,277.5199999999968,-1640.4000000000017,0.4345783562690602,-2.5687602177276423,0.4345783562690602,2.5687602177276423,34,81,525,1230,same_bar,0,0.0,5.0,,15,15.0,90.0,,76,1140,0.7916666666666666,31,465,-0.6612847806586248
134,short,Short2,2,0,NoProgress S2,2024-05-05 11:45:00,2024-05-06 11:45:00,63859.6,64203.59,96,1440,-22.035100010712377,-0.5357800085633802,False,True,277.5199999999968,-1640.4000000000017,0.4345783562690602,-2.5687602177276423,0.4345783562690602,2.5687602177276423,34,81,525,1230,same_bar,0,0.0,5.0,,15,15.0,90.0,,76,1140,0.7916666666666666,31,465,-0.6612847806586248
135,long,Long1,1,0,MFEProtect L1,2024-05-07 23:30:00,2024-05-08 04:30:00,62484.04,62548.19,20,300,1.2731381333866965,0.1026662168451375,True,False,536.1800000000003,-373.0400000000009,0.858107126235756,-0.597016454121726,0.858107126235756,0.597016454121726,18,3,285,60,same_bar,0,0.0,3.0,10.0,15,15.0,60.0,165.0,3,45,0.15,3,45,-0.12479986889451695
136,long,Long1,1,0,Exit L1,2024-05-08 21:15:00,2024-05-10 14:30:00,61650.04,61834.93003,165,2475,2.5204205446950354,0.2999025304768477,True,False,1819.0899999999965,-1020.0400000000008,2.9506712404403896,-1.6545650254241535,2.9506712404403896,1.6545650254241535,154,54,2325,825,same_bar,0,0.0,2.0,70.0,15,15.0,45.0,1065.0,63,945,0.38181818181818183,34,510,-0.5031248425251099
137,long,Long1,1,0,NoProgress L1,2024-05-10 15:15:00,2024-05-11 15:15:00,61200.04,61083.96,96,1440,-4.312056185514209,-0.1896730786450473,False,True,314.9599999999991,-1012.9199999999984,0.5146401865096806,-1.655096957452966,0.5146401865096806,1.6550969574529661,95,9,1440,150,same_bar,0,0.0,0.0,95.0,15,15.0,15.0,1440.0,96,1440,1.0,96,1440,-0.6460603075858572
138,short,Short1,1,0,Exit S1,2024-05-13 08:45:00,2024-05-15 09:45:00,62767.15,62578.90846,196,2940,5.043510090142659,0.30080668492376,True,False,1624.3800000000049,-682.8499999999985,2.5879460832617136,-1.0879098381876484,2.5879460832617136,1.0879098381876484,117,29,1770,450,adverse,0,4.0,1.0,6.0,15,75.0,30.0,105.0,47,705,0.23979591836734693,14,210,-0.31016664920654635
139,short,Short1,1,0,OutsideStop Short1,2024-05-15 13:00:00,2024-05-15 19:45:00,63731.19,66006.26,27,405,-34.46923468349138,-3.4467488386707434,False,True,64.52999999999884,-2687.959999999992,0.1012534051223566,-4.217652298662541,0.10125340512235663,4.217652298662541,0,25,15,390,same_bar,0,0.0,0.0,,15,15.0,15.0,,27,405,1.0,27,405,-1.952546486439542
140,short,Short2,2,0,OutsideStop Short2,2024-05-15 16:15:00,2024-05-15 19:45:00,64821.16,66006.26,14,210,-71.16022707389979,-1.7954357662439802,False,True,81.16000000000349,-1597.9899999999907,0.125206028401842,-2.4652289468438866,0.12520602840184206,2.4652289468438866,0,12,15,195,same_bar,0,0.0,6.0,,15,15.0,105.0,,13,195,0.9285714285714286,12,180,-0.9522484039755827
141,short,Short1,1,0,OutsideStop Short1,2024-05-15 22:45:00,2024-05-15 23:30:00,66116.27,66331.05,3,45,-3.4106719357966666,-0.32380009060613,False,True,44.27000000000408,-327.8899999999994,0.0669578002509882,-0.4959293680662859,0.06695780025098826,0.49592936806628596,0,2,15,45,same_bar,0,0.0,,,15,15.0,,,3,45,1.0,3,45,-0.18614681882889914
142,short,Short1,1,0,MFEProtect S1,2024-05-16 07:45:00,2024-05-17 06:45:00,66142.59,65955.59,92,1380,2.331232761947509,0.2835241106932784,True,False,1539.8199999999997,-609.4199999999983,2.3280310009027465,-0.9213730517658868,2.3280310009027465,0.9213730517658869,38,18,585,285,same_bar,0,0.0,15.0,20.0,15,15.0,240.0,315.0,17,255,0.18478260869565216,12,180,-0.20443888948193673
143,short,Short2,2,0,MFEProtect S2,2024-05-17 15:30:00,2024-05-17 19:30:00,67197.98,67006.04,16,240,9.42329513974203,0.2864517885253326,True,False,983.3099999999976,-102.02000000000407,1.463302914760232,-0.1518200398285842,1.4633029147602319,0.15182003982858427,9,3,150,60,same_bar,0,0.0,,5.0,15,15.0,,90.0,1,15,0.0625,1,15,-0.024360851323224075
144,short,Short1,1,0,NoProgress S1,2024-05-17 10:00:00,2024-05-18 10:00:00,66263.85,67198.31,96,1440,-13.667003591962796,-1.3906004481362588,False,True,435.820000000007,-1187.3499999999913,0.6577040120669218,-1.7918518166390742,0.6577040120669218,1.7918518166390742,13,21,210,330,same_bar,0,0.0,18.0,13.0,15,15.0,285.0,210.0,88,1320,0.9166666666666666,80,1200,-0.8731435356189956
145,short,Short1,1,0,MFEProtect S1,2024-05-18 11:15:00,2024-05-19 02:45:00,67270.97,67211.64,62,930,0.4930756572027308,0.0882734002622287,True,False,670.9700000000012,-0.0399999999935971,0.997413891906124,-5.946101266801587e-05,0.9974138919061241,5.946101266801587e-05,14,0,225,15,same_bar,0,0.0,,5.0,15,15.0,,90.0,0,0,0.0,0,0,0.0
146,short,Short2,2,0,MFEProtect S2,2024-05-20 20:00:00,2024-05-20 20:45:00,69672.02,69500.03,3,45,7.93103799399962,0.2474675190787811,True,False,518.4100000000035,-297.4700000000012,0.7440720105431182,-0.4269576222994555,0.7440720105431182,0.42695762229945555,2,1,45,30,same_bar,0,0.0,,2.0,15,15.0,,45.0,0,0,0.0,0,0,0.0
147,short,Short1,1,0,OutsideStop Short1,2024-05-20 16:45:00,2024-05-20 23:45:00,68190.03,71446.65,28,420,-90.88994555300414,-4.558114341260222,False,True,159.25999999999476,-3325.529999999999,0.2335532041854135,-4.876856631387314,0.23355320418541356,4.876856631387314,0,26,15,405,same_bar,0,0.0,1.0,,15,15.0,30.0,,28,420,1.0,28,420,-1.7914076714314835
148,short,Short1,1,0,OutsideStop Short1,2024-05-21 02:45:00,2024-05-21 03:30:00,71283.77,71346.03,3,45,-1.1542876970103948,-0.087264841505541,False,True,146.93000000000757,-95.5399999999936,0.206119850282901,-0.1340277036413668,0.20611985028290108,0.13402770364136687,2,2,45,45,same_bar,0,0.0,,,15,15.0,,,3,45,1.0,3,45,-0.03707716356752636
149,short,Short1,1,0,MFEProtect S1,2024-05-21 23:30:00,2024-05-22 10:15:00,70317.39,70109.01,43,645,2.4364007906269363,0.2972228533821841,True,False,1152.3899999999994,-51.2100000000064,1.6388406907594255,-0.0728269351294273,1.6388406907594257,0.07282693512942731,20,10,315,165,same_bar,0,0.0,,11.0,15,15.0,,180.0,0,0,0.0,0,0,0.0
150,short,Short1,1,0,TP S1,2024-05-22 15:45:00,2024-05-23 13:45:00,70455.87,68036.17,88,1320,31.80898441100746,3.5564906137426577,True,False,2739.449999999997,-210.13000000000463,3.888178515147137,-0.2982434252816758,3.8881785151471373,0.29824342528167586,87,1,1320,30,same_bar,0,0.0,,4.0,15,15.0,,75.0,1,15,0.011363636363636364,1,15,-0.29255191937875846
151,long,Long1,1,0,Exit L1,2024-05-23 17:00:00,2024-05-26 21:30:00,67981.13,68185.0133,306,4590,2.476643125783493,0.2999116078241215,True,False,1628.8699999999951,-1668.9700000000012,2.3960619660190927,-2.4550489231349952,2.3960619660190927,2.4550489231349952,168,11,2535,180,same_bar,0,0.0,2.0,15.0,15,15.0,45.0,240.0,85,1275,0.2777777777777778,68,1020,-0.719153025172104
152,short,Short1,1,0,TP S1,2024-05-27 16:15:00,2024-05-28 18:30:00,70448.65,67479.93,105,1575,78.49452019500583,4.399411795477559,True,False,3170.7399999999907,-41.060000000012224,4.500781775094329,-0.0582835866975623,4.500781775094329,0.05828358669756231,104,0,1575,15,same_bar,0,0.0,,3.0,15,15.0,,60.0,0,0,0.0,0,0,0.0
153,long,Long1,1,0,MFEProtect L1,2024-05-29 16:15:00,2024-05-30 08:00:00,67350.04,67207.62,63,945,-4.684587292989566,-0.2114623836897422,False,True,1072.8500000000058,-198.68999999998775,1.5929463442041103,-0.2950109606467758,1.5929463442041103,0.29501096064677584,48,14,735,225,same_bar,0,0.0,,1.0,15,15.0,,30.0,5,75,0.07936507936507936,3,45,-0.10847209593341622
154,long,Long1,1,0,TP L1,2024-05-31 16:15:00,2024-06-03 08:15:00,67000.04,69264.53,256,3840,63.26101804901301,3.379833803084309,True,False,2287.9600000000064,-123.23999999999069,3.4148636329172444,-0.1839401886924107,3.4148636329172444,0.18394018869241077,255,0,3840,15,same_bar,0,0.0,,2.0,15,15.0,,45.0,1,15,0.00390625,1,15,-0.07832831144577446
155,short,Short1,1,0,MFEProtect S1,2024-06-03 13:00:00,2024-06-03 15:45:00,69555.77,69615.31,11,165,-1.1585819832153628,-0.0855271634931931,False,True,1055.770000000004,-732.2299999999959,1.5178755119812548,-1.0527235914432345,1.5178755119812548,1.0527235914432345,6,2,105,45,same_bar,0,0.0,1.0,5.0,15,15.0,30.0,90.0,6,90,0.5454545454545454,5,75,-0.3911249922184686
156,short,Short1,1,0,NoProgress S1,2024-06-04 13:45:00,2024-06-05 13:45:00,69527.96,70730.73,96,1440,-33.648417141776655,-1.7004914271349758,False,True,208.1700000000128,-1851.25,0.2994047286875852,-2.662597895868079,0.2994047286875852,2.662597895868079,2,71,45,1080,adverse,0,2.0,0.0,,15,45.0,15.0,,96,1440,1.0,96,1440,-1.7211212882318534
157,short,Short1,1,0,MFEProtect S1,2024-06-05 16:30:00,2024-06-06 12:15:00,71516.71,71366.2,79,1185,1.6562090055555438,0.2108981562700673,True,False,816.7100000000064,-231.5099999999948,1.141984859202844,-0.32371455566118,1.141984859202844,0.32371455566118007,26,5,405,90,same_bar,0,0.0,,6.0,15,15.0,,105.0,2,30,0.02531645569620253,1,15,-0.09476806189769871
158,long,Long1,1,0,MFEProtect L1,2024-06-07 18:15:00,2024-06-08 13:15:00,69041.04,69228.39,76,1140,2.23284397778444,0.2713603387202834,True,False,544.9200000000128,-241.0399999999936,0.7892696865516696,-0.3491256794509376,0.7892696865516696,0.3491256794509376,17,3,270,60,same_bar,0,0.0,,4.0,15,15.0,,75.0,0,0,0.0,0,0,0.0
159,long,Long1,1,0,MFEProtect L1,2024-06-09 03:00:00,2024-06-09 13:30:00,69196.04,69393.0,42,630,4.718618717407853,0.2846405661364626,True,False,580.9600000000064,-65.79999999998836,0.8395856179053115,-0.0950921468916261,0.8395856179053115,0.09509214689162611,39,0,600,15,same_bar,0,0.0,,38.0,15,15.0,,585.0,0,0,0.0,0,0,0.0
160,long,Long1,1,0,NoProgress L1,2024-06-11 02:45:00,2024-06-12 02:45:00,68268.65,67415.22,96,1440,-24.419176695841227,-1.2501052825857784,False,True,219.35000000000585,-2217.649999999994,0.3213041417986233,-3.248416366809648,0.3213041417986233,3.2484163668096477,1,50,30,765,same_bar,0,0.0,4.0,,15,15.0,75.0,,92,1380,0.9583333333333334,92,1380,-1.506056204612848
161,long,Long1,1,0,MFEProtect L1,2024-06-13 16:00:00,2024-06-14 10:30:00,66708.17,66889.83,74,1110,4.474846434781185,0.2723204668933388,True,False,548.1500000000087,-228.16999999999825,0.8217134422965113,-0.342042061714477,0.8217134422965113,0.34204206171447704,64,37,975,570,same_bar,0,0.0,,3.0,15,15.0,,60.0,10,150,0.13513513513513514,5,75,-0.08245916504679873
162,long,Long1,1,0,Exit L1,2024-06-14 16:45:00,2024-06-17 13:00:00,65293.43,65489.2502,273,4095,2.499629724870947,0.2999079693010387,True,False,1705.2699999999968,-215.4300000000003,2.6117022799996827,-0.3299413126251757,2.6117022799996827,0.32994131262517573,212,5,3195,90,same_bar,0,0.0,,2.0,15,15.0,,45.0,2,30,0.007326007326007326,2,30,-0.13682846804035642
163,long,Long1,1,0,MFEProtect L1,2024-06-18 01:45:00,2024-06-18 11:00:00,65134.02,65311.26,37,555,4.473781249598349,0.2721158620333952,True,False,711.4500000000044,-565.0199999999968,1.0922863351594212,-0.8674729427110393,1.0922863351594212,0.8674729427110393,14,0,225,15,same_bar,0,0.0,0.0,2.0,15,15.0,15.0,45.0,1,15,0.02702702702702703,1,15,-0.4237570473924257
164,long,Long1,1,0,MFEProtect L1,2024-06-18 14:00:00,2024-06-18 14:45:00,64867.27,64633.96,3,45,-7.500628898182891,-0.359672913628084,False,True,538.7300000000032,-292.6599999999962,0.8305112886668473,-0.4511674377540418,0.8305112886668473,0.45116743775404183,1,2,30,45,same_bar,0,0.0,,0.0,15,15.0,,15.0,1,15,0.3333333333333333,1,15,-0.3596266653429381
165,long,Long1,1,0,MFEProtect L1,2024-06-21 09:00:00,2024-06-21 11:30:00,63694.05,63726.57,10,150,0.2849208247007103,0.0510565743581992,True,False,605.9500000000044,-93.0199999999968,0.9513447488423242,-0.1460418987330791,0.9513447488423126,0.14604189873309056,1,0,30,15,same_bar,0,0.0,,1.0,15,15.0,,30.0,0,0,0.0,0,0,0.0
166,long,Long1,1,0,OutsideStop Long1,2024-06-24 00:15:00,2024-06-24 20:15:00,63108.24,58927.97,80,1200,-126.13248638658035,-6.623968597444641,False,True,261.56000000000495,-4296.169999999998,0.4144625170976166,-6.807621318547306,0.4144625170976166,6.807621318547306,6,79,105,1200,same_bar,0,0.0,9.0,,15,15.0,150.0,,74,1110,0.925,72,1080,-2.4993104082934474
167,long,Long2,2,0,OutsideStop Long2,2024-06-24 09:45:00,2024-06-24 20:15:00,61402.31,58927.97,42,630,-153.15697264045605,-4.029718100182222,False,True,297.6900000000023,-2590.239999999998,0.4848188936214327,-4.218473213792768,0.4848188936214327,4.218473213792768,16,41,255,630,same_bar,0,0.0,4.0,,15,15.0,75.0,,39,585,0.9285714285714286,25,375,-1.1548041274935879
168,long,Long3,3,0,OutsideStop Long3,2024-06-24 17:00:00,2024-06-24 20:15:00,60211.38,58927.97,13,195,-80.69585478157236,-2.1315073662154798,False,True,337.08000000000175,-1399.3099999999977,0.5598277269180706,-2.3239958957924527,0.5598277269180706,2.3239958957924527,0,12,15,195,same_bar,0,0.0,1.0,0.0,15,15.0,30.0,15.0,8,120,0.6153846153846154,6,90,-0.8423802111826653
169,long,Long1,1,0,Exit L1,2024-06-26 19:15:00,2024-06-28 14:30:00,60819.12,61001.51726999999,173,2595,4.806037115466186,0.2999011988335187,True,False,1570.1000000000058,-212.489999999998,2.581589473836527,-0.3493802606811772,2.5815894738365146,0.34938026068118916,75,45,1140,690,same_bar,0,0.0,,0.0,15,15.0,,15.0,12,180,0.06936416184971098,7,105,-0.06961215486182837
170,long,Long1,1,0,TP L1,2024-06-28 19:30:00,2024-06-30 22:15:00,60446.32,62942.54,203,3045,74.58886288331064,4.129647594758468,True,False,2496.25,-383.3199999999997,4.129697225571383,-0.634149440362953,4.129697225571383,0.634149440362953,202,1,3045,30,same_bar,0,0.0,0.0,19.0,15,15.0,15.0,300.0,17,255,0.08374384236453201,17,255,-0.21468246050185172
171,short,Short1,1,0,MFEProtect S1,2024-07-01 01:15:00,2024-07-01 17:15:00,63487.97,63339.8,64,960,1.8142365469947084,0.2339287462227668,True,False,990.770000000004,-330.3600000000006,1.5605633634214546,-0.5203505483007262,1.5605633634214546,0.5203505483007262,49,2,750,45,same_bar,0,0.0,2.0,27.0,15,15.0,45.0,420.0,4,60,0.0625,4,60,-0.16016813894033644
172,long,Long2,2,0,MFEProtect L2,2024-07-03 20:00:00,2024-07-04 01:30:00,59742.03,59609.64,22,330,-9.425958475191068,-0.2216027811575815,False,True,756.1600000000035,-506.0299999999989,1.2657085807094328,-0.8470251178274305,1.2657085807094328,0.8470251178274305,19,21,300,330,same_bar,0,0.0,3.0,5.0,15,15.0,60.0,90.0,3,45,0.13636363636363635,2,30,-0.16690092385544716
173,long,Long1,1,0,NoProgress L1,2024-07-03 03:15:00,2024-07-04 03:15:00,60996.03,58935.22,96,1440,-62.73140936542381,-3.378596934915268,False,True,185.80999999999767,-3196.019999999997,0.30462638306132,-5.239718060339332,0.30462638306132,5.239718060339332,11,90,180,1365,same_bar,0,0.0,20.0,,15,15.0,315.0,,90,1350,0.9375,82,1230,-1.2069543250966022
174,long,Long1,1,0,OutsideStop Long1,2024-07-04 04:30:00,2024-07-04 08:45:00,58940.01,57688.43,17,255,-19.676502747802957,-2.1234811463384573,False,True,136.16999999999825,-1701.3300000000015,0.2310315183183685,-2.8865451498905443,0.23103151831836855,2.8865451498905443,7,15,120,240,same_bar,0,0.0,6.0,,15,15.0,105.0,,15,225,0.8823529411764706,13,195,-0.7355297926371861
175,long,Long1,1,0,OutsideStop Long1,2024-07-04 11:45:00,2024-07-04 12:30:00,57761.97,57516.16,3,45,-4.196421046736062,-0.4255568153232913,False,True,0.0,-363.4800000000032,0.0,-0.6292721664444672,0.0,0.6292721664444672,0,1,15,30,adverse,0,,1.0,,15,,30.0,,3,45,1.0,3,45,-0.36917600513510046
176,long,Long1,1,0,MFEProtect L1,2024-07-05 00:15:00,2024-07-05 01:00:00,57050.03,57203.98,3,45,2.124909918022245,0.2698508659855214,True,False,495.9700000000012,-360.02999999999884,0.8693597531850573,-0.6310776698978052,0.8693597531850573,0.6310776698978052,1,0,30,15,same_bar,0,0.0,0.0,1.0,15,15.0,15.0,30.0,1,15,0.3333333333333333,1,15,-0.18936011076593484
177,short,TrendShort,0,-1,Reverse to RevLong,2024-07-05 03:00:00,2024-07-05 03:45:00,55366.75,55228.02,3,45,19.51685933634469,0.2511949550246584,True,False,212.0899999999965,-277.239999999998,0.3830638424686233,-0.5007337436277152,0.3830638424686233,0.5007337436277152,2,0,45,15,same_bar,0,0.0,0.0,,15,15.0,15.0,,1,15,0.3333333333333333,1,15,-0.14226950290561202
178,long,RevLong,0,2,Reverse TP Channel,2024-07-05 03:45:00,2024-07-06 16:15:00,55228.02,57694.89629789264,146,2190,403.5661962095855,4.466711458952632,True,False,2656.3800000000047,-1742.0899999999965,4.809841091532894,-3.154358964887745,4.809841091532894,3.154358964887745,145,1,2190,30,same_bar,0,0.0,1.0,30.0,15,15.0,30.0,465.0,29,435,0.19863013698630136,28,420,-1.3456706240406724
179,long,Long1,1,0,TP L1,2024-07-08 01:15:00,2024-07-08 09:15:00,54794.03,57907.51,32,480,53.66815194386076,5.682151869464613,True,False,3442.7000000000044,-358.02999999999884,6.282983748412016,-0.6534105996583913,6.282983748412016,0.6534105996583913,30,0,465,15,same_bar,0,0.0,0.0,2.0,15,15.0,15.0,45.0,1,15,0.03125,1,15,-0.3338867391210254
180,short,Short1,1,0,Exit S1,2024-07-10 04:30:00,2024-07-11 12:30:00,59130.81,58953.47748,128,1920,2.5244375103880854,0.3008007798355194,True,False,2080.8099999999977,-519.1900000000023,3.518994581674085,-0.8780363401076399,3.518994581674085,0.8780363401076399,90,127,1365,1920,same_bar,0,0.0,1.0,3.0,15,15.0,30.0,60.0,4,60,0.03125,2,30,-0.1673662173746704
181,short,Short1,1,0,Exit S1,2024-07-11 12:45:00,2024-07-13 09:45:00,58816.32,58639.93095,180,2700,2.5250079085562893,0.3008002348270144,True,False,2273.8499999999985,-154.6600000000035,3.866018819266487,-0.2629542276701492,3.866018819266487,0.2629542276701492,49,0,750,15,same_bar,0,0.0,,0.0,15,15.0,,15.0,0,0,0.0,0,0,0.0
182,short,Short1,1,0,MFEProtect S1,2024-07-13 12:45:00,2024-07-13 22:30:00,58767.98,58776.03,39,585,-0.9509533647882342,-0.0136960594310231,False,True,479.7900000000009,-248.6999999999971,0.8164139723706699,-0.4231896348998163,0.8164139723706699,0.42318963489981637,37,38,570,585,same_bar,0,0.0,,37.0,15,15.0,,570.0,7,105,0.1794871794871795,6,90,-0.06407036134788514
183,short,Short1,1,0,NoProgress S1,2024-07-14 01:45:00,2024-07-15 01:45:00,59705.96,61390.03,96,1440,-27.332418507850083,-2.743230456150614,False,True,425.9700000000012,-2094.040000000001,0.713446362808673,-3.5072545521418648,0.713446362808673,3.5072545521418648,3,93,60,1410,same_bar,0,0.0,9.0,1.0,15,15.0,150.0,30.0,80,1200,0.8333333333333334,46,690,-0.9326713363289038
184,short,Short2,2,0,OutsideStop Short2,2024-07-14 22:00:00,2024-07-15 02:45:00,60837.97,62482.03,19,285,-104.6015239055793,-2.6312525377296447,False,True,205.66999999999825,-1772.0299999999988,0.3380619044323771,-2.912704023490591,0.3380619044323771,2.912704023490591,7,18,120,285,same_bar,0,0.0,4.0,,15,15.0,75.0,,16,240,0.8421052631578947,11,165,-0.8973600286137056
185,short,Short1,1,0,OutsideStop Short1,2024-07-15 05:45:00,2024-07-15 06:30:00,62799.96,62963.46,3,45,-2.795792374917474,-0.2596744206878054,False,True,93.94999999999708,-199.04000000000087,0.1496020061159228,-0.316942877033681,0.14960200611592284,0.316942877033681,0,1,15,30,same_bar,0,0.0,,,15,15.0,,,3,45,1.0,3,45,-0.18269119916637008
186,short,Short1,1,0,OutsideStop Short1,2024-07-15 16:45:00,2024-07-15 17:30:00,63411.74,63257.71,3,45,1.9515113813961835,0.2434960102096539,True,False,178.40999999999622,-318.26000000000204,0.2813516866119684,-0.5018944441518275,0.2813516866119684,0.5018944441518275,2,1,45,30,same_bar,0,0.0,1.0,,15,15.0,30.0,,2,30,0.6666666666666666,2,30,-0.21804322038790902
187,short,Short1,1,0,Breakout Flip Up,2024-07-15 22:45:00,2024-07-15 23:15:00,64343.57,64514.03,2,30,-2.8384598033519737,-0.264221596449643,False,True,118.37999999999738,-402.7900000000009,0.1839810877761326,-0.625998837179847,0.18398108777613267,0.625998837179847,0,1,15,30,same_bar,0,0.0,1.0,,15,15.0,30.0,,2,30,1.0,2,30,-0.28244469493999835
188,long,TrendLong,0,1,MFEProtect TrendLong,2024-07-15 23:15:00,2024-07-16 04:15:00,64514.03,64561.6,20,300,3.5546341469662157,0.0737358989974623,True,False,479.9199999999983,-77.83000000000175,0.7439002027930952,-0.1206404250362312,0.7439002027930952,0.12064042503623126,18,4,285,75,same_bar,0,0.0,,1.0,15,15.0,,30.0,0,0,0.0,0,0,0.0
189,short,Short1,1,0,MFEProtect S1,2024-07-16 16:00:00,2024-07-16 18:00:00,64741.98,64618.03,8,120,1.4660286434429928,0.1918195277695877,True,False,630.4200000000055,-8.019999999996799,0.9737422303117784,-0.0123876347309686,0.9737422303117783,0.012387634730968681,3,0,60,15,same_bar,0,0.0,,0.0,15,15.0,,15.0,0,0,0.0,0,0,0.0
190,short,Short1,1,0,OutsideStop Short1,2024-07-16 23:30:00,2024-07-17 01:30:00,65190.380000000005,65938.04,8,120,-11.155770341449369,-1.133882657112628,False,True,258.070000000007,-938.25,0.3958712926661985,-1.439246097353628,0.3958712926661985,1.4392460973536279,1,6,30,105,same_bar,0,0.0,3.0,,15,15.0,60.0,,7,105,0.875,7,105,-0.6204223909811679
191,short,Short1,1,0,Exit S1,2024-07-18 03:45:00,2024-07-19 13:30:00,64865.05,64670.51476,135,2025,4.972038423988369,0.3008097905544016,True,False,1626.5699999999997,-246.239999999998,2.5076215928300365,-0.3796189165043393,2.5076215928300365,0.3796189165043393,61,36,930,555,same_bar,0,0.0,,3.0,15,15.0,,60.0,10,150,0.07407407407407407,5,75,-0.08554838083065563
192,short,Short1,1,0,NoProgress S1,2024-07-19 15:00:00,2024-07-20 15:00:00,65589.99,66661.83,96,1440,-31.47833701347384,-1.6078766514510567,False,True,321.99000000000524,-1796.0099999999948,0.4909133238166452,-2.738237953687742,0.4909133238166452,2.738237953687742,1,17,30,270,same_bar,0,0.0,3.0,,15,15.0,60.0,,95,1425,0.9895833333333334,95,1425,-1.5684383033383353
193,short,Short2,2,0,MFEProtect S2,2024-07-19 21:15:00,2024-07-20 17:00:00,67113.67,67078.56,79,1185,0.6125571562391445,0.0523416125808307,True,False,891.2099999999919,-97.33000000000176,1.3279112884155968,-0.1450226161078685,1.3279112884155968,0.14502261610786854,17,78,270,1185,same_bar,0,0.0,,5.0,15,15.0,,90.0,0,0,0.0,0,0,0.0
194,short,Short1,1,0,MFEProtect S1,2024-07-20 20:15:00,2024-07-20 22:00:00,67317.95,67198.04,7,105,1.334810820250725,0.1784427045788961,True,False,527.0500000000029,-112.05999999999769,0.782926396302922,-0.1664637737780156,0.782926396302922,0.16646377377801563,2,0,45,15,same_bar,0,0.0,,2.0,15,15.0,,45.0,2,30,0.2857142857142857,2,30,-0.052029213604987135
195,short,Short1,1,0,MFEProtect S1,2024-07-21 14:45:00,2024-07-21 19:15:00,67290.73,67317.84,18,270,-0.7163708922858509,-0.0402716427027383,False,True,1513.729999999996,-422.2700000000041,2.249537194796365,-0.627530716340875,2.249537194796365,0.627530716340875,12,8,195,135,same_bar,0,0.0,8.0,5.0,15,15.0,135.0,90.0,5,75,0.2777777777777778,4,60,-0.18957737566526855
196,short,Short1,1,0,MFEProtect S1,2024-07-21 22:15:00,2024-07-22 19:30:00,68041.98,67924.04,85,1275,1.2898137769221534,0.1736351371325994,True,False,1482.0099999999948,-432.570000000007,2.1780818253672143,-0.6357398770582617,2.1780818253672143,0.6357398770582617,66,9,1005,150,same_bar,0,0.0,9.0,28.0,15,15.0,150.0,435.0,12,180,0.1411764705882353,6,90,-0.1384231225095678
197,long,Long1,1,0,Exit L1,2024-07-23 17:00:00,2024-07-24 18:30:00,65946.04,66143.81803,102,1530,4.953382185705986,0.2999088800479832,True,False,1155.9700000000012,-504.9599999999919,1.7529028278271166,-0.7657169406987772,1.7529028278271166,0.7657169406987772,85,10,1290,165,same_bar,0,0.0,9.0,59.0,15,15.0,150.0,900.0,41,615,0.4019607843137255,11,165,-0.206496616723929
198,long,Long1,1,0,NoProgress L1,2024-07-24 20:00:00,2024-07-25 20:00:00,65800.04,64589.14,96,1440,-35.234319670918026,-1.8402724375243484,False,True,266.6200000000099,-2343.3399999999965,0.4051973220685123,-3.561304825954508,0.40519732206851233,3.561304825954508,2,71,45,1080,same_bar,0,0.0,5.0,,15,15.0,90.0,,93,1395,0.96875,93,1395,-1.8669413757848838
199,long,Long2,2,0,TP L2,2024-07-25 03:45:00,2024-07-27 13:30:00,64093.62,69099.97,231,3465,290.4735209840544,7.810995852629343,True,False,5006.380000000005,-636.9199999999983,7.811042659160155,-0.993733853697136,7.811042659160143,0.9937338536971473,230,40,3465,615,same_bar,0,0.0,39.0,19.0,15,15.0,600.0,300.0,7,105,0.030303030303030304,2,30,-0.19961870954216612
200,short,Short1,1,0,TP S1,2024-07-29 00:30:00,2024-07-29 17:15:00,68695.73,66727.37,67,1005,54.60319437378112,2.949854010430797,True,False,2267.729999999996,-1384.2600000000093,3.301122209488124,-2.0150597424323307,3.301122209488124,2.0150597424323307,65,49,990,750,same_bar,0,0.0,6.0,2.0,15,15.0,105.0,45.0,53,795,0.7910447761194029,51,765,-1.1063825177632036
201,long,Long1,1,0,NoProgress L1,2024-07-29 23:15:00,2024-07-30 23:15:00,67012.77,66177.97,96,1440,-24.856630886896134,-1.2457327163166054,False,True,48.75999999999476,-1710.1000000000058,0.0727622511351116,-2.5519016748598897,0.07276225113511164,2.5519016748598897,0,82,15,1245,same_bar,0,0.0,2.0,,15,15.0,45.0,,96,1440,1.0,96,1440,-0.9077232904017234
202,long,Long2,2,0,MFEProtect L2,2024-08-01 02:30:00,2024-08-01 14:15:00,64038.02,64187.97,47,705,7.653760667305182,0.2341577706493902,True,False,911.560000000005,-454.0199999999968,1.4234668717115315,-0.708985068557705,1.4234668717115317,0.708985068557705,41,9,630,150,same_bar,0,0.0,8.0,15.0,15,15.0,135.0,240.0,7,105,0.14893617021276595,4,60,-0.26008210211906196
203,long,Long3,3,0,MFEProtect L3,2024-08-01 17:15:00,2024-08-01 18:30:00,62684.04,62828.55,5,75,7.503093626169797,0.2305371510834319,True,False,751.7099999999991,-382.0400000000009,1.1992047736553022,-0.6094693322255567,1.1992047736553022,0.6094693322255567,3,1,60,30,same_bar,0,0.0,0.0,1.0,15,15.0,15.0,30.0,1,15,0.2,1,15,-0.5875817831779817
204,long,Long1,1,0,NoProgress L1,2024-07-31 21:00:00,2024-08-01 21:00:00,64960.03,64719.97,96,1440,-3.922142386429337,-0.3695503219441232,False,True,176.01000000000204,-2658.029999999999,0.2709512295483885,-4.091793061056158,0.2709512295483885,4.091793061056158,0,82,15,1245,same_bar,0,0.0,0.0,,15,15.0,15.0,,94,1410,0.9791666666666666,89,1335,-1.296992313188093
205,long,Long1,1,0,MFEProtect L1,2024-08-02 15:15:00,2024-08-02 18:00:00,62856.02,62989.97,11,165,1.7140763230638616,0.2131060795767858,True,False,780.4400000000023,-117.83999999999652,1.2416312709586168,-0.1874760762771752,1.2416312709586168,0.18747607627717522,1,0,30,15,same_bar,0,0.0,,0.0,15,15.0,,15.0,0,0,0.0,0,0,0.0
206,long,Long3,3,0,MFEProtect L3,2024-08-03 01:15:00,2024-08-03 15:45:00,61193.26,60878.97,58,870,-21.128369739248548,-0.5136023150261959,False,True,1004.9599999999992,-359.9300000000003,1.6422723679045683,-0.5881856923458568,1.6422723679045685,0.5881856923458568,44,57,675,870,same_bar,0,0.0,0.0,2.0,15,15.0,15.0,45.0,2,30,0.034482758620689655,1,15,-0.34931134572663836
207,long,Long1,1,0,NoProgress L1,2024-08-02 21:30:00,2024-08-03 21:30:00,62065.88,60696.92,96,1440,-21.700076524554493,-2.205656312292681,False,True,184.12000000000265,-2215.8799999999974,0.2966525247043989,-3.570206367814325,0.29665252470439896,3.570206367814325,1,93,30,1410,same_bar,0,0.0,2.0,,15,15.0,45.0,,92,1380,0.9583333333333334,56,840,-1.1033533694533404
208,long,Long2,2,0,NoProgress L2,2024-08-02 21:30:00,2024-08-03 21:30:00,62065.88,60696.92,96,1440,-86.7971770901293,-2.205656312292681,False,True,184.12000000000265,-2215.8799999999974,0.2966525247043989,-3.570206367814325,0.29665252470439896,3.570206367814325,1,93,30,1410,same_bar,0,0.0,2.0,,15,15.0,45.0,,92,1380,0.9583333333333334,56,840,-1.1033533694533404
209,long,Long1,1,0,OutsideStop Long1,2024-08-04 16:00:00,2024-08-04 17:15:00,59264.26,58195.76,5,75,-17.557630475933557,-1.8029416042653732,False,True,4.19999999999709,-1175.1600000000035,0.0070869019540564,-1.982915166746372,0.00708690195405644,1.982915166746372,0,4,15,75,same_bar,0,0.0,0.0,,15,15.0,15.0,,5,75,1.0,5,75,-1.0673515538707479
210,short,TrendShort,0,-1,Reverse to RevLong,2024-08-05 00:15:00,2024-08-05 01:00:00,57409.97,53928.03,3,45,574.9654975855975,6.456642306422111,True,False,5109.800000000003,-141.86999999999534,8.900544626656316,-0.247117356096851,8.900544626656316,0.247117356096851,2,0,45,15,same_bar,0,0.0,,0.0,15,15.0,,15.0,0,0,0.0,0,0,0.0
211,long,RevLong,0,2,Reverse TP Channel,2024-08-05 01:00:00,2024-08-07 01:45:00,53928.03,56835.34021684693,195,2925,541.0920774431333,5.391092937841302,True,False,3112.959999999999,-4928.029999999999,5.772434112649765,-9.138160618884092,5.772434112649765,9.138160618884092,164,20,2475,315,same_bar,0,0.0,0.0,0.0,15,15.0,15.0,15.0,49,735,0.2512820512820513,39,585,-3.263051870867031
212,short,Short1,1,0,MFEProtect S1,2024-08-07 10:30:00,2024-08-07 12:45:00,57420.98,57292.03,9,135,4.015282121319071,0.2250749362520565,True,False,608.9800000000032,-79.0199999999968,1.060553128838977,-0.1376152061493844,1.060553128838977,0.1376152061493844,5,0,90,15,same_bar,0,0.0,,1.0,15,15.0,,30.0,0,0,0.0,0,0,0.0
213,long,Long1,1,0,MFEProtect L1,2024-08-07 18:45:00,2024-08-07 21:00:00,54805.04,54954.51,9,135,5.03808375830002,0.2727303912194889,True,False,492.4199999999983,-162.02000000000407,0.8984940071205098,-0.295629745001562,0.8984940071205098,0.295629745001562,6,7,105,120,same_bar,0,0.0,,0.0,15,15.0,,15.0,1,15,0.1111111111111111,1,15,-0.08360544942581649
214,short,Short2,2,0,MFEProtect S2,2024-08-08 12:45:00,2024-08-08 14:15:00,57924.59,58178.67,6,90,-20.149075692501064,-0.4367236308427058,False,True,1224.5900000000038,-330.4099999999962,2.1141107774781034,-0.5704140504058746,2.114110777478091,0.5704140504058872,3,1,60,30,same_bar,0,0.0,1.0,2.0,15,15.0,30.0,45.0,2,30,0.3333333333333333,1,15,-0.2698422207218054
215,short,Short1,1,0,OutsideStop Short1,2024-08-08 01:45:00,2024-08-08 16:00:00,56867.97,59773.5,57,855,-109.62951151126106,-4.860899897111592,False,True,197.5,-2992.029999999999,0.3472956745246929,-5.261362415433501,0.3472956745246929,5.261362415433501,11,56,180,855,same_bar,0,0.0,0.0,,15,15.0,15.0,,54,810,0.9473684210526315,44,660,-1.2176065861822507
216,short,Short1,1,0,OutsideStop Short1,2024-08-08 19:15:00,2024-08-08 20:00:00,59627.64,59434.57,3,45,3.028108620986796,0.3248446148428341,True,False,390.0500000000029,-155.86000000000058,0.6541429444465736,-0.2613888458439753,0.6541429444465736,0.26138884584397537,1,0,30,15,same_bar,0,0.0,,1.0,15,15.0,,30.0,1,15,0.3333333333333333,1,15,-0.1818451979652469
217,long,TrendLong,0,1,Reverse to RevShort,2024-08-08 22:00:00,2024-08-08 22:45:00,60708.5,62331.97,3,45,277.44416343068866,2.674205424281606,True,False,1821.5,-87.27999999999884,3.0004035678694088,-0.1437689944571169,3.0004035678694088,0.14376899445711694,2,0,45,15,same_bar,0,0.0,,0.0,15,15.0,,15.0,0,0,0.0,0,0,0.0
218,short,RevShort,0,-2,Reverse TP Channel,2024-08-08 22:45:00,2024-08-11 13:00:00,62331.97,60169.84290366197,249,3735,370.7932372831621,3.593373344517148,True,False,2796.970000000001,-413.1699999999983,4.48721578990685,-0.6628540699098685,4.48721578990685,0.6628540699098685,62,0,945,15,same_bar,0,0.0,0.0,1.0,15,15.0,15.0,30.0,1,15,0.004016064257028112,1,15,-0.028909723212655614
219,long,Long1,1,0,MFEProtect L1,2024-08-11 20:30:00,2024-08-11 22:00:00,58719.53,58620.32,6,90,-2.286790796332817,-0.1689557120092777,False,True,629.510000000002,-402.5299999999989,1.0720623955947912,-0.6855129800936739,1.0720623955947912,0.6855129800936739,5,1,90,30,same_bar,0,0.0,1.0,4.0,15,15.0,30.0,75.0,4,60,0.6666666666666666,3,45,-0.24095901312561618
220,long,Long1,1,0,MFEProtect L1,2024-08-13 11:00:00,2024-08-13 12:30:00,58716.04,58879.95,6,90,5.424105369879725,0.2791571093690992,True,False,467.2799999999989,-58.05000000000291,0.7958302365077734,-0.0988656591963676,0.7958302365077734,0.09886565919636765,5,0,90,15,same_bar,0,0.0,,5.0,15,15.0,,90.0,1,15,0.16666666666666666,1,15,-0.010303828391700076
221,short,Short1,1,0,MFEProtect S1,2024-08-13 17:15:00,2024-08-14 03:30:00,61274.23,61112.71,41,615,5.0834302055283285,0.2642985395345798,True,False,1030.4600000000064,-303.86999999999534,1.6817183993989095,-0.495918104560425,1.6817183993989095,0.49591810456042507,7,0,120,15,same_bar,0,0.0,,1.0,15,15.0,,30.0,1,15,0.024390243902439025,1,15,-0.37581867613840636
222,short,Short1,1,0,TP S1,2024-08-14 11:45:00,2024-08-15 01:45:00,61296.84,58204.96,56,840,55.94584339885005,5.312055879773836,True,False,3161.6400000000067,-503.1599999999962,5.15791678657498,-0.8208579757129343,5.157916786574968,0.8208579757129462,55,2,840,45,same_bar,0,0.0,1.0,2.0,15,15.0,30.0,45.0,1,15,0.017857142857142856,1,15,-0.638140563200329
223,long,Long1,1,0,MFEProtect L1,2024-08-15 06:30:00,2024-08-15 18:00:00,58143.87,57907.18,46,690,-4.9708053494477005,-0.4070764467518195,False,True,1705.510000000002,-429.989999999998,2.933258484514365,-0.7395276578597159,2.9332584845143517,0.7395276578597283,39,3,600,60,same_bar,0,0.0,2.0,9.0,15,15.0,45.0,150.0,7,105,0.15217391304347827,6,90,-0.21410929229758816
224,long,Long1,1,0,TP L1,2024-08-15 21:00:00,2024-08-18 02:45:00,56956.64,60125.97,215,3225,61.99127553376544,5.564460965394025,True,False,3302.3700000000026,-201.45999999999916,5.798042159790329,-0.3537076625306534,5.798042159790329,0.3537076625306534,214,0,3225,15,same_bar,0,0.0,,1.0,15,15.0,,30.0,0,0,0.0,0,0,0.0
225,long,Long2,2,0,TP L2,2024-08-15 21:00:00,2024-08-23 17:45:00,56956.64,62999.86,755,11325,474.26288578413664,10.610211557423344,True,False,6059.349999999999,-201.45999999999916,10.63853134595018,-0.3537076625306534,10.638531345950181,0.3537076625306534,754,0,11325,15,same_bar,0,0.0,,1.0,15,15.0,,30.0,0,0,0.0,0,0,0.0
226,short,Short1,1,0,OutsideStop Short1,2024-08-23 22:00:00,2024-08-23 22:45:00,64350.14,64084.99,3,45,4.42077202595269,0.413747431340794,True,False,500.1399999999994,-604.8600000000006,0.7772166463041097,-0.9399513349932116,0.7772166463041097,0.9399513349932115,2,1,45,30,same_bar,0,0.0,0.0,2.0,15,15.0,15.0,45.0,2,30,0.6666666666666666,2,30,-0.35395416389149004
227,short,Short1,1,0,TP S1,2024-08-25 23:15:00,2024-08-27 10:00:00,64746.880000000005,62467.04,139,2085,40.9843364809129,3.649668689279984,True,False,2369.2100000000064,-57.24999999999272,3.659187902181551,-0.0884212490238799,3.659187902181551,0.08842124902387995,138,0,2085,15,same_bar,0,0.0,,0.0,15,15.0,,15.0,0,0,0.0,0,0,0.0
228,long,Long1,1,0,OutsideStop Long1,2024-08-27 13:45:00,2024-08-27 22:30:00,62232.67,59108.9,35,525,-59.61325495967206,-5.019501814722071,False,True,60.33000000000175,-4198.659999999996,0.0969426508616804,-6.746713583074608,0.09694265086168045,6.746713583074608,0,33,15,510,same_bar,0,0.0,0.0,,15,15.0,15.0,,35,525,1.0,35,525,-1.096329996079915
229,long,Long1,1,0,OutsideStop Long1,2024-08-28 01:30:00,2024-08-28 02:15:00,59181.14,59208.33,3,45,0.1165044187002322,0.045943690844763,True,False,278.3099999999977,-81.13999999999942,0.4702680617507498,-0.1371044897073618,0.4702680617507498,0.13710448970736186,0,0,15,15,same_bar,0,0.0,,,15,15.0,,,0,0,0.0,0,0,0.0
230,long,Long1,1,0,OutsideStop Long1,2024-08-28 06:45:00,2024-08-28 07:30:00,59186.94,58839.98,3,45,-7.2995549855719135,-0.58621040384923,False,True,84.87999999999738,-409.9400000000023,0.1434100157906412,-0.6926190135864472,0.14341001579064128,0.6926190135864472,0,2,15,45,same_bar,0,0.0,1.0,,15,15.0,30.0,,3,45,1.0,3,45,-0.3268682809642394
231,long,Long1,1,0,OutsideStop Long1,2024-08-28 15:30:00,2024-08-28 16:30:00,58758.63,58670.97,4,60,-2.171221650275395,-0.1491865960795868,False,True,283.0500000000029,-898.6299999999974,0.4817164729674653,-1.5293583257472092,0.4817164729674653,1.5293583257472092,0,2,15,45,same_bar,0,0.0,2.0,,15,15.0,45.0,,3,45,0.75,3,45,-0.33865663648045735
232,long,Long1,1,0,MFEProtect L1,2024-08-29 19:15:00,2024-08-30 12:45:00,59476.04,59538.97,70,1050,0.8180661394041839,0.1058073133315629,True,False,468.0299999999989,-791.0400000000009,0.7869219268801332,-1.3300145739359932,0.7869219268801332,1.3300145739359932,68,39,1035,600,same_bar,0,0.0,1.0,68.0,15,15.0,30.0,1035.0,50,750,0.7142857142857143,37,555,-0.4588143393541346
233,long,Long1,1,0,Exit L1,2024-08-30 16:00:00,2024-09-01 02:15:00,58341.11,58516.07324,137,2055,3.093114157370496,0.2998970023024849,True,False,1121.2699999999968,-640.010000000002,1.921920923342043,-1.0970137523951842,1.9219209233420427,1.0970137523951842,33,0,510,15,same_bar,0,0.0,0.0,3.0,15,15.0,15.0,60.0,3,45,0.021897810218978103,2,30,-0.25881121105398125
234,long,Long1,1,0,MFEProtect L1,2024-09-01 06:00:00,2024-09-01 19:30:00,58178.61,58301.08,54,810,4.09159018298175,0.2105069199831444,True,False,610.3199999999997,-977.6100000000006,1.0490453450159771,-1.6803598435920015,1.0490453450159771,1.6803598435920015,48,31,735,480,same_bar,0,0.0,19.0,6.0,15,15.0,300.0,105.0,29,435,0.5370370370370371,14,210,-0.3132339745033333
235,long,Long1,1,0,TP L1,2024-09-01 22:30:00,2024-09-03 02:00:00,57545.03,59763.97,110,1650,44.7986141832376,3.856006331041972,True,False,2262.3899999999994,-417.0299999999989,3.9315124173190967,-0.7247020290023288,3.9315124173190967,0.7247020290023288,109,8,1650,135,same_bar,0,0.0,0.0,27.0,15,15.0,15.0,420.0,21,315,0.19090909090909092,13,195,-0.2133674810011905
236,long,Long1,1,0,MFEProtect L1,2024-09-04 01:15:00,2024-09-04 04:15:00,56420.01,56568.52,12,180,2.674654291615944,0.2632222149552943,True,False,503.6399999999994,-53.01000000000204,0.8926620183158411,-0.0939560273030827,0.8926620183158411,0.09395602730308278,1,0,30,15,same_bar,0,0.0,,0.0,15,15.0,,15.0,0,0,0.0,0,0,0.0
237,long,Long1,1,0,MFEProtect L1,2024-09-05 06:30:00,2024-09-05 14:00:00,56878.02,56765.97,30,450,-5.487009464391937,-0.1970005284994025,False,True,471.9800000000032,-560.0199999999968,0.829810883008943,-0.9845982683644696,0.829810883008943,0.9845982683644697,29,22,450,345,same_bar,0,0.0,21.0,1.0,15,15.0,330.0,30.0,17,255,0.5666666666666667,15,225,-0.264673728921268
238,long,Long1,1,0,MFEProtect L1,2024-09-05 19:45:00,2024-09-06 07:00:00,56060.04,56195.97,45,675,2.429546762310742,0.2424721780434069,True,False,798.8399999999965,-416.3899999999994,1.42497222620604,-0.7427572295702953,1.42497222620604,0.7427572295702953,24,6,375,105,same_bar,0,0.0,6.0,22.0,15,15.0,105.0,345.0,2,30,0.044444444444444446,2,30,-0.13026212610622867
239,long,Long1,1,0,OutsideStop Long1,2024-09-06 15:30:00,2024-09-06 19:45:00,54405.04,53534.25,17,255,-19.262056537416655,-1.600568623789267,False,True,29.959999999999127,-1137.5,0.0550684274839226,-2.0907989406863776,0.055068427483922676,2.0907989406863776,6,15,105,240,same_bar,0,0.0,0.0,,15,15.0,15.0,,17,255,1.0,17,255,-0.9773478166512436
240,long,Long1,1,0,MFEProtect L1,2024-09-07 18:00:00,2024-09-08 06:45:00,54140.41,54291.98,51,765,2.8663478063639305,0.2799572445055576,True,False,434.5900000000038,-326.3999999999942,0.8027091039761314,-0.6028768529828167,0.8027091039761178,0.60287685298283,42,19,645,300,same_bar,0,0.0,14.0,5.0,15,15.0,225.0,90.0,15,225,0.29411764705882354,11,165,-0.21993799702170116
241,long,Long1,1,0,TP L1,2024-09-08 13:15:00,2024-09-09 13:45:00,54250.03,55686.89,98,1470,61.40833800736812,2.648588397093965,True,False,1548.9700000000012,-621.0199999999968,2.8552426606953047,-1.1447366941548176,2.8552426606953047,1.1447366941548176,97,10,1470,165,same_bar,0,0.0,7.0,18.0,15,15.0,120.0,285.0,15,225,0.15306122448979592,14,210,-0.41906459160790355
242,short,Short2,2,0,MFEProtect S2,2024-09-09 23:00:00,2024-09-10 00:45:00,57095.98,56982.04,7,105,7.72496866306048,0.1999577410706887,True,False,471.4800000000032,-169.14999999999418,0.8257674183016093,-0.2962555332266722,0.8257674183016093,0.29625553322667225,4,0,75,15,same_bar,0,0.0,,3.0,15,15.0,,60.0,2,30,0.2857142857142857,2,30,-0.1119956256114718
243,short,Short1,1,0,NoProgress S1,2024-09-09 17:30:00,2024-09-10 17:30:00,56410.81,57174.02,96,1440,-16.419301905287174,-1.334889518001359,False,True,146.80999999999767,-1677.1900000000023,0.2602515368951406,-2.9731712769237,0.26025153689514063,2.9731712769237,1,14,30,225,same_bar,0,0.0,5.0,,15,15.0,90.0,,96,1440,1.0,96,1440,-0.9689272100507015
244,short,Short1,1,0,MFEProtect S1,2024-09-10 18:45:00,2024-09-11 17:00:00,57581.96,57643.85,89,1335,-1.6944598900651389,-0.107366180433821,False,True,2036.7699999999968,-462.4000000000015,3.537166848783885,-0.8030292820876564,3.537166848783885,0.8030292820876564,79,3,1200,60,same_bar,0,0.0,2.0,26.0,15,15.0,45.0,405.0,20,300,0.2247191011235955,7,105,-0.18678766752642684
245,short,Short2,2,0,MFEProtect S2,2024-09-10 18:45:00,2024-09-11 17:00:00,57581.96,57643.85,89,1335,-6.777595205040622,-0.107366180433821,False,True,2036.7699999999968,-462.4000000000015,3.537166848783885,-0.8030292820876564,3.537166848783885,0.8030292820876564,79,3,1200,60,same_bar,0,0.0,2.0,26.0,15,15.0,45.0,405.0,20,300,0.2247191011235955,7,105,-0.18678766752642684
246,short,Short1,1,0,NoProgress S1,2024-09-11 20:00:00,2024-09-12 20:00:00,57579.97,58174.13,96,1440,-12.600977760116002,-1.021347461491895,False,True,368.8700000000026,-1008.0299999999988,0.6406220774342234,-1.750660863491243,0.6406220774342234,1.750660863491243,8,73,135,1110,same_bar,0,0.0,17.0,3.0,15,15.0,270.0,60.0,78,1170,0.8125,58,870,-0.8028250279679011
247,short,Short1,1,0,NoProgress S1,2024-09-13 16:00:00,2024-09-14 16:00:00,59584.26,59922.02,96,1440,-7.105791850621705,-0.563665911129152,False,True,272.25,-1040.739999999998,0.4569159707614057,-1.7466693385132213,0.4569159707614057,1.7466693385132213,2,26,45,405,same_bar,0,0.0,6.0,,15,15.0,105.0,,90,1350,0.9375,87,1305,-0.8179214518136873
248,short,Short2,2,0,MFEProtect S2,2024-09-13 19:30:00,2024-09-14 18:30:00,59899.96,59760.04,92,1380,9.311314116751758,0.2341363894669434,True,False,499.9599999999991,-725.0400000000009,0.8346583203060556,-1.2104181705630537,0.8346583203060556,1.2104181705630535,89,12,1350,195,same_bar,0,0.0,5.0,89.0,15,15.0,90.0,1350.0,63,945,0.6847826086956522,55,825,-0.5046602198753904
249,short,Short1,1,0,MFEProtect S1,2024-09-15 01:30:00,2024-09-15 19:00:00,60186.42,60041.31,70,1050,2.41770158962104,0.2416836008408251,True,False,479.3399999999965,-209.38000000000463,0.7964255059529981,-0.3478857855310295,0.7964255059529981,0.34788578553102956,61,53,930,810,adverse,0,1.0,,35.0,15,30.0,,540.0,16,240,0.22857142857142856,5,75,-0.0849766026954274
250,long,Long1,1,0,MFEProtect L1,2024-09-16 03:00:00,2024-09-16 13:30:00,58350.03,58093.97,42,630,-11.18801241182287,-0.4388343930585736,False,True,829.3199999999997,-262.02999999999884,1.4212846163061092,-0.4490657502661075,1.4212846163061092,0.44906575026610757,20,41,315,630,same_bar,0,0.0,,10.0,15,15.0,,165.0,1,15,0.023809523809523808,1,15,-0.43878297920326714
251,long,Long1,1,0,MFEProtect L1,2024-09-16 16:45:00,2024-09-17 00:45:00,57810.01,57629.98,32,480,-4.088763279216311,-0.3114166560427844,False,True,599.989999999998,-316.7099999999991,1.037865241677,-0.5478462985908481,1.037865241677,0.5478462985908481,27,0,420,15,same_bar,0,0.0,0.0,3.0,15,15.0,15.0,60.0,11,165,0.34375,4,60,-0.13887025636375247
252,short,Short1,1,0,Exit S1,2024-09-17 15:30:00,2024-09-18 18:00:00,60931.98,60749.24397,106,1590,3.1069506083411733,0.3008037928673435,True,False,1757.1800000000003,-329.0199999999968,2.8838386673139462,-0.5399791702157009,2.8838386673139462,0.5399791702157009,97,1,1470,30,same_bar,0,0.0,1.0,12.0,15,15.0,30.0,195.0,6,90,0.05660377358490566,4,60,-0.1545329726688638
253,short,Short1,1,0,MFEProtect S1,2024-09-18 18:30:00,2024-09-18 20:45:00,60385.48,60230.04,9,135,5.214686043917511,0.2580771986869123,True,False,911.8000000000028,-574.5199999999968,1.509965640746754,-0.9514207720133993,1.5099656407467539,0.9514207720133993,5,0,90,15,same_bar,0,0.0,0.0,2.0,15,15.0,15.0,45.0,3,45,0.3333333333333333,3,45,-0.3401645561151412
254,short,Short1,1,0,MFEProtect S1,2024-09-19 00:45:00,2024-09-19 02:15:00,62225.97,62086.67,6,90,2.213088421597836,0.2243637805023235,True,False,670.9700000000012,-90.02999999999884,1.0782796957604697,-0.1446823569001798,1.0782796957604697,0.14468235690017983,2,0,45,15,same_bar,0,0.0,,0.0,15,15.0,,15.0,0,0,0.0,0,0,0.0
255,short,Short1,1,0,OutsideStop Short1,2024-09-19 09:45:00,2024-09-19 17:00:00,62271.98,63428.03,29,435,-22.295596226122136,-1.8226169092749656,False,True,29.9800000000032,-1522.8999999999942,0.0481436434171568,-2.4455621934616407,0.0481436434171568,2.4455621934616407,4,28,75,435,adverse,0,4.0,1.0,,15,75.0,30.0,,29,435,1.0,29,435,-1.1260635505174479
256,short,Short2,2,0,OutsideStop Short2,2024-09-19 09:45:00,2024-09-19 17:00:00,62271.98,63428.03,29,435,-89.17917004375154,-1.8226169092749656,False,True,29.9800000000032,-1522.8999999999942,0.0481436434171568,-2.4455621934616407,0.0481436434171568,2.4455621934616407,4,28,75,435,adverse,0,4.0,1.0,,15,75.0,30.0,,29,435,1.0,29,435,-1.1260635505174479
257,short,Short3,3,0,OutsideStop Short3,2024-09-19 13:30:00,2024-09-19 17:00:00,62909.98,63428.03,14,210,-40.28804736651374,-0.8167524673239779,False,True,219.9800000000032,-884.8999999999942,0.3496742488234827,-1.4066130683875502,0.3496742488234827,1.4066130683875502,0,13,15,210,same_bar,0,0.0,1.0,,15,15.0,30.0,,14,210,1.0,14,210,-0.5095489505117322
258,short,Short2,2,0,MFEProtect S2,2024-09-20 09:45:00,2024-09-20 15:30:00,63467.97,63280.02,23,345,12.104651939757158,0.2970131804636011,True,False,914.0699999999996,-232.02999999999884,1.4402067688630968,-0.3655859798257276,1.4402067688630968,0.3655859798257276,16,4,255,75,same_bar,0,0.0,,12.0,15,15.0,,195.0,6,90,0.2608695652173913,5,75,-0.13756807830258935
259,short,Short1,1,0,Exit S1,2024-09-20 04:15:00,2024-09-22 22:30:00,63861.98,63670.45397,265,3975,3.06826502763839,0.3008083311142107,True,False,1511.9800000000032,-172.00999999999476,2.367574572539096,-0.2693464875345154,2.367574572539096,0.26934648753451546,54,3,825,60,same_bar,0,0.0,,11.0,15,15.0,,180.0,1,15,0.0037735849056603774,1,15,-0.08253737200130118
260,short,Short1,1,0,Exit S1,2024-09-23 03:30:00,2024-09-24 19:45:00,64499.97,64306.53,161,2415,6.143458321424382,0.300809264626789,True,False,1799.9700000000012,-0.0299999999988358,2.7906524607685883,-4.651164953849722e-05,2.7906524607685883,4.651164953849722e-05,89,0,1350,15,same_bar,0,0.0,,2.0,15,15.0,,45.0,0,0,0.0,0,0,0.0
261,short,Short1,1,0,Exit S1,2024-09-24 22:15:00,2024-09-26 10:15:00,64415.96,64222.77203,144,2160,6.146257097625899,0.3008091427597614,True,False,1745.9599999999991,-402.0299999999989,2.710446293123628,-0.6241155142297016,2.710446293123628,0.6241155142297016,108,12,1635,195,same_bar,0,0.0,12.0,7.0,15,15.0,195.0,120.0,5,75,0.034722222222222224,2,30,-0.1666077785691611
262,short,Short1,1,0,NoProgress S1,2024-09-26 14:15:00,2024-09-27 14:15:00,64695.73,66280.13,96,1440,-57.897666775849714,-2.390460006641515,False,True,375.83000000000175,-1644.2699999999968,0.5809193280607573,-2.541543313600444,0.5809193280607573,2.541543313600444,2,95,45,1440,same_bar,0,0.0,4.0,2.0,15,15.0,75.0,45.0,94,1410,0.9791666666666666,70,1050,-0.9211083420149124
263,short,Short1,1,0,MFEProtect S1,2024-09-27 14:45:00,2024-09-28 02:15:00,66242.63,66062.03,46,690,2.742910300295142,0.2733794283948043,True,False,718.6300000000047,-180.1599999999889,1.0848452122145582,-0.2719698780075442,1.0848452122145582,0.27196987800754424,14,1,225,30,same_bar,0,0.0,,5.0,15,15.0,,90.0,3,45,0.06521739130434782,2,30,-0.11204768490219823
264,long,Long1,1,0,NoProgress L1,2024-09-30 03:00:00,2024-10-01 03:00:00,64430.03,63625.68,96,1440,-29.75931537534161,-1.2484085448974611,False,True,319.9800000000032,-1573.729999999996,0.4966317724824949,-2.4425411566625006,0.4966317724824949,2.4425411566625006,11,81,180,1230,same_bar,0,0.0,22.0,,15,15.0,345.0,,79,1185,0.8229166666666666,76,1140,-1.1869622388539591
265,long,Long2,2,0,MFEProtect L2,2024-10-01 17:30:00,2024-10-01 18:45:00,61813.21,61987.96,5,75,11.381803311545164,0.2827065606203049,True,False,626.7900000000009,-40.900000000001455,1.01400655296821,-0.0661670862911042,1.01400655296821,0.06616708629110421,3,0,60,15,same_bar,0,0.0,,0.0,15,15.0,,15.0,0,0,0.0,0,0,0.0
266,long,Long3,3,0,MFEProtect L3,2024-10-01 21:45:00,2024-10-02 09:45:00,61142.04,61271.22,48,720,8.084463114116785,0.2112785245634629,True,False,797.9599999999991,-512.0299999999988,1.30509220824166,-0.8374434349916993,1.30509220824166,0.8374434349916993,38,3,585,60,adverse,0,10.0,0.0,14.0,15,165.0,15.0,225.0,12,180,0.25,12,180,-0.4470178511108462
267,long,Long1,1,0,NoProgress L1,2024-10-01 13:45:00,2024-10-02 13:45:00,62866.83,61349.97,96,1440,-28.294078047372626,-2.412814516017425,False,True,217.16999999999825,-2702.8300000000017,0.3454444895662756,-4.299294238312957,0.3454444895662756,4.299294238312957,0,26,15,405,same_bar,0,0.0,2.0,,15,15.0,45.0,,96,1440,1.0,96,1440,-2.1162678646805246
268,long,Long1,1,0,MFEProtect L1,2024-10-02 19:00:00,2024-10-03 07:45:00,60849.72,60925.97,51,765,1.0306131943609076,0.1253087113630036,True,False,627.4700000000012,-849.7200000000012,1.0311797654944037,-1.3964238455000304,1.0311797654944035,1.3964238455000304,35,2,540,45,same_bar,0,0.0,0.0,24.0,15,15.0,15.0,375.0,18,270,0.35294117647058826,6,90,-0.4220333488980932
269,long,Long2,2,0,MFEProtect L2,2024-10-02 22:15:00,2024-10-03 08:00:00,60566.03,60539.96,39,585,-3.6479299283981215,-0.0430439307314678,False,True,911.1600000000036,-36.02999999999884,1.504407668787278,-0.059488792644984,1.504407668787278,0.05948879264498406,22,38,345,585,same_bar,0,0.0,,2.0,15,15.0,,45.0,1,15,0.02564102564102564,1,15,-0.04299439801486171
270,long,Long1,1,0,MFEProtect L1,2024-10-03 15:00:00,2024-10-03 16:15:00,60210.39,60213.97,5,75,-0.3468810058717185,0.0059458176570492,False,True,571.1399999999994,-122.38999999999942,0.9485738258795524,-0.2032705650968203,0.9485738258795524,0.20327056509682034,3,0,60,15,same_bar,0,0.0,,2.0,15,15.0,,45.0,1,15,0.2,1,15,-0.07736206325852368
271,short,Short1,1,0,MFEProtect S1,2024-10-04 20:00:00,2024-10-05 05:45:00,62319.98,62149.5,39,585,5.485186894449738,0.2743063097852882,True,False,630.7200000000012,-164.86999999999534,1.0120670770433513,-0.2645540001777846,1.0120670770433513,0.26455400017778463,27,2,420,45,same_bar,0,0.0,,12.0,15,15.0,,195.0,6,90,0.15384615384615385,5,75,-0.06124306629537261
272,short,Short1,1,0,NoProgress S1,2024-10-06 15:00:00,2024-10-07 15:00:00,62638.67,63773.53,96,1440,-42.67943098331728,-1.779515733251713,False,True,336.66999999999825,-1839.520000000004,0.537479483520321,-2.9367162489241934,0.537479483520321,2.9367162489241934,26,92,405,1395,same_bar,0,0.0,17.0,26.0,15,15.0,270.0,405.0,80,1200,0.8333333333333334,65,975,-1.0186028055832002
273,long,Long1,1,0,NoProgress L1,2024-10-09 19:30:00,2024-10-10 19:30:00,61107.52,59685.98,96,1440,-27.1600782575982,-2.3262930650761016,False,True,214.1600000000035,-2161.519999999997,0.3504642309162661,-3.5372405883923896,0.3504642309162661,3.5372405883923896,63,89,960,1350,same_bar,0,0.0,4.0,,15,15.0,75.0,,85,1275,0.8854166666666666,40,600,-0.7371577565730181
274,long,Long2,2,0,TP L2,2024-10-10 18:30:00,2024-10-14 14:00:00,59242.03,65457.97,366,5490,479.3966668709783,10.492449364074808,True,False,6257.970000000001,-74.08999999999651,10.563395616254205,-0.1250632363543189,10.563395616254205,0.1250632363543189,365,0,5490,15,same_bar,0,0.0,,1.0,15,15.0,,30.0,0,0,0.0,0,0,0.0
275,short,Short2,2,0,MFEProtect S2,2024-10-15 17:00:00,2024-10-15 22:15:00,66845.95,66828.03,21,315,-0.4392952110746979,0.0268150954023216,False,True,715.3099999999977,-544.9400000000023,1.070087267815025,-0.8152176758651831,1.070087267815025,0.8152176758651831,16,4,255,75,same_bar,0,0.0,4.0,13.0,15,15.0,75.0,210.0,8,120,0.38095238095238093,4,60,-0.22797940638139558
276,short,Short1,1,0,MFEProtect S1,2024-10-15 14:00:00,2024-10-16 01:15:00,67356.08,67482.66,45,675,-2.6770841414853823,-0.1875741116310503,False,True,2556.07,-140.80999999999767,3.79486157745522,-0.2090531396720202,3.7948615774552197,0.2090531396720202,3,44,60,675,same_bar,0,0.0,,0.0,15,15.0,,15.0,1,15,0.022222222222222223,1,15,-0.1878820738974163
277,short,Short1,1,0,Exit S1,2024-10-16 10:30:00,2024-10-17 15:30:00,67563.97,67361.338,116,1740,3.15405517323762,0.3008135022496194,True,False,897.9700000000012,-860.0299999999988,1.3290663648095296,-1.2729121749358403,1.3290663648095296,1.2729121749358405,109,4,1650,75,adverse,0,11.0,2.0,11.0,15,180.0,45.0,180.0,61,915,0.5258620689655172,27,405,-0.32823198130164366
278,short,Short2,2,0,Exit S2,2024-10-16 10:30:00,2024-10-17 15:30:00,67563.97,67361.338,116,1740,12.615765949017424,0.3008135022496194,True,False,897.9700000000012,-860.0299999999988,1.3290663648095296,-1.2729121749358403,1.3290663648095296,1.2729121749358405,109,4,1650,75,adverse,0,11.0,2.0,11.0,15,180.0,45.0,180.0,61,915,0.5258620689655172,27,405,-0.32823198130164366
279,short,Short1,1,0,NoProgress S1,2024-10-18 06:30:00,2024-10-19 06:30:00,68099.22,68378.02,96,1440,-10.657489676432458,-0.4077333622705126,False,True,456.5099999999948,-900.7799999999988,0.6703601010407971,-1.322746427932653,0.6703601010407971,1.322746427932653,24,48,375,735,same_bar,0,0.0,29.0,20.0,15,15.0,450.0,315.0,70,1050,0.7291666666666666,66,990,-0.5738318294981937
280,short,Short1,1,0,MFEProtect S1,2024-10-21 01:30:00,2024-10-21 05:15:00,69317.96,69126.03,15,225,5.7587301916389295,0.2776522823602079,True,False,729.4500000000116,-53.26999999998952,1.052324678914399,-0.0768487705062144,1.052324678914399,0.07684877050621443,5,0,90,15,same_bar,0,0.0,,3.0,15,15.0,,60.0,0,0,0.0,0,0,0.0
281,long,Long1,1,0,MFEProtect L1,2024-10-21 16:30:00,2024-10-22 00:00:00,67170.06,67288.59,30,450,3.356467629338571,0.1764625489392157,True,False,771.1100000000006,-135.02000000000407,1.1479965925294702,-0.2010121771515524,1.1479965925294702,0.20101217715155248,12,6,195,105,same_bar,0,0.0,,1.0,15,15.0,,30.0,0,0,0.0,0,0,0.0
282,long,Long1,1,0,MFEProtect L1,2024-10-22 08:30:00,2024-10-22 15:15:00,67124.97,67215.97,27,405,2.37966619283528,0.1355680307939089,True,False,568.3699999999953,-480.79000000000815,0.846734084201446,-0.7162610277516819,0.846734084201446,0.7162610277516819,25,20,390,315,same_bar,0,0.0,3.0,10.0,15,15.0,60.0,165.0,13,195,0.48148148148148145,6,90,-0.23254673048929997
283,long,Long1,1,0,MFEProtect L1,2024-10-23 09:15:00,2024-10-23 14:00:00,66352.04,66536.96,19,285,5.801575739351486,0.278695274478391,True,False,558.1100000000006,-247.0399999999936,0.8411346508713231,-0.3723171133848991,0.8411346508713231,0.37231711338489915,17,12,270,195,same_bar,0,0.0,,17.0,15,15.0,,270.0,2,30,0.10526315789473684,2,30,-0.08612395338559176
284,long,Long1,1,0,TP L1,2024-10-23 18:15:00,2024-10-24 21:00:00,65626.25,68525.96,107,1605,52.40588238683832,4.418521551970445,True,False,2928.75,-32.25,4.462772137673568,-0.0491419211062646,4.462772137673568,0.04914192110626464,106,0,1605,15,same_bar,0,0.0,,1.0,15,15.0,,30.0,0,0,0.0,0,0,0.0
285,long,Long1,1,0,TP L1,2024-10-25 23:15:00,2024-10-28 12:15:00,65835.70999999999,68923.05,244,3660,111.77508951373687,4.689461084265689,True,False,3112.2800000000134,-95.70999999999184,4.727343260974954,-0.145377030186189,4.727343260974954,0.14537703018618903,243,0,3660,15,same_bar,0,0.0,,0.0,15,15.0,,15.0,0,0,0.0,0,0,0.0
286,short,Short1,1,0,OutsideStop Short1,2024-10-28 19:30:00,2024-10-29 16:45:00,69765.72,72739.47,85,1275,-52.13830422332552,-4.088220604301906,False,True,337.9300000000076,-3158.020000000004,0.4843782877894868,-4.526607049995333,0.4843782877894868,4.526607049995333,2,84,45,1275,same_bar,0,0.0,9.0,,15,15.0,150.0,,77,1155,0.9058823529411765,77,1155,-1.850836786877008
287,short,Short2,2,0,OutsideStop Short2,2024-10-29 03:45:00,2024-10-29 16:45:00,70938.11,72739.47,52,780,-124.73536414041573,-2.476454667596561,False,True,100.27999999999884,-1985.6300000000049,0.1413626610576442,-2.799101921379079,0.14136266105764422,2.799101921379079,15,51,240,780,same_bar,0,0.0,11.0,,15,15.0,180.0,,50,750,0.9615384615384616,37,555,-0.6920178730445437
288,long,Long1,1,0,MFEProtect L1,2024-10-31 20:15:00,2024-11-01 15:30:00,70193.78,69945.68000000001,77,1155,-9.3017821989665,-0.3534501205092355,False,True,1439.1699999999985,-1363.7799999999988,2.050281378207582,-1.9428786995087013,2.050281378207582,1.9428786995087013,72,22,1095,345,same_bar,0,0.0,1.0,10.0,15,15.0,30.0,165.0,49,735,0.6363636363636364,45,675,-0.8074152811295352
289,long,Long1,1,0,MFEProtect L1,2024-11-01 19:15:00,2024-11-02 14:15:00,69054.02,69151.16,76,1140,1.2487600317454457,0.1406724764177358,True,False,860.3499999999913,-199.52000000000407,1.2459086379040514,-0.2889332148946637,1.2459086379040514,0.2889332148946637,27,8,420,135,same_bar,0,0.0,,0.0,15,15.0,,15.0,2,30,0.02631578947368421,2,30,-0.12679927975229321
290,long,Long1,1,0,NoProgress L1,2024-11-02 23:30:00,2024-11-03 23:30:00,69249.02,68796.94,96,1440,-16.43924191775584,-0.6528323433313554,False,True,141.97999999999593,-1770.290000000008,0.2050281722398323,-2.55641162864111,0.20502817223983233,2.55641162864111,1,63,30,960,same_bar,0,0.0,9.0,,15,15.0,150.0,,92,1380,0.9583333333333334,83,1245,-1.1096576748918545
291,long,Long1,1,0,TP L1,2024-11-04 17:15:00,2024-11-05 16:30:00,67798.03,70143.97,93,1395,81.59928246722158,3.4601890349911457,True,False,2779.8800000000047,-963.0299999999988,4.100237130783895,-1.4204395024457184,4.100237130783895,1.4204395024457184,92,17,1395,270,same_bar,0,0.0,13.0,29.0,15,15.0,210.0,450.0,18,270,0.1935483870967742,11,165,-0.31880064296197985
292,short,Short1,1,0,OutsideStop Short1,2024-11-06 00:45:00,2024-11-06 03:00:00,71096.01,74057.42,9,135,-50.43521022117631,-3.998802550777492,False,True,490.0099999999948,-3903.990000000005,0.6892229254496769,-5.491152035114215,0.6892229254496769,5.491152035114215,1,8,30,135,adverse,0,1.0,4.0,1.0,15,30.0,75.0,30.0,7,105,0.7777777777777778,6,90,-1.697856984419488
293,long,TrendLong,0,1,Reverse to RevShort,2024-11-06 03:45:00,2024-11-06 04:00:00,74348.56,74385.08,1,15,1.5656376626335806,0.0491199829559585,True,False,338.41999999999825,-436.5599999999977,0.4551803020798228,-0.5871801686542385,0.4551803020798228,0.5871801686542385,0,0,15,15,same_bar,0,0.0,0.0,,15,15.0,15.0,,0,0,0.0,0,0,0.0
294,short,RevShort,0,-2,MFEProtect RevShort,2024-11-06 04:00:00,2024-11-07 14:00:00,74385.08,74757.61,136,2040,-64.17549490889398,-0.4983171612896631,False,True,1728.770000000004,-2014.9199999999985,2.324081657235569,-2.7087690165823552,2.324081657235569,2.7087690165823552,15,66,240,1005,same_bar,0,0.0,0.0,3.0,15,15.0,15.0,60.0,96,1440,0.7058823529411765,85,1275,-0.9285359207787348
295,short,Short1,1,0,OutsideStop Short1,2024-11-07 18:00:00,2024-11-07 18:45:00,76043.97,76604.04,3,45,-9.179086636066616,-0.7311233193445066,False,True,23.970000000001164,-675.0200000000041,0.0315212369896011,-0.8876706463379069,0.031521236989601104,0.8876706463379069,0,2,15,45,same_bar,0,0.0,1.0,,15,15.0,30.0,,3,45,1.0,3,45,-0.5935601030123324
296,short,Short1,1,0,MFEProtect S1,2024-11-08 18:45:00,2024-11-09 05:30:00,76811.97,76590.03,43,645,3.003246294799512,0.2897766197506479,True,False,675.9700000000012,-388.0200000000041,0.880032109578756,-0.5051556417574032,0.880032109578756,0.5051556417574032,29,3,450,60,same_bar,0,0.0,3.0,5.0,15,15.0,60.0,90.0,4,60,0.09302325581395349,4,60,-0.2308592007209287
297,short,Short2,2,0,MFEProtect S2,2024-11-10 09:45:00,2024-11-10 21:15:00,79367.97,79560.04,46,690,-13.134813395371909,-0.2414151626871863,False,True,894.8399999999965,-1702.020000000004,1.127457335748913,-2.1444670942194994,1.127457335748913,2.1444670942194994,44,33,675,510,same_bar,0,0.0,2.0,43.0,15,15.0,45.0,660.0,40,600,0.8695652173913043,32,480,-0.5917538271421036
298,short,Short3,3,0,MFEProtect S3,2024-11-10 18:30:00,2024-11-10 22:15:00,80721.87,80849.76,15,225,-9.08997369717546,-0.1581822877396277,False,True,2248.7399999999907,-778.1300000000047,2.785787792081614,-0.9639642887361316,2.785787792081614,0.9639642887361315,9,14,150,225,same_bar,0,0.0,14.0,2.0,15,15.0,225.0,45.0,1,15,0.06666666666666667,1,15,-0.1583957358767929
299,short,Short1,1,0,NoProgress S1,2024-11-10 03:30:00,2024-11-11 03:30:00,77347.57,81380.03,96,1440,-124.67733082891134,-4.9550977064029,False,True,209.57000000000696,-4382.429999999993,0.2709458099330166,-5.665892283364549,0.2709458099330166,5.665892283364549,1,88,30,1335,same_bar,0,0.0,3.0,,15,15.0,60.0,,93,1395,0.96875,93,1395,-3.230452148088339
300,short,Short1,1,0,MFEProtect S1,2024-11-11 04:00:00,2024-11-11 09:00:00,81573.99,81440.66,20,300,1.4943575198252463,0.1637142920993151,True,False,1141.9900000000052,-7.6599999999889405,1.3999437810998396,-0.0093902480435111,1.3999437810998396,0.0093902480435111,6,3,105,60,same_bar,0,0.0,,0.0,15,15.0,,15.0,0,0,0.0,0,0,0.0
301,short,Short1,1,0,MFEProtect S1,2024-11-11 12:15:00,2024-11-11 13:15:00,82117.96,81874.03,4,60,3.06100405307468,0.297933300705977,True,False,657.7700000000041,-232.0399999999936,0.8010062597755765,-0.282569123733704,0.8010062597755765,0.282569123733704,3,1,60,30,same_bar,0,0.0,,2.0,15,15.0,,45.0,2,30,0.5,2,30,-0.13577419604674512
302,long,TrendLong,0,1,Reverse to RevShort,2024-11-11 16:00:00,2024-11-11 20:00:00,84768.03,87146.01,16,240,324.5425248245305,2.8052793016423605,True,False,2406.3899999999994,-936.1900000000024,2.838794295443694,-1.1044140108010088,2.838794295443694,1.1044140108010088,15,2,240,45,same_bar,0,0.0,0.0,9.0,15,15.0,15.0,150.0,8,120,0.5,5,75,-0.37771757819545504
303,short,RevShort,0,-2,MFEProtect RevShort,2024-11-11 20:00:00,2024-11-13 07:00:00,87146.01,86993.06999999999,140,2100,16.814843116883562,0.1758071073937328,True,False,2074.0099999999948,-2793.990000000005,2.379925368929679,-3.2061020349640854,2.379925368929679,3.2061020349640854,70,44,1065,675,same_bar,0,0.0,4.0,0.0,15,15.0,75.0,15.0,102,1530,0.7285714285714285,47,705,-1.3076516922688801
304,short,Short1,1,0,Breakout Flip Up,2024-11-13 15:00:00,2024-11-13 15:30:00,91168.88,92000.02,2,30,-11.429239595015511,-0.9034128470841618,False,True,164.88000000000466,-831.1199999999953,0.1808511851851252,-0.91162686214857,0.18085118518512527,0.9116268621485701,0,1,15,30,same_bar,0,0.0,0.0,,15,15.0,15.0,,2,30,1.0,2,30,-0.7891015004242719
305,long,TrendLong,0,1,Reverse to RevShort,2024-11-13 15:30:00,2024-11-13 15:45:00,92000.02,92539.98,1,15,66.32979239422733,0.5869129158884823,True,False,689.9799999999959,-165.04000000000815,0.7499780978308439,-0.1793912653497337,0.7499780978308439,0.17939126534973376,0,0,15,15,same_bar,0,0.0,,0.0,15,15.0,,15.0,0,0,0.0,0,0,0.0
306,short,RevShort,0,-2,Reverse TP Channel,2024-11-13 15:45:00,2024-11-15 01:45:00,92539.98,87975.99,136,2040,593.156357213513,5.187767707984858,True,False,5871.7699999999895,-725.6600000000035,6.345116996999556,-0.7841583713331293,6.345116996999556,0.7841583713331293,126,1,1905,30,same_bar,0,0.0,0.0,2.0,15,15.0,15.0,45.0,6,90,0.04411764705882353,3,45,-0.30477817983823136
307,short,Short1,1,0,MFEProtect S1,2024-11-15 12:15:00,2024-11-15 13:45:00,90284.16,90148.03,6,90,2.9157166242198267,0.1510071822978353,True,False,1042.5899999999965,-198.13999999999945,1.154787284945661,-0.2194626388504909,1.154787284945661,0.21946263885049094,4,5,75,90,same_bar,0,0.0,,0.0,15,15.0,,15.0,0,0,0.0,0,0,0.0
308,short,Short1,1,0,NoProgress S1,2024-11-15 19:45:00,2024-11-16 19:45:00,90377.86,91100.27,96,1440,-21.22010720743343,-0.7929833797419072,False,True,321.6900000000023,-1472.1399999999994,0.3559389434536316,-1.6288723809127583,0.3559389434536316,1.6288723809127583,79,8,1200,135,same_bar,0,0.0,0.0,,15,15.0,15.0,,95,1425,0.9895833333333334,77,1155,-0.8459722092859553
309,short,Short1,1,0,MFEProtect S1,2024-11-18 07:00:00,2024-11-18 15:30:00,91926.9,91888.02,34,510,0.1599540391573052,0.0423123710794781,True,False,2550.0,-339.1000000000058,2.773943209223851,-0.3688800557834604,2.773943209223851,0.3688800557834604,26,33,405,510,same_bar,0,0.0,,1.0,15,15.0,,30.0,3,45,0.08823529411764706,1,15,-0.103756354233638
310,short,Short1,1,0,MFEProtect S1,2024-11-19 12:30:00,2024-11-19 15:00:00,92263.98,92034.48,10,150,5.39508437980738,0.2493630647991906,True,False,1288.179999999993,-524.0200000000041,1.396189498870516,-0.5679572895077841,1.396189498870516,0.5679572895077841,5,1,90,30,same_bar,0,0.0,1.0,3.0,15,15.0,30.0,60.0,2,30,0.2,2,30,-0.34406709964170945
311,short,Short1,1,0,MFEProtect S1,2024-11-19 18:30:00,2024-11-20 09:00:00,93648.45,93464.04,58,870,2.041165488289276,0.1973058301353081,True,False,2328.449999999997,-257.0599999999977,2.486373239493016,-0.2744946659554938,2.4863732394930156,0.2744946659554938,15,1,240,30,same_bar,0,0.0,,1.0,15,15.0,,30.0,1,15,0.017241379310344827,1,15,-0.23406687457185882
312,short,Short1,1,0,OutsideStop Short1,2024-11-20 12:30:00,2024-11-21 05:15:00,93503.97,97656.95,67,1005,-56.79750412740552,-4.252621037212401,False,True,365.9700000000012,-4216.020000000004,0.3913951461098402,-4.508920851168142,0.3913951461098402,4.508920851168142,24,66,375,1005,same_bar,0,0.0,2.0,,15,15.0,45.0,,65,975,0.9701492537313433,40,600,-1.16120269052171
313,short,Short2,2,0,OutsideStop Short2,2024-11-21 03:30:00,2024-11-21 05:15:00,95598.48,97656.95,7,105,-110.82993652304498,-2.107858170872634,False,True,2.1599999999889405,-2121.5100000000093,0.0022594501502418,-2.2191880038260123,0.0022594501502418663,2.2191880038260123,0,6,15,105,same_bar,0,0.0,1.0,,15,15.0,30.0,,7,105,1.0,7,105,-1.3924548949792022
314,short,Short1,1,0,OutsideStop Short1,2024-11-21 10:00:00,2024-11-21 11:15:00,97429.98,98020.02,5,75,-8.02961608391445,-0.6019586610980121,False,True,157.8000000000029,-954.8800000000048,0.161962467815351,-0.9800679421262374,0.161962467815351,0.9800679421262374,0,3,15,60,same_bar,0,0.0,3.0,,15,15.0,60.0,,5,75,1.0,5,75,-0.41556407996799827
315,short,Short1,1,0,MFEProtect S1,2024-11-21 18:00:00,2024-11-22 15:00:00,97987.97,97952.03,84,1260,0.0086412020815131,0.036691429468072,True,False,865.8600000000006,-1432.020000000004,0.8836390834507548,-1.461424295247676,0.8836390834507548,1.461424295247676,82,53,1245,810,same_bar,0,0.0,3.0,77.0,15,15.0,60.0,1170.0,69,1035,0.8214285714285714,46,690,-0.6210238824747282
316,short,Short2,2,0,MFEProtect S2,2024-11-22 12:00:00,2024-11-22 15:30:00,98735.96,98702.23,14,210,-0.0912370332087593,0.0341734933445803,False,True,1613.8500000000058,-142.8299999999872,1.634510871216531,-0.1446585418321624,1.634510871216531,0.14465854183216245,10,0,165,15,same_bar,0,0.0,,3.0,15,15.0,,60.0,0,0,0.0,0,0,0.0
317,short,Short1,1,0,MFEProtect S1,2024-11-23 13:15:00,2024-11-24 02:00:00,98749.87,98476.75,51,765,6.0168536545268925,0.2773446524179546,True,False,1613.8699999999951,-50.13000000000466,1.6343008856619208,-0.0507646237914081,1.6343008856619208,0.05076462379140819,27,0,420,15,same_bar,0,0.0,,10.0,15,15.0,,165.0,0,0,0.0,0,0,0.0
318,long,Long1,1,0,MFEProtect L1,2024-11-24 16:00:00,2024-11-25 14:45:00,96130.04,95385.46,91,1365,-20.264955229428303,-0.7745549674170404,False,True,2741.7600000000093,-790.0399999999936,2.8521365433739643,-0.8218450756912135,2.8521365433739643,0.8218450756912135,68,90,1035,1365,same_bar,0,0.0,90.0,2.0,15,15.0,1365.0,45.0,6,90,0.06593406593406594,5,75,-0.3292276448305431
319,long,Long2,2,0,MFEProtect L2,2024-11-26 00:00:00,2024-11-26 08:00:00,93384.04,93229.99,32,480,-10.01232025867888,-0.1649639488717658,False,True,1589.3300000000015,-173.22999999999593,1.7019289377499642,-0.1855027904125758,1.7019289377499642,0.1855027904125758,24,31,375,480,same_bar,0,0.0,,0.0,15,15.0,,15.0,1,15,0.03125,1,15,-0.16493182346789537
320,long,Long1,1,0,NoProgress L1,2024-11-25 17:45:00,2024-11-26 17:45:00,95238.12,93547.96,96,1440,-22.5960419496406,-1.7746675385864277,False,True,670.4700000000012,-3771.5999999999913,0.7039933169617388,-3.960178970353459,0.7039933169617388,3.960178970353459,1,71,30,1080,same_bar,0,0.0,5.0,1.0,15,15.0,90.0,30.0,94,1410,0.9791666666666666,94,1410,-1.5564163825657784
321,long,Long1,1,0,MFEProtect L1,2024-11-26 20:30:00,2024-11-26 23:15:00,91416.01,91681.84,11,165,3.1705840370279468,0.2907915145279327,True,False,947.9900000000052,-565.5599999999977,1.0370065374763189,-0.6186662489426061,1.0370065374763187,0.6186662489426061,7,1,120,30,same_bar,0,0.0,0.0,3.0,15,15.0,15.0,60.0,2,30,0.18181818181818182,2,30,-0.3566114950761923
322,short,Short1,1,0,MFEProtect S1,2024-11-27 20:30:00,2024-11-28 00:45:00,96657.96,96552.04,17,255,1.833426492244468,0.10970249825899,True,False,935.7400000000052,-49.5799999999872,0.9680940917851,-0.0512942751947042,0.9680940917850999,0.05129427519470429,13,0,210,15,same_bar,0,0.0,,2.0,15,15.0,,45.0,0,0,0.0,0,0,0.0
323,short,Short1,1,0,MFEProtect S1,2024-11-29 02:15:00,2024-11-29 09:15:00,96422.33,96135.37,28,420,6.518054803815841,0.2984957565566271,True,False,822.3000000000029,-436.6699999999983,0.8528107545212845,-0.4528722755403216,0.8528107545212845,0.4528722755403216,21,1,330,30,same_bar,0,0.0,,20.0,15,15.0,,315.0,8,120,0.2857142857142857,6,90,-0.1800698033328968
324,short,Short1,1,0,MFEProtect S1,2024-11-29 12:15:00,2024-11-30 05:45:00,97212.99,97102.35,70,1050,0.9699091936777808,0.1139416296310091,True,False,903.1399999999994,-1407.0,0.929032220899696,-1.447337439163223,0.9290322208996961,1.447337439163223,54,11,825,180,same_bar,0,0.0,9.0,51.0,15,15.0,150.0,780.0,33,495,0.4714285714285714,12,180,-0.3364143874686679
325,long,Long1,1,0,MFEProtect L1,2024-12-02 10:15:00,2024-12-02 17:15:00,95195.76,95372.7,28,420,3.732710138771223,0.1858696227647227,True,False,2160.930000000008,-429.7599999999948,2.2699855539784624,-0.4514486779663241,2.2699855539784624,0.4514486779663241,22,9,345,150,same_bar,0,0.0,,11.0,15,15.0,,180.0,7,105,0.25,3,45,-0.1619865062417498
326,long,Long1,1,0,MFEProtect L1,2024-12-03 11:00:00,2024-12-03 16:45:00,94868.08,95111.97,23,345,5.507792233768324,0.2570833097918612,True,False,1381.9199999999985,-1289.9100000000035,1.456675417063356,-1.359688105841294,1.456675417063356,1.359688105841294,16,13,255,210,same_bar,0,0.0,9.0,14.0,15,15.0,150.0,225.0,11,165,0.4782608695652174,10,150,-0.3829528330287713
327,short,Short1,1,0,MFEProtect S1,2024-12-04 20:45:00,2024-12-04 23:00:00,98747.94,98760.04,9,135,-0.6015914044155282,-0.0122519188935021,False,True,1331.3500000000058,-152.05999999999767,1.3482306567610485,-0.1539880224336808,1.3482306567610483,0.15398802243368082,3,0,60,15,same_bar,0,0.0,,0.0,15,15.0,,15.0,1,15,0.1111111111111111,1,15,-0.01222303979200312
328,short,Short1,1,0,OutsideStop Short1,2024-12-05 02:45:00,2024-12-05 03:30:00,101248.16,103221.52,3,45,-24.75246375337949,-1.9117718863275843,False,True,0.0,-2839.8399999999965,0.0,-2.8048312186611555,0.0,2.8048312186611555,0,0,15,15,adverse,0,,0.0,,15,,15.0,,3,45,1.0,3,45,-1.7109775953788524
329,short,Short1,1,0,Exit S1,2024-12-06 18:30:00,2024-12-08 23:15:00,100831.97,100529.534,211,3165,3.284748481850494,0.3008429343758889,True,False,2174.270000000004,-1067.020000000004,2.156329981453307,-1.0582159606720012,2.156329981453307,1.0582159606720012,156,7,2355,120,same_bar,0,0.0,0.0,12.0,15,15.0,15.0,195.0,11,165,0.052132701421800945,11,165,-0.617939835045282
330,long,Long1,1,0,MFEProtect L1,2024-12-09 20:30:00,2024-12-10 02:45:00,96886.12,96659.98,25,375,-3.351140932724832,-0.2334080464776566,False,True,1251.8800000000049,-2736.0699999999924,1.2921149076875045,-2.8240061631119016,1.2921149076875045,2.8240061631119016,15,1,240,30,adverse,0,2.0,0.0,3.0,15,45.0,15.0,60.0,5,75,0.2,3,45,-0.3509130100369373
331,long,Long1,1,0,MFEProtect L1,2024-12-10 16:00:00,2024-12-11 00:30:00,95810.63,95907.97,34,510,0.8154958031053968,0.101596242504609,True,False,1390.0699999999924,-1554.090000000011,1.4508515391246175,-1.6220433995685144,1.4508515391246175,1.6220433995685144,21,7,330,120,same_bar,0,0.0,0.0,2.0,15,15.0,15.0,45.0,11,165,0.3235294117647059,9,135,-0.8609274357135566
332,short,Short1,1,0,NoProgress S1,2024-12-11 15:30:00,2024-12-12 15:30:00,100228.99,101692.02,96,1440,-37.22382191955685,-1.4386871260891445,False,True,620.7600000000093,-1659.0099999999948,0.6193417692825293,-1.6552197123806145,0.6193417692825293,1.6552197123806143,9,25,150,390,same_bar,0,0.0,2.0,8.0,15,15.0,45.0,135.0,94,1410,0.9791666666666666,86,1290,-0.6602099936461823
333,short,Short1,1,0,MFEProtect S1,2024-12-13 15:15:00,2024-12-13 16:30:00,101159.48,100897.04,5,75,5.543976750939575,0.2601067385128441,True,False,1459.479999999996,-215.77999999999884,1.4427515839345912,-0.2133067508848393,1.4427515839345912,0.2133067508848393,1,0,30,15,same_bar,0,0.0,,1.0,15,15.0,,30.0,0,0,0.0,0,0,0.0
334,short,Short1,1,0,MFEProtect S1,2024-12-13 20:45:00,2024-12-14 14:00:00,101679.97,101421.18,69,1035,5.423995298317373,0.2551636650254041,True,False,853.5899999999965,-970.0299999999988,0.8394868723899077,-0.9540030352093916,0.8394868723899077,0.9540030352093917,65,17,990,270,same_bar,0,0.0,17.0,4.0,15,15.0,270.0,75.0,30,450,0.43478260869565216,14,210,-0.22702471948670513
335,short,Short2,2,0,MFEProtect S2,2024-12-16 00:45:00,2024-12-16 06:00:00,105444.92,105196.03,21,315,9.885492332155511,0.2365963810611493,True,False,1185.4400000000023,-195.08000000000172,1.12422675269705,-0.185006541804007,1.12422675269705,0.18500654180400702,11,4,180,75,same_bar,0,0.0,,5.0,15,15.0,,90.0,1,15,0.047619047619047616,1,15,-0.0825739163157424
336,short,Short1,1,0,NoProgress S1,2024-12-15 12:45:00,2024-12-16 12:45:00,102946.51,103656.05,96,1440,-18.0070027946303,-0.6845138320435762,False,True,473.5,-3701.490000000005,0.4599475980293067,-3.595546852438228,0.4599475980293067,3.5955468524382277,2,46,45,705,same_bar,0,0.0,14.0,,15,15.0,225.0,,82,1230,0.8541666666666666,60,900,-1.2564730188048374
337,short,Short1,1,0,MFEProtect S1,2024-12-16 15:45:00,2024-12-16 23:45:00,106331.98,106058.69,32,480,2.7416583587187437,0.2576780837100667,True,False,851.9599999999919,-1461.090000000011,0.8012264983685923,-1.374083319054165,0.8012264983685923,1.374083319054165,30,10,465,165,same_bar,0,0.0,1.0,13.0,15,15.0,30.0,210.0,15,225,0.46875,12,180,-0.552360008092898
338,short,Short2,2,0,MFEProtect S2,2024-12-16 15:45:00,2024-12-16 23:45:00,106331.98,106058.69,32,480,10.9662383267754,0.2576780837100667,True,False,851.9599999999919,-1461.090000000011,0.8012264983685923,-1.374083319054165,0.8012264983685923,1.374083319054165,30,10,465,165,same_bar,0,0.0,1.0,13.0,15,15.0,30.0,210.0,15,225,0.46875,12,180,-0.552360008092898
339,short,Short1,1,0,MFEProtect S1,2024-12-17 03:45:00,2024-12-17 16:00:00,106866.46,107036.02,49,735,-2.416717905516548,-0.158413961954118,False,True,1140.4700000000012,-1486.5399999999936,1.0671917082310027,-1.3910257717903198,1.0671917082310027,1.3910257717903198,46,43,705,660,same_bar,0,0.0,18.0,45.0,15,15.0,285.0,690.0,29,435,0.5918367346938775,15,225,-0.37904992958436734
340,long,Long1,1,0,MFEProtect L1,2024-12-18 20:45:00,2024-12-18 21:45:00,100846.7,101010.52,4,60,1.5682284808855658,0.1624445817265174,True,False,898.75,-364.8899999999994,0.8912041742565697,-0.3618264157379462,0.8912041742565697,0.3618264157379462,2,0,45,15,same_bar,0,0.0,,0.0,15,15.0,,15.0,0,0,0.0,0,0,0.0
341,long,Long2,2,0,MFEProtect L2,2024-12-18 20:45:00,2024-12-18 21:45:00,100846.7,101010.52,4,60,6.27268791196637,0.1624445817265174,True,False,898.75,-364.8899999999994,0.8912041742565697,-0.3618264157379462,0.8912041742565697,0.3618264157379462,2,0,45,15,same_bar,0,0.0,,0.0,15,15.0,,15.0,0,0,0.0,0,0,0.0
342,long,Long1,1,0,MFEProtect L1,2024-12-19 01:15:00,2024-12-19 15:00:00,100568.72,100849.98,55,825,3.0236245691932275,0.2796694638253383,True,False,2231.3899999999994,-1766.7200000000012,2.218771403275292,-1.7567291300913457,2.218771403275292,1.7567291300913457,52,3,795,60,same_bar,0,0.0,1.0,6.0,15,15.0,30.0,105.0,6,90,0.10909090909090909,6,90,-0.9068939792279997
343,long,Long2,2,0,MFEProtect L2,2024-12-19 01:15:00,2024-12-19 15:00:00,100568.72,100849.98,55,825,12.094062513921854,0.2796694638253383,True,False,2231.3899999999994,-1766.7200000000012,2.218771403275292,-1.7567291300913457,2.218771403275292,1.7567291300913457,52,3,795,60,same_bar,0,0.0,1.0,6.0,15,15.0,30.0,105.0,6,90,0.10909090909090909,6,90,-0.9068939792279997
344,long,Long1,1,0,OutsideStop Long1,2024-12-19 18:15:00,2024-12-19 19:45:00,98459.88,97199.69,6,90,-16.346628261524625,-1.2799020270997663,False,True,604.179999999993,-2208.5599999999977,0.6136306483412258,-2.243106532325652,0.6136306483412258,2.2431065323256516,2,5,45,90,same_bar,0,0.0,0.0,1.0,15,15.0,15.0,30.0,4,60,0.6666666666666666,3,45,-0.8516844627476733
345,short,TrendShort,0,-1,MFEProtect TrendShort,2024-12-20 09:15:00,2024-12-20 13:30:00,95174.1,95480.38,17,255,-44.41835745798736,-0.3207779441179448,False,True,2941.560000000012,-525.8999999999942,3.090714805813779,-0.5525662969232115,3.090714805813779,0.5525662969232115,11,0,180,15,same_bar,0,0.0,0.0,1.0,15,15.0,15.0,30.0,1,15,0.058823529411764705,1,15,-0.32177871921037493
346,long,Long1,1,0,NoProgress L1,2024-12-21 13:00:00,2024-12-22 13:00:00,97408.2,97074.52,96,1440,-9.35570771194876,-0.3425584293724637,False,True,649.3099999999977,-1517.9199999999985,0.6665865912726009,-1.5583082327771156,0.6665865912726009,1.5583082327771156,28,63,435,960,same_bar,0,0.0,0.0,27.0,15,15.0,15.0,420.0,80,1200,0.8333333333333334,65,975,-0.4819363256892103
347,long,Long1,1,0,MFEProtect L1,2024-12-22 15:00:00,2024-12-22 19:15:00,95533.91,95701.98,17,255,3.4548579997074613,0.1759270608729268,True,False,910.5399999999936,-424.7799999999989,0.9531065984842384,-0.4446379301339166,0.9531065984842383,0.44463793013391667,13,2,210,45,same_bar,0,0.0,,12.0,15,15.0,,195.0,5,75,0.29411764705882354,4,60,-0.11492463775428341
348,long,Long1,1,0,MFEProtect L1,2024-12-23 14:45:00,2024-12-24 00:00:00,94389.7,94449.17,37,555,0.6666388850975744,0.06300475581551,True,False,1119.3899999999994,-1869.699999999997,1.185923887881834,-1.9808305355351243,1.1859238878818341,1.9808305355351243,33,21,510,330,same_bar,0,0.0,0.0,29.0,15,15.0,15.0,450.0,29,435,0.7837837837837838,29,435,-1.0046329207530045
349,short,Short1,1,0,NoProgress S1,2024-12-24 15:15:00,2024-12-25 15:15:00,97542.04,98310.71,96,1440,-20.365957487402127,-0.7818781900771343,False,True,292.0400000000081,-1945.949999999997,0.2993991103733407,-1.994985956824357,0.29939911037332584,1.994985956824372,18,11,285,180,same_bar,0,0.0,0.0,,15,15.0,15.0,,95,1425,0.9895833333333334,74,1110,-0.8130972903688853
350,long,Long1,1,0,MFEProtect L1,2024-12-27 07:45:00,2024-12-27 14:30:00,95104.79,95380.82,27,405,6.26788583336404,0.2902377472259854,True,False,2439.790000000008,-0.0299999999988358,2.5653702615819967,-3.154415250676212e-05,2.5653702615819967,3.154415250676212e-05,4,0,75,15,same_bar,0,0.0,,0.0,15,15.0,,15.0,0,0,0.0,0,0,0.0
351,long,Long1,1,0,MFEProtect L1,2024-12-27 17:30:00,2024-12-28 15:45:00,94240.02,94447.26,89,1335,2.267928005552865,0.2199065747227058,True,False,1100.3399999999965,-257.7100000000064,1.1675931308163947,-0.2734613171771466,1.1675931308163947,0.2734613171771466,82,0,1245,15,same_bar,0,0.0,,3.0,15,15.0,,60.0,0,0,0.0,0,0,0.0
352,long,Long1,1,0,Exit L1,2024-12-29 19:00:00,2024-12-30 19:15:00,93697.2,93978.23150999998,97,1455,6.510793145619303,0.299935867880774,True,False,986.8899999999994,-2166.75,1.0532758716375723,-2.312502401352442,1.0532758716375723,2.312502401352442,92,80,1395,1215,same_bar,0,0.0,10.0,25.0,15,15.0,165.0,390.0,47,705,0.4845360824742268,18,270,-0.6661469753949785
353,long,Long1,1,0,TP L1,2024-12-30 22:00:00,2025-01-02 04:30:00,92580.52,95812.76,218,3270,85.27771930248208,3.491274406322176,True,False,3669.479999999996,-546.7900000000081,3.963555184179129,-0.5906102061211237,3.963555184179129,0.5906102061211237,65,13,990,210,same_bar,0,0.0,12.0,40.0,15,15.0,195.0,615.0,17,255,0.0779816513761468,6,90,-0.13680110726380712
354,short,Short1,1,0,NoProgress S1,2025-01-02 07:45:00,2025-01-03 07:45:00,95821.97,96304.03,96,1440,-13.405025107814495,-0.5005605684414216,False,True,181.91999999999825,-2017.5299999999988,0.1898520767210257,-2.1054983528307742,0.18985207672102572,2.1054983528307742,2,49,45,750,adverse,0,1.0,5.0,,15,30.0,90.0,,95,1425,0.9895833333333334,94,1410,-1.0844969225632408
355,short,Short1,1,0,Exit S1,2025-01-03 16:45:00,2025-01-04 17:00:00,97868.17,97704.63,97,1455,1.6283555383592565,0.1673820370641454,True,False,353.38000000000466,-1108.7400000000052,0.3610775597418493,-1.1328913169624049,0.3610775597418493,1.1328913169624049,91,9,1380,150,same_bar,0,0.0,5.0,,15,15.0,90.0,,75,1125,0.7731958762886598,64,960,-0.30926241562161394
356,short,Short1,1,0,MFEProtect S1,2025-01-04 19:30:00,2025-01-05 14:45:00,98140.94,97855.09,77,1155,6.341327143876295,0.292115617082378,True,False,864.1500000000087,-637.4899999999907,0.8805193836537624,-0.6495658183017105,0.8805193836537624,0.6495658183017105,74,5,1125,90,same_bar,0,0.0,3.0,56.0,15,15.0,60.0,855.0,47,705,0.6103896103896104,24,360,-0.18070082614014024
357,short,Short1,1,0,NoProgress S1,2025-01-06 05:00:00,2025-01-07 05:00:00,99413.37,101704.56,96,1440,-58.17051908317041,-2.252789845411063,False,True,704.0899999999965,-3311.0100000000093,0.7082447763313894,-3.3305479936954248,0.7082447763313894,3.3305479936954248,22,77,345,1170,adverse,0,4.0,38.0,19.0,15,75.0,585.0,300.0,71,1065,0.7395833333333334,59,885,-2.0613056174251954
358,long,Long1,1,0,NoProgress L1,2025-01-07 17:45:00,2025-01-08 17:45:00,97277.34,94030.79,96,1440,-83.37711960402218,-3.337416504193047,False,True,264.2600000000093,-4776.440000000002,0.2716562767855385,-4.910126037574631,0.2716562767855385,4.910126037574631,0,94,15,1425,same_bar,0,0.0,2.0,,15,15.0,45.0,,95,1425,0.9895833333333334,95,1425,-1.278285256090307
359,long,Long1,1,0,MFEProtect L1,2025-01-09 08:15:00,2025-01-09 10:30:00,92990.03,93223.72,9,135,2.642444052474528,0.2513065110313572,True,False,797.7200000000012,-240.02999999999884,0.8578554066495098,-0.2581244462443972,0.8578554066495098,0.2581244462443972,4,0,75,15,same_bar,0,0.0,,3.0,15,15.0,,60.0,0,0,0.0,0,0,0.0
360,long,Long1,1,0,MFEProtect L1,2025-01-09 14:00:00,2025-01-09 19:30:00,92399.99,92668.13,22,330,3.1203060240263345,0.2901948366011764,True,False,2285.2599999999948,-300.5200000000041,2.4732253758901863,-0.3252381304370315,2.4732253758901863,0.3252381304370315,7,1,120,30,same_bar,0,0.0,,2.0,15,15.0,,45.0,1,15,0.045454545454545456,1,15,-0.1988095453257177
361,long,Long2,2,0,MFEProtect L2,2025-01-09 18:30:00,2025-01-10 15:00:00,93014.96,92356.58,82,1230,-36.54788807427392,-0.7078216235323787,False,True,2278.4400000000023,-1811.2899999999936,2.449541450106523,-1.947310411142459,2.449541450106507,1.9473104111424742,64,6,975,105,same_bar,0,0.0,4.0,30.0,15,15.0,75.0,465.0,26,390,0.3170731707317073,25,375,-0.7600361357918268
362,long,Long1,1,0,MFEProtect L1,2025-01-13 10:45:00,2025-01-13 16:00:00,91644.99,91816.78,21,315,1.853647235905896,0.1874515999183312,True,False,1455.0099999999948,-2388.300000000003,1.5876590744349417,-2.6060344378890794,1.5876590744349415,2.6060344378890794,17,14,270,225,same_bar,0,0.0,2.0,15.0,15,15.0,45.0,240.0,15,225,0.7142857142857143,15,225,-0.610823715877252
363,short,Short1,1,0,MFEProtect S1,2025-01-14 10:00:00,2025-01-14 14:15:00,96737.54,96791.78,17,255,-1.1277331579282848,-0.0560378164344066,False,True,988.6100000000152,-525.4799999999959,1.0219507339136544,-0.5432017394694922,1.0219507339136396,0.5432017394695074,12,13,195,210,same_bar,0,0.0,13.0,8.0,15,15.0,210.0,135.0,3,45,0.17647058823529413,2,30,-0.034784841541357636
364,short,Short1,1,0,NoProgress S1,2025-01-15 14:00:00,2025-01-16 14:00:00,98942.92,99134.72,96,1440,-2.815241781197141,-0.1934740926286982,False,True,340.86999999999534,-1923.7400000000048,0.3445117649650883,-1.944292729585912,0.34451176496508834,1.944292729585912,14,39,225,600,same_bar,0,0.0,2.0,,15,15.0,45.0,,90,1350,0.9375,59,885,-0.5975265559397509
365,short,Short2,2,0,NoProgress S2,2025-01-15 14:00:00,2025-01-16 14:00:00,98942.92,99134.72,96,1440,-11.260561388656804,-0.1934740926286982,False,True,340.86999999999534,-1923.7400000000048,0.3445117649650883,-1.944292729585912,0.34451176496508834,1.944292729585912,14,39,225,600,same_bar,0,0.0,2.0,,15,15.0,45.0,,90,1350,0.9375,59,885,-0.5975265559397509
366,short,Short3,3,0,MFEProtect S3,2025-01-15 20:15:00,2025-01-16 17:30:00,100179.6,99996.01,85,1275,7.16937928409811,0.1835973255333023,True,False,2844.470000000001,-687.0599999999977,2.8393704905988857,-0.685828252458582,2.8393704905988857,0.685828252458582,74,14,1125,225,same_bar,0,0.0,14.0,1.0,15,15.0,225.0,30.0,4,60,0.047058823529411764,4,60,-0.18153895603496562
367,short,Short1,1,0,MFEProtect S1,2025-01-16 20:30:00,2025-01-17 00:00:00,100501.87,100277.83,14,210,2.287707924790116,0.2234192742303964,True,False,1124.8699999999951,-105.23000000001048,1.1192528059428102,-0.1047045194283554,1.1192528059428102,0.1047045194283554,7,0,120,15,same_bar,0,0.0,,2.0,15,15.0,,45.0,0,0,0.0,0,0,0.0
368,short,Short1,1,0,OutsideStop Short1,2025-01-17 05:15:00,2025-01-17 16:30:00,101624.96,104810.1,45,675,-38.80285995478366,-3.038962848046134,False,True,323.5600000000122,-3320.0399999999936,0.3183863491803708,-3.2669533154059724,0.31838634918037084,3.2669533154059724,1,44,30,675,same_bar,0,0.0,12.0,,15,15.0,195.0,,37,555,0.8222222222222222,35,525,-1.0351646639523118
369,short,Short2,2,0,OutsideStop Short2,2025-01-17 05:15:00,2025-01-17 16:30:00,101624.96,104810.1,45,675,-155.20584762706264,-3.038962848046134,False,True,323.5600000000122,-3320.0399999999936,0.3183863491803708,-3.2669533154059724,0.31838634918037084,3.2669533154059724,1,44,30,675,same_bar,0,0.0,12.0,,15,15.0,195.0,,37,555,0.8222222222222222,35,525,-1.0351646639523118
370,short,Short3,3,0,OutsideStop Short3,2025-01-17 15:15:00,2025-01-17 16:30:00,103963.29,104810.1,5,75,-41.15427710356172,-0.8079469440445131,False,True,314.70000000001164,-981.709999999992,0.3027030021847246,-0.9442852376064588,0.3027030021847107,0.944285237606473,0,4,15,75,same_bar,0,0.0,3.0,,15,15.0,60.0,,4,60,0.8,4,60,-0.48322104850664904
371,short,Short1,1,0,Exit S1,2025-01-17 20:00:00,2025-01-19 02:15:00,105449.96,105133.67003,121,1815,3.167657202258669,0.3008455520574271,True,False,3172.4100000000035,-111.91999999999824,3.008450643319356,-0.1061356495535875,3.008450643319356,0.10613564955358754,47,0,720,15,same_bar,0,0.0,,1.0,15,15.0,,30.0,0,0,0.0,0,0,0.0
372,short,Short1,1,0,MFEProtect S1,2025-01-19 02:30:00,2025-01-19 05:30:00,105116.51,104810.99,12,180,3.056816481612584,0.2914961494018708,True,False,925.3199999999924,-151.1600000000035,0.8802803669946733,-0.1438023389475197,0.8802803669946733,0.14380233894751976,10,6,165,105,same_bar,0,0.0,,1.0,15,15.0,,30.0,1,15,0.08333333333333333,1,15,-0.05094347215295336
373,short,Short1,1,0,TP S1,2025-01-19 20:00:00,2025-01-19 23:15:00,106074.29,100538.38,13,195,62.2263397487025,5.506265368509022,True,False,5774.290000000008,-348.13999999998487,5.443628234513762,-0.328203940841824,5.443628234513749,0.3282039408418378,12,2,195,45,same_bar,0,0.0,,0.0,15,15.0,,15.0,2,30,0.15384615384615385,2,30,-0.14470518727960346
374,short,Short1,1,0,MFEProtect S1,2025-01-20 07:15:00,2025-01-20 09:00:00,108706.12,108756.65,7,105,-0.9952396287896532,-0.0464615267204315,False,True,1783.1199999999951,-487.1100000000006,1.6403124313516069,-0.4480980463657433,1.6403124313516069,0.44809804636574335,1,6,30,105,same_bar,0,0.0,,0.0,15,15.0,,15.0,1,15,0.14285714285714285,1,15,-0.04645552614701565
375,long,Long1,1,0,TP L1,2025-01-21 00:00:00,2025-01-21 18:30:00,102403.59,106832.86,74,1110,103.4386199963155,4.32530734518195,True,False,4837.220000000001,-2284.550000000003,4.723682050599985,-2.2309276461889698,4.723682050599985,2.2309276461889698,73,5,1110,90,same_bar,0,0.0,0.0,11.0,15,15.0,15.0,180.0,26,390,0.35135135135135137,11,165,-0.46989187961686874
376,long,Long1,1,0,MFEProtect L1,2025-01-23 02:30:00,2025-01-23 21:15:00,102460.02,102733.97,75,1125,5.626804560628301,0.2673725810320881,True,False,4389.979999999996,-1197.7400000000052,4.284578511696558,-1.1689827895797846,4.284578511696558,1.1689827895797846,54,31,825,480,same_bar,0,0.0,6.0,1.0,15,15.0,105.0,30.0,34,510,0.4533333333333333,22,330,-0.4335932258088149
377,short,Short1,1,0,TP S1,2025-01-24 17:30:00,2025-01-27 00:30:00,106319.97,102500.04,220,3300,86.60140138898196,3.7267595212645777,True,False,4006.850000000006,-800.0299999999988,3.7686711160659714,-0.7524738767326579,3.7686711160659714,0.7524738767326579,217,2,3270,45,same_bar,0,0.0,1.0,8.0,15,15.0,30.0,135.0,6,90,0.02727272727272727,5,75,-0.22569137293774558
378,long,Long1,1,0,MFEProtect L1,2025-01-27 05:00:00,2025-01-27 13:15:00,100581.63,100882.96,33,495,3.228984112067845,0.299587509170407,True,False,1085.0299999999988,-2803.8600000000006,1.0787556336082431,-2.787646213329413,1.0787556336082431,2.787646213329413,32,8,495,135,same_bar,0,0.0,1.0,31.0,15,15.0,30.0,480.0,30,450,0.9090909090909091,30,450,-1.3695542615485585
379,long,Long2,2,0,MFEProtect L2,2025-01-27 09:00:00,2025-01-27 17:00:00,99300.49,99585.84,32,480,12.300625691425328,0.2873601127244996,True,False,3017.449999999997,-1037.0,3.0387060527093035,-1.0443050180316331,3.0387060527093035,1.0443050180316331,22,6,345,105,same_bar,0,0.0,1.0,14.0,15,15.0,30.0,225.0,12,180,0.375,10,150,-0.3828463820604931
380,long,Long1,1,0,TP L1,2025-01-28 22:00:00,2025-01-29 20:15:00,100877.5,104364.56,89,1335,83.90372111901826,3.456727218656286,True,False,3811.6699999999983,-309.49000000000524,3.778513543654431,-0.3067978488761173,3.7785135436544306,0.3067978488761173,88,1,1335,30,same_bar,0,0.0,,2.0,15,15.0,,45.0,1,15,0.011235955056179775,1,15,-0.1404574855641716
381,short,Short1,1,0,NoProgress S1,2025-01-30 01:30:00,2025-01-31 01:30:00,104335.97,104660.74,96,1440,-8.581456241505956,-0.3103073798255251,False,True,341.5099999999948,-2121.470000000001,0.327317606765907,-2.0333064426391023,0.32731760676590704,2.0333064426391023,1,53,30,810,same_bar,0,0.0,7.0,,15,15.0,120.0,,94,1410,0.9791666666666666,94,1410,-0.7969335003760827
382,short,Short1,1,0,TP S1,2025-01-31 15:45:00,2025-01-31 21:15:00,105463.98,101625.34,22,330,88.98782589733051,3.7772468953117366,True,False,3860.75,-110.41999999999824,3.660728525511744,-0.1046992537167649,3.6607285255117437,0.10469925371676496,19,0,300,15,same_bar,0,0.0,,1.0,15,15.0,,30.0,0,0,0.0,0,0,0.0
383,long,Long2,2,0,MFEProtect L2,2025-02-02 04:00:00,2025-02-02 08:00:00,99277.02,99412.72,16,240,4.976641841465848,0.1366882285547932,True,False,1238.9700000000012,-199.27999999999884,1.2479927378964448,-0.2007312467678812,1.2479927378964448,0.20073124676788126,8,0,135,15,same_bar,0,0.0,,1.0,15,15.0,,30.0,0,0,0.0,0,0,0.0
384,long,Long1,1,0,NoProgress L1,2025-02-01 08:30:00,2025-02-02 08:30:00,102011.08,99999.98,96,1440,-49.88814782480772,-1.9714525128054827,False,True,317.929999999993,-2979.8899999999994,0.3116622233584754,-2.9211434679448542,0.3116622233584754,2.9211434679448542,16,77,255,1170,same_bar,0,0.0,4.0,,15,15.0,75.0,,73,1095,0.7604166666666666,56,840,-1.0824373464110582
385,long,Long3,3,0,MFEProtect L3,2025-02-02 18:00:00,2025-02-02 21:00:00,97473.61,97559.83,12,180,2.577780110762645,0.0884547109725408,True,False,1226.3899999999994,-652.070000000007,1.258176443860035,-0.668970811689448,1.258176443860035,0.668970811689448,6,2,105,45,same_bar,0,0.0,1.0,5.0,15,15.0,30.0,90.0,3,45,0.25,3,45,-0.3342511544064841
386,long,Long1,1,0,OutsideStop Long1,2025-02-02 11:45:00,2025-02-03 01:30:00,98864.63,94153.49,55,825,-59.43035990047181,-4.765243141050545,False,True,574.4199999999983,-5050.559999999998,0.5810166891839864,-5.1085610698183945,0.5810166891839864,5.1085610698183945,10,54,165,825,same_bar,0,0.0,3.0,9.0,15,15.0,60.0,150.0,46,690,0.8363636363636363,38,570,-1.2884765853022033
387,long,Long2,2,0,OutsideStop Long2,2025-02-02 11:45:00,2025-02-03 01:30:00,98864.63,94153.49,55,825,-237.7128744139189,-4.765243141050545,False,True,574.4199999999983,-5050.559999999998,0.5810166891839864,-5.1085610698183945,0.5810166891839864,5.1085610698183945,10,54,165,825,same_bar,0,0.0,3.0,9.0,15,15.0,60.0,150.0,46,690,0.8363636363636363,38,570,-1.2884765853022033
388,short,TrendShort,0,-1,MFEProtect TrendShort,2025-02-03 01:45:00,2025-02-03 03:45:00,93435.79,94038.77,8,120,-82.36119494182229,-0.641203622718578,False,True,2204.790000000008,-1544.209999999992,2.3596846561686995,-1.6526964667393425,2.359684656168684,1.6526964667393582,0,1,15,30,same_bar,0,0.0,0.0,0.0,15,15.0,15.0,15.0,8,120,1.0,8,120,-0.6089101403220415
389,short,Short1,1,0,MFEProtect S1,2025-02-03 22:00:00,2025-02-04 01:30:00,101799.31,101541.01,14,210,5.226627414351039,0.2543799790843071,True,False,1055.979999999996,-397.2100000000064,1.0373154788573675,-0.3901892851729608,1.0373154788573675,0.3901892851729608,11,0,180,15,same_bar,0,0.0,,6.0,15,15.0,,105.0,1,15,0.07142857142857142,1,15,-0.19716243656269228
390,long,Long1,1,0,MFEProtect L1,2025-02-04 22:00:00,2025-02-05 18:45:00,96557.78,96723.63,83,1245,3.2572570492969257,0.1717624411000429,True,False,2591.220000000001,-84.97999999999593,2.6835952525006284,-0.0880094799196874,2.6835952525006284,0.0880094799196874,65,0,990,15,same_bar,0,0.0,,0.0,15,15.0,,15.0,0,0,0.0,0,0,0.0
391,long,Long1,1,0,MFEProtect L1,2025-02-06 16:45:00,2025-02-07 06:15:00,96586.99,96816.7,54,810,4.843418073545076,0.237827061387863,True,False,1296.12999999999,-910.3500000000058,1.3419302123401815,-0.9425182418460352,1.3419302123401817,0.9425182418460352,46,11,705,180,same_bar,0,0.0,6.0,2.0,15,15.0,105.0,45.0,17,255,0.3148148148148148,10,150,-0.24414931098716217
392,short,Short1,1,0,TP S1,2025-02-07 14:45:00,2025-02-07 20:45:00,99710.89,95764.34,24,360,94.22476589114191,4.12110604009801,True,False,4090.550000000003,-0.0200000000040745,4.102410478935654,-2.005798965797471e-05,4.102410478935654,2.005798965797471e-05,23,0,360,15,same_bar,0,0.0,,0.0,15,15.0,,15.0,0,0,0.0,0,0,0.0
393,long,Long1,1,0,Exit L1,2025-02-09 21:45:00,2025-02-11 18:45:00,95173.81,95459.27134,180,2700,6.385378195586933,0.2999368628827659,True,False,3304.6100000000006,-394.61999999999534,3.47218420697879,-0.4146308737666332,3.47218420697879,0.4146308737666332,127,0,1920,15,same_bar,0,0.0,,1.0,15,15.0,,30.0,0,0,0.0,0,0,0.0
394,long,Long1,1,0,MFEProtect L1,2025-02-11 19:30:00,2025-02-12 03:45:00,95056.64,95299.24,33,495,5.305823856627256,0.2552162584328776,True,False,1456.0599999999977,-129.8000000000029,1.5317814726041208,-0.1365501663008527,1.5317814726041208,0.13655016630085276,9,0,150,15,same_bar,0,0.0,,6.0,15,15.0,,105.0,1,15,0.030303030303030304,1,15,-0.01664270902063114
395,long,Long1,1,0,Exit L1,2025-02-12 13:45:00,2025-02-13 16:45:00,94975.41,95260.27614,108,1620,6.3906242575233305,0.2999367309917344,True,False,3144.5800000000017,-475.4100000000035,3.3109412215224987,-0.5005611452480211,3.3109412215224987,0.5005611452480211,34,2,525,45,same_bar,0,0.0,2.0,2.0,15,15.0,45.0,45.0,2,30,0.018518518518518517,2,30,-0.1731079655249712
396,short,Short1,1,0,TP S1,2025-02-14 18:00:00,2025-02-18 16:30:00,98487.96,94671.69,378,5670,93.06335927949463,4.031057225238088,True,False,3821.6300000000047,-77.36000000000058,3.880301714036928,-0.0785476722230824,3.880301714036928,0.07854767222308247,377,0,5670,15,same_bar,0,0.0,,5.0,15,15.0,,90.0,0,0,0.0,0,0,0.0
397,long,Long1,1,0,TP L1,2025-02-18 19:30:00,2025-02-20 16:30:00,94021.8,97943.96,180,2700,50.47259785900691,4.171543195301508,True,False,4040.3499999999913,-291.08000000000175,4.297248085018572,-0.309587776451846,4.2972480850185715,0.309587776451846,171,3,2580,60,same_bar,0,0.0,,5.0,15,15.0,,90.0,1,15,0.005555555555555556,1,15,-0.18290439025843153
398,short,Short1,1,0,MFEProtect S1,2025-02-20 19:30:00,2025-02-21 15:15:00,98369.71,98216.04,79,1185,1.4744325690655866,0.1564612053184033,True,False,761.5,-1105.2899999999936,0.774120407592947,-1.1236080700044693,0.774120407592947,1.1236080700044693,78,72,1185,1095,same_bar,0,0.0,54.0,78.0,15,15.0,825.0,1185.0,34,510,0.43037974683544306,21,315,-0.332036092387042
399,long,Long1,1,0,Exit L1,2025-02-21 21:30:00,2025-02-23 15:45:00,95176.5,95461.96941,169,2535,6.469130189636164,0.2999368646672051,True,False,1803.5,-2.4199999999982538,1.894900526915783,-0.0025426444552996,1.894900526915783,0.0025426444552996315,60,0,915,15,same_bar,0,0.0,,2.0,15,15.0,,45.0,0,0,0.0,0,0,0.0
400,long,Long2,2,0,MFEProtect L2,2025-02-25 00:15:00,2025-02-25 04:45:00,91662.19,91899.98,18,270,10.8824417775571,0.2594199418538778,True,False,878.5,-497.0100000000093,0.9584104416444774,-0.5422192072871151,0.9584104416444774,0.5422192072871151,10,2,165,45,same_bar,0,0.0,2.0,1.0,15,15.0,45.0,30.0,1,15,0.05555555555555555,1,15,-0.017400849794224627
401,long,Long1,1,0,OutsideStop Long1,2025-02-24 15:00:00,2025-02-25 07:45:00,94855.38,89319.98,67,1005,-143.98722215004238,-5.835620499332784,False,True,339.20999999999185,-6655.380000000005,0.3576075495137881,-7.016344249530185,0.3576075495137881,7.016344249530185,8,65,135,990,same_bar,0,0.0,0.0,,15,15.0,15.0,,65,975,0.9701492537313433,57,855,-2.1974185252409484
402,long,Long1,1,0,OutsideStop Long1,2025-02-25 10:45:00,2025-02-25 11:30:00,88213.8,88848.83,3,45,8.292225809111489,0.7198760284671923,True,False,700.4199999999983,-594.9000000000087,0.7940027524038169,-0.6743842800106205,0.7940027524038169,0.6743842800106205,2,1,45,30,same_bar,0,0.0,0.0,2.0,15,15.0,15.0,45.0,2,30,0.6666666666666666,2,30,-0.30129072775461063
403,short,TrendShort,0,-1,Breakout Stop,2025-02-25 15:00:00,2025-02-26 03:00:00,86828.12,89271.34,48,720,-346.03241095892577,-2.7368470104739084,False,True,777.1299999999901,-2632.050000000003,0.8950211060656273,-3.031333627861577,0.8950211060656273,3.0313336278615766,1,27,30,420,same_bar,0,0.0,2.0,0.0,15,15.0,45.0,15.0,45,675,0.9375,32,480,-1.4860812884632872
404,long,Long1,1,0,OutsideStop Long1,2025-02-26 13:15:00,2025-02-26 18:45:00,87828.03,84258.91,22,330,-48.308199952478176,-4.063759599298766,False,True,701.9700000000012,-4410.029999999999,0.7992550897475454,-5.021210199067426,0.7992550897475454,5.021210199067426,6,20,105,315,same_bar,0,0.0,1.0,6.0,15,15.0,30.0,105.0,21,315,0.9545454545454546,15,225,-1.324963708977102
405,short,TrendShort,0,-1,MFEProtect TrendShort,2025-02-26 19:30:00,2025-02-26 21:45:00,84031.87,84610.89,9,135,-85.13993425808424,-0.6843327141459077,False,True,1775.8600000000006,-1099.9500000000116,2.1133172449928828,-1.3089676571519968,2.1133172449928828,1.3089676571519968,2,6,45,105,same_bar,0,0.0,4.0,1.0,15,15.0,75.0,30.0,5,75,0.5555555555555556,4,60,-0.4519213960132129
406,long,Long1,1,0,MFEProtect L1,2025-02-27 15:00:00,2025-02-27 15:45:00,85295.05,85500.81,3,45,2.3898089826850857,0.2412332251402471,True,False,850.4700000000012,-58.94000000000233,0.9970918593751936,-0.069101313616678,0.9970918593751937,0.06910131361667803,1,0,30,15,same_bar,0,0.0,,0.0,15,15.0,,15.0,0,0,0.0,0,0,0.0
407,long,Long2,2,0,MFEProtect L2,2025-02-27 15:00:00,2025-02-27 15:45:00,85295.05,85500.81,3,45,9.558891461907953,0.2412332251402471,True,False,850.4700000000012,-58.94000000000233,0.9970918593751936,-0.069101313616678,0.9970918593751937,0.06910131361667803,1,0,30,15,same_bar,0,0.0,,0.0,15,15.0,,15.0,0,0,0.0,0,0,0.0
408,long,Long1,1,0,MFEProtect L1,2025-02-27 19:45:00,2025-02-28 00:45:00,84114.01,84258.62,20,300,1.58400505362392,0.171921419511456,True,False,813.8300000000017,-1397.5199999999895,0.9675320437106752,-1.6614592503674352,0.9675320437106752,1.6614592503674352,14,2,225,45,same_bar,0,0.0,0.0,11.0,15,15.0,15.0,180.0,7,105,0.35,6,90,-0.6639339018213788
409,short,TrendShort,0,-1,MFEProtect TrendShort,2025-02-28 02:45:00,2025-02-28 11:15:00,80805.47,80616.7,34,510,23.051763141713977,0.2341574388433187,True,False,2546.949999999997,-733.7799999999988,3.1519524606440594,-0.9080820889971912,3.1519524606440594,0.9080820889971913,23,0,360,15,same_bar,0,0.0,0.0,3.0,15,15.0,15.0,60.0,3,45,0.08823529411764706,3,45,-0.21182559382015112
410,short,Short1,1,0,MFEProtect S1,2025-03-01 22:00:00,2025-03-02 15:15:00,86003.68000000001,86431.1,69,1035,-12.45365477650511,-0.4945210693835911,False,True,953.0800000000016,-1296.3199999999924,1.108185138124324,-1.5072843394608142,1.108185138124324,1.5072843394608142,66,68,1005,1035,same_bar,0,0.0,15.0,24.0,15,15.0,240.0,375.0,27,405,0.391304347826087,8,120,-0.1973752751044948
411,long,TrendLong,0,1,Reverse to RevShort,2025-03-02 16:45:00,2025-03-02 17:00:00,91200.03,91629.61,1,15,50.73028123005823,0.471030546810125,True,False,721.3899999999994,-564.0299999999988,0.7909975468209818,-0.6184537439296882,0.7909975468209818,0.6184537439296882,0,0,15,15,same_bar,0,0.0,0.0,0.0,15,15.0,15.0,15.0,0,0,0.0,0,0,0.0
412,short,RevShort,0,-2,Reverse TP Channel,2025-03-02 17:00:00,2025-03-04 03:00:00,91629.61,83936.41,136,2040,979.859766122341,9.165509937820794,True,False,9164.770000000004,-3370.3899999999994,10.001974252646065,-3.6782760507220313,10.001974252646065,3.6782760507220313,131,2,1980,45,same_bar,0,0.0,0.0,62.0,15,15.0,15.0,945.0,83,1245,0.6102941176470589,62,930,-1.6083741794293422
413,long,Long1,1,0,MFEProtect L1,2025-03-04 07:15:00,2025-03-04 12:00:00,83500.04,83650.54000000001,19,285,1.8292917245530225,0.1802394346158475,True,False,873.8000000000029,-459.75,1.0464665645669189,-0.5505985386354306,1.0464665645669189,0.5505985386354306,14,2,225,45,same_bar,0,0.0,2.0,5.0,15,15.0,45.0,90.0,3,45,0.15789473684210525,3,45,-0.2173891174183873
414,long,Long2,2,0,MFEProtect L2,2025-03-04 10:30:00,2025-03-04 14:30:00,83860.02,84091.13,16,240,12.159482398245196,0.275590203770526,True,False,1117.62999999999,-1797.9600000000064,1.3327328087925452,-2.1440013966130778,1.3327328087925452,2.1440013966130778,15,15,240,240,same_bar,0,0.0,6.0,1.0,15,15.0,105.0,30.0,10,150,0.625,10,150,-0.7393690104056783
415,short,Short1,1,0,MFEProtect S1,2025-03-05 10:45:00,2025-03-05 14:00:00,89926.04000000001,89776.02,13,195,3.324434863000504,0.1671047569272943,True,False,822.5200000000041,-1007.7799999999988,0.914662760641972,-1.1206765026014698,0.9146627606419719,1.1206765026014698,10,6,165,105,same_bar,0,0.0,4.0,9.0,15,15.0,75.0,150.0,4,60,0.3076923076923077,4,60,-0.5277336798106436
416,short,Short1,1,0,MFEProtect S1,2025-03-05 21:00:00,2025-03-06 15:00:00,90310.22,90650.03,72,1080,-10.476856700926556,-0.3748592250879534,False,True,1192.540000000008,-2500.4199999999983,1.3204928523039898,-2.7687010395944096,1.3204928523039898,2.7687010395944096,69,34,1050,525,same_bar,0,0.0,9.0,62.0,15,15.0,150.0,945.0,56,840,0.7777777777777778,47,705,-1.1144858719834156
417,short,Short2,2,0,TP S2,2025-03-06 05:00:00,2025-03-07 00:30:00,92149.96,85918.16,78,1170,340.47864086369054,7.253181399601671,True,False,6549.960000000006,-660.679999999993,7.107935803770296,-0.7169617870696775,7.107935803770296,0.7169617870696775,77,2,1170,45,adverse,0,4.0,2.0,7.0,15,75.0,45.0,120.0,5,75,0.0641025641025641,5,75,-0.32966047950535593
418,long,Long1,1,0,NoProgress L1,2025-03-07 21:45:00,2025-03-08 21:45:00,86314.66,86228.13,96,1440,-1.7747808212478666,-0.1002494825328659,False,True,582.5899999999965,-1096.1900000000023,0.6749606613754795,-1.2699928378331122,0.6749606613754795,1.2699928378331122,11,14,180,225,same_bar,0,0.0,0.0,2.0,15,15.0,15.0,45.0,58,870,0.6041666666666666,14,210,-0.2838859266940244
419,long,Long3,3,0,MFEProtect L3,2025-03-09 17:45:00,2025-03-09 19:00:00,82366.03,82441.15,5,75,2.845842319507138,0.0912026474992222,True,False,974.5500000000028,-102.02999999999884,1.1831940910591452,-0.1238738834444234,1.1831940910591452,0.12387388344442343,1,0,30,15,same_bar,0,0.0,,0.0,15,15.0,,15.0,0,0,0.0,0,0,0.0
420,long,Long1,1,0,OutsideStop Long1,2025-03-09 09:00:00,2025-03-09 22:30:00,85799.02,81121.43000000001,54,810,-71.46492748615829,-5.451798866700342,False,True,92.61999999999534,-4898.520000000004,0.1079499509434901,-5.709295980303742,0.10794995094349019,5.709295980303742,0,53,15,810,same_bar,0,0.0,3.0,,15,15.0,60.0,,52,780,0.9629629629629629,52,780,-2.7835038657335978
421,long,Long2,2,0,OutsideStop Long2,2025-03-09 14:45:00,2025-03-09 22:30:00,83602.6,81121.43000000001,31,465,-156.0629521009104,-2.967814398116808,False,True,165.7399999999907,-2702.100000000006,0.198247422927027,-3.232076514366785,0.198247422927027,3.232076514366785,0,30,15,465,same_bar,0,0.0,3.0,,15,15.0,60.0,,30,450,0.967741935483871,30,450,-1.1537117266687964
422,long,Long1,1,0,MFEProtect L1,2025-03-10 14:45:00,2025-03-10 15:45:00,79847.11,80043.82,4,60,2.6910922349116544,0.2463583215472686,True,False,1271.2100000000064,-276.5399999999936,1.5920551163342125,-0.3463368930948078,1.5920551163342123,0.3463368930948078,2,0,45,15,same_bar,0,0.0,,0.0,15,15.0,,15.0,0,0,0.0,0,0,0.0
423,short,TrendShort,0,-1,MFEProtect TrendShort,2025-03-10 19:00:00,2025-03-11 01:30:00,78006.14,78947.05,26,390,-159.06354641085534,-1.191824140357367,False,True,1400.1399999999994,-1879.8899999999996,1.7949099904187025,-2.4099256802092754,1.7949099904187023,2.4099256802092754,22,9,345,150,same_bar,0,0.0,0.0,20.0,15,15.0,15.0,315.0,21,315,0.8076923076923077,20,300,-1.4873133246763832
424,long,Long1,1,0,TP L1,2025-03-11 14:45:00,2025-03-12 12:30:00,79773.06999999999,83631.16,87,1305,60.63907008481536,4.836331358439638,True,False,4766.780000000013,-119.3799999999901,5.975425040054262,-0.1496494995115395,5.975425040054262,0.14964949951153955,86,0,1305,15,same_bar,0,0.0,,0.0,15,15.0,,15.0,0,0,0.0,0,0,0.0
425,long,Long2,2,0,Exit L2,2025-03-11 14:45:00,2025-03-13 17:45:00,79773.06999999999,80012.32911999998,204,3060,13.334768731775332,0.2999246738278893,True,False,4766.780000000013,-119.3799999999901,5.975425040054262,-0.1496494995115395,5.975425040054262,0.14964949951153955,86,0,1305,15,same_bar,0,0.0,,0.0,15,15.0,,15.0,0,0,0.0,0,0,0.0
426,long,Long1,1,0,TP L1,2025-03-13 20:00:00,2025-03-14 15:00:00,80424.65,84258.21,76,1140,120.19574052915571,4.766648036391841,True,False,4062.350000000006,-145.01999999998952,5.051125494484596,-0.1803178503108058,5.051125494484596,0.18031785031080588,75,2,1140,45,same_bar,0,0.0,,6.0,15,15.0,,105.0,2,30,0.02631578947368421,2,30,-0.053982205704339314
427,short,Short1,1,0,MFEProtect S1,2025-03-14 18:45:00,2025-03-14 22:15:00,84570.51,84332.1,14,210,3.1557501386675035,0.2827037391455844,True,False,852.8199999999924,-358.9400000000023,1.008412979890972,-0.4244269072044172,1.008412979890972,0.4244269072044172,5,0,90,15,same_bar,0,0.0,,5.0,15,15.0,,90.0,2,30,0.14285714285714285,2,30,-0.22630228906034278
428,short,Short1,1,0,MFEProtect S1,2025-03-15 13:45:00,2025-03-16 03:30:00,84459.97,84231.1,55,825,6.032343751254624,0.2717167412036536,True,False,726.1100000000006,-38.75,0.8597090432307761,-0.0458797226662524,0.8597090432307761,0.045879722666252426,48,11,735,180,same_bar,0,0.0,,46.0,15,15.0,,705.0,1,15,0.01818181818181818,1,15,-0.0407530336560491
429,long,Long1,1,0,TP L1,2025-03-18 14:15:00,2025-03-19 18:45:00,81624.14,85612.22,114,1710,62.22905808904284,4.88590752686644,True,False,4245.869999999995,-378.4900000000053,5.201733212748086,-0.4636986068092175,5.201733212748086,0.46369860680921754,113,16,1710,255,same_bar,0,0.0,,4.0,15,15.0,,75.0,6,90,0.05263157894736842,4,60,-0.13896011645574782
430,short,Short1,1,0,MFEProtect S1,2025-03-19 22:15:00,2025-03-20 13:30:00,85811.35,85622.31,61,915,2.3779759088508485,0.2207835784855616,True,False,1056.2100000000064,-1642.3199999999924,1.2308511636281287,-1.913872698658152,1.2308511636281287,1.9138726986581522,47,6,720,105,same_bar,0,0.0,0.0,47.0,15,15.0,15.0,720.0,33,495,0.5409836065573771,12,180,-0.40820622531549405
431,short,Short1,1,0,NoProgress S1,2025-03-24 00:00:00,2025-03-25 00:00:00,85967.37,87336.99,96,1440,-42.045527266876846,-1.5682015146159856,False,True,448.2799999999989,-2798.0599999999977,0.521453663174759,-3.254793068579389,0.521453663174759,3.2547930685793895,7,56,120,855,adverse,0,3.0,0.0,6.0,15,60.0,15.0,105.0,88,1320,0.9166666666666666,85,1275,-1.821091722465062
432,short,Short2,2,0,Exit S2,2025-03-24 14:15:00,2025-03-25 14:30:00,88311.61,88046.73508,97,1455,13.548454102466604,0.3008344599709778,True,False,2001.6100000000008,-224.38999999999945,2.266530980467914,-0.2540889017876578,2.266530980467914,0.25408890178765786,54,16,825,255,same_bar,0,0.0,,0.0,15,15.0,,15.0,11,165,0.1134020618556701,4,60,-0.13064585114624838
433,short,Short1,1,0,MFEProtect S1,2025-03-25 14:45:00,2025-03-26 01:15:00,88022.37,87841.29,42,630,2.184920930560088,0.2061445135880912,True,False,889.7200000000012,-517.2600000000093,1.010788507512353,-0.5876460722427825,1.010788507512353,0.5876460722427825,32,20,495,315,same_bar,0,0.0,20.0,29.0,15,15.0,315.0,450.0,8,120,0.19047619047619047,3,45,-0.13410511441580286
434,short,Short1,1,0,MFEProtect S1,2025-03-26 07:00:00,2025-03-27 02:15:00,87841.09,87596.98,77,1155,6.228950441351014,0.2786739908156699,True,False,1981.0899999999965,-433.9100000000035,2.255311267198525,-0.4939715570469395,2.255311267198525,0.49397155704693957,48,2,735,45,same_bar,0,0.0,,25.0,15,15.0,,390.0,20,300,0.2597402597402597,20,300,-0.23919386701599765
435,long,Long2,2,0,MFEProtect L2,2025-03-28 17:15:00,2025-03-29 02:45:00,83751.24,83851.37,38,570,4.29308812855051,0.1195564388061454,True,False,873.4899999999907,-114.88000000000466,1.0429576923278874,-0.1371681183466712,1.0429576923278874,0.13716811834667123,28,7,435,120,same_bar,0,0.0,,18.0,15,15.0,,285.0,2,30,0.05263157894736842,1,15,-0.049521654843559526
436,long,Long1,1,0,NoProgress L1,2025-03-28 08:00:00,2025-03-29 08:00:00,85281.72,83781.97,96,1440,-23.097223897938765,-1.7585831993069512,False,True,328.0200000000041,-1696.7200000000012,0.3846310792043172,-1.989547115137923,0.38463107920431727,1.989547115137923,17,35,270,540,same_bar,0,0.0,11.0,,15,15.0,180.0,,91,1365,0.9479166666666666,74,1110,-1.1924895562561415
437,long,Long1,1,0,NoProgress L1,2025-03-29 09:45:00,2025-03-30 09:45:00,83544.83,83502.29000000001,96,1440,-1.117013610584317,-0.0509187701979829,False,True,14.39999999999418,-1900.020000000004,0.0172362550740652,-2.2742520392943573,0.01723625507406524,2.2742520392943573,1,29,30,450,adverse,0,1.0,3.0,,15,30.0,60.0,,96,1440,1.0,96,1440,-0.9116567516306343
438,long,Long2,2,0,Exit L2,2025-03-29 12:45:00,2025-03-30 13:30:00,82462.73,82710.0581,99,1485,13.546411556569712,0.2999271307171147,True,False,1071.9100000000035,-817.9199999999983,1.2998720755424948,-0.9918662649174946,1.2998720755424948,0.9918662649174946,84,17,1275,270,same_bar,0,0.0,16.0,4.0,15,15.0,255.0,75.0,20,300,0.20202020202020202,8,120,-0.14904793959646445
439,long,Long1,1,0,MFEProtect L1,2025-03-30 14:15:00,2025-03-31 14:15:00,82749.02,82822.91,96,1440,0.6851653446864112,0.0892941088607379,True,False,850.9799999999959,-1470.5,1.028386801438852,-1.7770603204726774,1.028386801438852,1.7770603204726774,95,41,1440,630,same_bar,0,0.0,8.0,89.0,15,15.0,135.0,1350.0,87,1305,0.90625,73,1095,-0.737397905413127
440,short,Short1,1,0,MFEProtect S1,2025-04-01 10:00:00,2025-04-01 14:45:00,84284.85,84195.95,19,285,1.7884852491854268,0.105587026454379,True,False,1740.8500000000058,-219.88999999999945,2.06543643371259,-0.2608891158968657,2.06543643371259,0.2608891158968657,16,0,255,15,adverse,0,1.0,,5.0,15,30.0,,90.0,1,15,0.05263157894736842,1,15,-0.1747526394126453
441,short,Short1,1,0,MFEProtect S1,2025-04-01 18:45:00,2025-04-02 09:00:00,85126.65,85311.87,57,855,-3.263371592576953,-0.2171092955763343,False,True,1221.929999999993,-452.8100000000122,1.4354259212596678,-0.5319250786915874,1.4354259212596678,0.5319250786915874,44,18,675,285,same_bar,0,0.0,18.0,28.0,15,15.0,285.0,435.0,14,210,0.24561403508771928,8,120,-0.14293660429154523
442,short,Short1,1,0,TP S1,2025-04-02 14:30:00,2025-04-03 12:45:00,85575.44,81949.09,89,1335,54.05821282153051,4.42512540407709,True,False,3686.14,-2924.5599999999977,4.30747420054165,-3.417522597605104,4.30747420054165,3.417522597605104,88,22,1335,345,same_bar,0,0.0,1.0,25.0,15,15.0,30.0,390.0,24,360,0.2696629213483146,23,345,-1.20748332309675
443,long,Long1,1,0,Exit L1,2025-04-04 11:30:00,2025-04-06 16:30:00,81934.02,82179.76196999999,212,3180,6.814446124823907,0.2999266605007156,True,False,2685.9899999999907,-84.97000000000116,3.2782353410707668,-0.1037053961223935,3.2782353410707668,0.10370539612239356,24,12,375,195,same_bar,0,0.0,,0.0,15,15.0,,15.0,0,0,0.0,0,0,0.0
444,long,Long3,3,0,MFEProtect L3,2025-04-06 23:30:00,2025-04-07 02:30:00,78328.74,78500.18000000001,12,180,9.381906385875851,0.2188724087735849,True,False,1018.7200000000012,-908.8400000000112,1.3005698802253185,-1.1602893139861703,1.3005698802253183,1.1602893139861703,6,1,105,30,same_bar,0,0.0,1.0,5.0,15,15.0,30.0,90.0,4,60,0.3333333333333333,4,60,-0.407111106344879
445,long,Long1,1,0,OutsideStop Long1,2025-04-06 19:00:00,2025-04-07 04:00:00,79401.62,77415.96,36,540,-32.7658576125061,-2.5007802107815835,False,True,488.54000000000815,-2247.7899999999936,0.615277119031083,-2.830912014137739,0.615277119031083,2.830912014137739,3,16,60,255,same_bar,0,0.0,5.0,0.0,15,15.0,90.0,15.0,32,480,0.8888888888888888,32,480,-1.1502992634155274
446,long,Long2,2,0,OutsideStop Long2,2025-04-06 19:00:00,2025-04-07 04:00:00,79401.62,77415.96,36,540,-131.05870721282594,-2.5007802107815835,False,True,488.54000000000815,-2247.7899999999936,0.615277119031083,-2.830912014137739,0.615277119031083,2.830912014137739,3,16,60,255,same_bar,0,0.0,5.0,0.0,15,15.0,90.0,15.0,32,480,0.8888888888888888,32,480,-1.1502992634155274
447,short,TrendShort,0,-1,Reverse to RevLong,2025-04-07 06:30:00,2025-04-07 06:45:00,75047.97,74810.04,1,15,35.88131368554859,0.3180455457583164,True,False,492.9700000000012,-352.02999999999884,0.6568731972363825,-0.4690733140416707,0.6568731972363825,0.4690733140416707,0,0,15,15,same_bar,0,0.0,,0.0,15,15.0,,15.0,0,0,0.0,0,0,0.0
448,long,RevLong,0,2,Reverse Stop,2025-04-07 06:45:00,2025-04-09 01:15:00,74810.04,74810.01,170,2550,-4.612467530313545,-4.010156925415842e-05,False,True,6433.540000000008,-302.0399999999936,8.599834995409719,-0.4037425992553854,8.599834995409719,0.40374259925538547,29,0,450,15,same_bar,0,0.0,,0.0,15,15.0,,15.0,1,15,0.0058823529411764705,1,15,-0.15969781596157917
449,long,Long1,1,0,TP L1,2025-04-09 11:45:00,2025-04-09 17:15:00,76230.04,80820.63,22,330,76.4997112025912,6.022022289375695,True,False,5019.960000000006,-219.8299999999872,6.58527792980301,-0.2883771279668582,6.58527792980301,0.2883771279668582,21,2,330,45,same_bar,0,0.0,,3.0,15,15.0,,60.0,0,0,0.0,0,0,0.0
450,short,Short1,1,0,MFEProtect S1,2025-04-09 20:15:00,2025-04-10 09:45:00,82065.66,82036.74,54,810,-0.0096097767299169,0.0352524978442625,False,True,772.6699999999983,-1522.3399999999965,0.9415265776208932,-1.855026816332186,0.9415265776208931,1.8550268163321861,44,3,675,60,same_bar,0,0.0,0.0,27.0,15,15.0,15.0,420.0,34,510,0.6296296296296297,26,390,-0.659393093429876
451,short,Short2,2,0,MFEProtect S2,2025-04-09 20:15:00,2025-04-10 09:45:00,82065.66,82036.74,54,810,-0.0384377217071412,0.0352524978442625,False,True,772.6699999999983,-1522.3399999999965,0.9415265776208932,-1.855026816332186,0.9415265776208931,1.8550268163321861,44,3,675,60,same_bar,0,0.0,0.0,27.0,15,15.0,15.0,420.0,34,510,0.6296296296296297,26,390,-0.659393093429876
452,short,Short3,3,0,Exit S3,2025-04-09 23:15:00,2025-04-11 10:15:00,82773.49,82525.22944,140,2100,13.521375404905063,0.300829893699972,True,False,4309.130000000005,-95.75,5.205930062874,-0.1156771328598081,5.205930062874,0.11567713285980813,66,139,1005,2100,same_bar,0,0.0,,3.0,15,15.0,,60.0,1,15,0.007142857142857143,1,15,-0.005472766703440435
453,short,Short1,1,0,MFEProtect S1,2025-04-11 10:30:00,2025-04-11 13:30:00,82635.97,82924.98,12,180,-4.965961656618847,-0.3485198308157522,False,True,819.9600000000064,-697.0299999999988,0.9922555516683672,-0.8434946670318009,0.9922555516683671,0.8434946670318009,10,11,165,180,same_bar,0,0.0,11.0,3.0,15,15.0,180.0,60.0,2,30,0.16666666666666666,1,15,-0.2177441615315967
454,short,Short2,2,0,MFEProtect S2,2025-04-11 10:30:00,2025-04-11 13:30:00,82635.97,82924.98,12,180,-19.863130807123525,-0.3485198308157522,False,True,819.9600000000064,-697.0299999999988,0.9922555516683672,-0.8434946670318009,0.9922555516683671,0.8434946670318009,10,11,165,180,same_bar,0,0.0,11.0,3.0,15,15.0,180.0,60.0,2,30,0.16666666666666666,1,15,-0.2177441615315967
455,short,Short2,2,0,MFEProtect S2,2025-04-11 22:00:00,2025-04-12 05:00:00,83567.97,83328.03,28,420,12.910476759489349,0.2879463249041203,True,False,775.0200000000041,-29.970000000001164,0.9274127395938948,-0.0358630226389383,0.9274127395938947,0.0358630226389383,19,6,300,105,same_bar,0,0.0,,12.0,15,15.0,,195.0,0,0,0.0,0,0,0.0
456,short,Short1,1,0,MFEProtect S1,2025-04-11 17:45:00,2025-04-12 06:30:00,83929.97,83746.03,51,765,2.353241141714191,0.2196402623503512,True,False,1137.020000000004,-370.0299999999989,1.3547246591414297,-0.4408794617703293,1.3547246591414295,0.4408794617703293,36,13,555,210,same_bar,0,0.0,,17.0,15,15.0,,270.0,5,75,0.09803921568627451,2,30,-0.05593949336571313
457,short,Short2,2,0,MFEProtect S2,2025-04-12 15:45:00,2025-04-13 09:15:00,85008.37,84766.47,70,1050,12.768298202120814,0.2853722704271977,True,False,731.3399999999965,-1091.6300000000049,0.8603152842478883,-1.284144137806671,0.8603152842478883,1.284144137806671,64,38,975,585,same_bar,0,0.0,18.0,3.0,15,15.0,285.0,60.0,37,555,0.5285714285714286,25,375,-0.3954147993611445
458,short,Short1,1,0,NoProgress S1,2025-04-12 12:45:00,2025-04-13 12:45:00,83829.83,84458.78,96,1440,-10.111368629338012,-0.7446827908241138,False,True,274.7100000000064,-2270.1699999999983,0.3276995790162122,-2.708069430654933,0.3276995790162122,2.708069430654933,1,50,30,765,same_bar,0,0.0,2.0,,15,15.0,45.0,,96,1440,1.0,96,1440,-1.3027327454121418
459,short,Short1,1,0,MFEProtect S1,2025-04-13 17:45:00,2025-04-14 00:15:00,84754.82,84764.5,26,390,-1.219384853971594,-0.0114198750656102,False,True,1720.590000000011,-374.86999999999534,2.03007923325188,-0.4422993288169278,2.0300792332518798,0.44229932881692785,14,25,225,390,same_bar,0,0.0,,5.0,15,15.0,,90.0,3,45,0.11538461538461539,1,15,-0.06974234621700177
460,short,Short1,1,0,MFEProtect S1,2025-04-14 14:45:00,2025-04-15 02:45:00,85423.57,85232.86,48,720,4.815835234907473,0.2237517314331638,True,False,1714.320000000007,-45.39999999999418,2.00684658812551,-0.0531469242036994,2.00684658812551,0.053146924203699486,3,0,60,15,same_bar,0,0.0,,0.0,15,15.0,,15.0,0,0,0.0,0,0,0.0
461,short,Short1,1,0,Exit S1,2025-04-15 08:15:00,2025-04-19 15:30:00,85843.91,85586.43818,413,6195,6.789792326920821,0.300832498086323,True,False,2732.270000000004,-652.5099999999948,3.182834985032722,-0.760112161713038,3.182834985032722,0.760112161713038,66,21,1005,330,same_bar,0,0.0,21.0,11.0,15,15.0,330.0,180.0,6,90,0.014527845036319613,4,60,-0.0868533753102918
462,short,Short1,1,0,NoProgress S1,2025-04-21 00:45:00,2025-04-22 00:45:00,86625.65,87709.88,96,1440,-33.138267000435945,-1.236154923481836,False,True,235.86999999999531,-1840.340000000011,0.2722865571571415,-2.1244746792664886,0.2722865571571415,2.1244746792664886,64,54,975,825,adverse,0,64.0,0.0,,15,975.0,15.0,,96,1440,1.0,96,1440,-0.8384398366226855
463,short,Short1,1,0,OutsideStop Short1,2025-04-22 01:45:00,2025-04-22 22:15:00,88399.98,92915.99,82,1230,-66.02582604496851,-4.860315215927857,False,True,573.8999999999942,-5488.020000000004,0.6492082916760775,-6.208168825377567,0.6492082916760775,6.208168825377567,4,79,75,1200,same_bar,0,0.0,42.0,2.0,15,15.0,645.0,45.0,57,855,0.6951219512195121,48,720,-2.108548345587271
464,short,Short2,2,0,OutsideStop Short2,2025-04-22 13:15:00,2025-04-22 22:15:00,89617.11,92915.99,36,540,-190.55009671950208,-3.5503899813153827,False,True,221.11000000000055,-4270.889999999999,0.2467274385438233,-4.765708244776025,0.24672743854382337,4.765708244776025,0,33,15,510,same_bar,0,0.0,0.0,,15,15.0,15.0,,36,540,1.0,36,540,-1.7534994774497363
465,short,Short3,3,0,OutsideStop Short3,2025-04-22 18:00:00,2025-04-22 22:15:00,91206.63,92915.99,17,255,-97.03581550027828,-1.839683352671595,False,True,301.63000000000466,-2681.369999999996,0.3307106073319501,-2.9398849623103005,0.3307106073319501,2.9398849623103005,5,14,90,225,same_bar,0,0.0,3.0,,15,15.0,60.0,,14,210,0.8235294117647058,8,120,-0.5863922079223484
466,short,Short1,1,0,OutsideStop Short1,2025-04-23 05:00:00,2025-04-23 05:45:00,93452.42,93478.45,3,45,-0.7964865660649103,-0.0278459901720706,False,True,171.63000000000466,-112.80000000000292,0.1836549551097817,-0.1207031342794578,0.1836549551097817,0.12070313427945785,1,2,30,45,same_bar,0,0.0,,,15,15.0,,,1,15,0.3333333333333333,1,15,-0.02782164442611812
467,short,Short1,1,0,OutsideStop Short1,2025-04-23 09:15:00,2025-04-23 10:00:00,94147.41,93419.77,3,45,9.192574509524349,0.7788929473921735,True,False,806.6000000000058,-51.16000000000349,0.8567415715419104,-0.0543403158939831,0.8567415715419104,0.05434031589398316,2,0,45,15,same_bar,0,0.0,,2.0,15,15.0,,45.0,0,0,0.0,0,0,0.0
468,short,Short1,1,0,NoProgress S1,2025-04-24 14:45:00,2025-04-25 14:45:00,93101.8,95368.03,96,1440,-30.83620054374729,-2.3762994789763403,False,True,435.1800000000076,-2656.2399999999907,0.4674238306885662,-2.853049028053153,0.46742383068856624,2.853049028053153,11,95,180,1440,same_bar,0,0.0,6.0,,15,15.0,105.0,,90,1350,0.9375,40,600,-0.6384306688425376
469,short,Short1,1,0,MFEProtect S1,2025-04-25 15:15:00,2025-04-25 18:30:00,95304.0,95194.98,13,195,0.9763234143492084,0.1145228456374436,True,False,933.6499999999942,-250.99000000000524,0.9796545790313044,-0.2633572567783149,0.9796545790313043,0.2633572567783149,9,7,150,120,same_bar,0,0.0,,0.0,15,15.0,,15.0,3,45,0.23076923076923078,2,30,-0.11433937715101077
470,short,Short1,1,0,NoProgress S1,2025-05-01 10:30:00,2025-05-02 10:30:00,96139.95,96889.04,96,1440,-20.30199720950345,-0.7731421428058272,False,True,370.2899999999936,-1284.070000000007,0.3851572629276316,-1.3356258246441848,0.38515726292763164,1.3356258246441848,12,18,195,285,same_bar,0,0.0,10.0,,15,15.0,165.0,,93,1395,0.96875,83,1245,-0.5910500981300773
471,short,Short1,1,0,TP S1,2025-05-02 15:00:00,2025-05-04 23:15:00,97557.78,94430.49,225,3375,39.403285402967526,3.311737554258154,True,False,3143.350000000006,-225.24000000000524,3.2220392878968807,-0.2308785624273177,3.2220392878968807,0.2308785624273177,224,4,3375,75,same_bar,0,0.0,,0.0,15,15.0,,15.0,3,45,0.013333333333333334,3,45,-0.07737636779626318
472,long,Long1,1,0,MFEProtect L1,2025-05-05 02:15:00,2025-05-06 00:30:00,94264.03,94461.47,89,1335,4.322734861044707,0.209454231905859,True,False,934.9700000000012,-650.3699999999953,0.9918629619378688,-0.6899450405419706,0.9918629619378687,0.6899450405419706,80,53,1215,810,same_bar,0,0.0,44.0,13.0,15,15.0,675.0,210.0,35,525,0.39325842696629215,17,255,-0.2008540721812351
473,long,Long1,1,0,TP L1,2025-05-06 13:15:00,2025-05-06 23:30:00,93741.03,96869.99,41,615,82.31606798901767,3.33787670137613,True,False,3133.970000000001,-364.0299999999989,3.3432212127389693,-0.3883358226381754,3.3432212127389693,0.38833582263817545,40,1,615,30,same_bar,0,0.0,,3.0,15,15.0,,60.0,1,15,0.024390243902439025,1,15,-0.13239666771316383
474,short,Short1,1,0,OutsideStop Short1,2025-05-08 01:30:00,2025-05-08 21:00:00,97831.14,102512.52,78,1170,-60.53200115946901,-4.5666422013623365,False,True,124.61999999999534,-5019.860000000001,0.1273827535894965,-5.131147403577225,0.1273827535894965,5.131147403577225,0,76,15,1155,same_bar,0,0.0,2.0,,15,15.0,45.0,,77,1155,0.9871794871794872,77,1155,-2.12330010802154
475,short,Short2,2,0,OutsideStop Short2,2025-05-08 04:30:00,2025-05-08 21:00:00,99149.97,102512.52,66,990,-171.89100006682233,-3.280135928762651,False,True,426.7200000000012,-3701.029999999999,0.4303783450463991,-3.732759576225791,0.4303783450463991,3.732759576225791,5,64,90,975,same_bar,0,0.0,14.0,,15,15.0,225.0,,56,840,0.8484848484848485,56,840,-1.148134487584819
476,short,Short3,3,0,OutsideStop Short3,2025-05-08 16:15:00,2025-05-08 21:00:00,100864.86,102512.52,19,285,-82.99228722878874,-1.6072768477450428,False,True,145.47999999999593,-1986.1399999999996,0.1442325900219322,-1.969109955637672,0.14423259002193226,1.9691099556376717,0,17,15,270,same_bar,0,0.0,3.0,,15,15.0,60.0,,19,285,1.0,19,285,-0.5825162603966529
477,short,Short1,1,0,OutsideStop Short1,2025-05-09 00:00:00,2025-05-09 00:45:00,103054.21,102820.03,3,45,2.340153914601747,0.2277571792188792,True,False,514.0800000000017,-121.77999999999884,0.498844249060763,-0.1181708151467065,0.498844249060763,0.11817081514670659,1,0,30,15,same_bar,0,0.0,,,15,15.0,,,0,0,0.0,0,0,0.0
478,short,Short1,1,0,MFEProtect S1,2025-05-09 07:45:00,2025-05-09 10:45:00,103628.74,103371.66,12,180,2.595532732744978,0.2486948550502132,True,False,1207.7400000000052,-301.2599999999948,1.1654488899508044,-0.2907108587829928,1.1654488899508044,0.2907108587829928,6,1,105,30,same_bar,0,0.0,,2.0,15,15.0,,45.0,0,0,0.0,0,0,0.0
479,short,Short1,1,0,NoProgress S1,2025-05-10 06:30:00,2025-05-11 06:30:00,103640.84,103765.82,96,1440,-1.91649572733872,-0.1204442850256448,False,True,635.5099999999948,-1343.7300000000105,0.6131849182233517,-1.296525578140828,0.6131849182233517,1.296525578140828,47,66,720,1005,same_bar,0,0.0,66.0,36.0,15,15.0,1005.0,555.0,50,750,0.5208333333333334,31,465,-0.35650232089975825
480,short,Short1,1,0,TP S1,2025-05-12 07:15:00,2025-05-12 18:30:00,105452.2,101203.02,45,675,97.74190722933194,4.198669170149261,True,False,4376.699999999997,-247.8000000000029,4.150411276388731,-0.2349879850776019,4.150411276388731,0.2349879850776019,44,0,675,15,same_bar,0,0.0,,0.0,15,15.0,,15.0,0,0,0.0,0,0,0.0
481,short,Short1,1,0,MFEProtect S1,2025-05-18 15:00:00,2025-05-18 22:15:00,105161.14,105051.9,29,435,1.6748225182391825,0.1039866960997448,True,False,1875.429999999993,-818.8600000000006,1.7833869050867963,-0.7786716652177796,1.7833869050867965,0.7786716652177796,19,6,300,105,same_bar,0,0.0,6.0,11.0,15,15.0,105.0,180.0,10,150,0.3448275862068966,10,150,-0.3624323585689515
482,short,Short1,1,0,MFEProtect S1,2025-05-19 20:00:00,2025-05-20 15:30:00,105397.29,105120.02,78,1170,5.602311511401222,0.2637651705165167,True,False,1212.570000000007,-1455.979999999996,1.1504755008406828,-1.381420717743308,1.1504755008406693,1.381420717743322,70,24,1065,375,adverse,0,1.0,15.0,49.0,15,30.0,240.0,750.0,40,600,0.5128205128205128,35,525,-0.4270273457695245
483,short,Short1,1,0,NoProgress S1,2025-05-20 20:00:00,2025-05-21 20:00:00,106621.37,108252.72,96,1440,-38.64965677984256,-1.5069829192282724,False,True,685.5399999999936,-3223.6300000000047,0.642966789865853,-3.023437046438256,0.642966789865853,3.023437046438256,8,82,135,1245,same_bar,0,0.0,2.0,8.0,15,15.0,45.0,135.0,64,960,0.6666666666666666,21,315,-0.7612045490974321
484,short,Short1,1,0,NoProgress S1,2025-05-21 23:30:00,2025-05-22 23:30:00,109586.65,111369.0,96,1440,-20.448526022709647,-1.6004004705079566,False,True,409.2799999999989,-2393.350000000006,0.3734761487827202,-2.1839795267033035,0.37347614878272023,2.1839795267033035,3,71,60,1080,same_bar,0,0.0,1.0,,15,15.0,30.0,,95,1425,0.9895833333333334,92,1380,-1.2811346330194355
485,short,Short2,2,0,Exit S2,2025-05-22 05:45:00,2025-05-23 06:00:00,110879.96,110855.5,97,1455,-0.6844092409108982,0.0220647599803447,False,True,607.2400000000052,-1100.0399999999936,0.5476553202219817,-0.9920999249999672,0.5476553202219817,0.9920999249999671,12,46,195,705,same_bar,0,0.0,26.0,12.0,15,15.0,405.0,195.0,69,1035,0.711340206185567,28,420,-0.36179313823392084
486,long,Long1,1,0,MFEProtect L1,2025-05-23 23:45:00,2025-05-24 07:45:00,107318.33,107587.72,32,480,5.275529988428156,0.251019560218646,True,False,1264.0,-442.9199999999983,1.1778043881227,-0.4127160756228673,1.1778043881227,0.4127160756228673,19,0,300,15,same_bar,0,0.0,,5.0,15,15.0,,90.0,1,15,0.03125,1,15,-0.0747588971986346
487,long,Long1,1,0,Exit L1,2025-05-24 23:45:00,2025-05-27 01:15:00,107761.94,108085.16573,198,2970,6.478292525254863,0.2999442381976358,True,False,2660.279999999999,-1161.300000000003,2.46866379725532,-1.0776532048328036,2.4686637972553194,1.0776532048328036,160,62,2415,945,same_bar,0,0.0,5.0,88.0,15,15.0,90.0,1335.0,65,975,0.3282828282828283,56,840,-0.3704840217527363
488,long,Long1,1,0,MFEProtect L1,2025-05-28 20:00:00,2025-05-29 14:15:00,107035.21,107045.53,73,1095,-0.647587897016988,0.0096416870672744,False,True,1856.700000000012,-135.20999999999185,1.7346628273070253,-0.1263229174773346,1.7346628273070115,0.12632291747734825,60,0,915,15,same_bar,0,0.0,,6.0,15,15.0,,105.0,0,0,0.0,0,0,0.0
489,long,Long1,1,0,NoProgress L1,2025-05-29 17:45:00,2025-05-30 17:45:00,106303.63,104183.12,96,1440,-24.93137965964922,-1.9947672530091445,False,True,314.1399999999994,-2596.9199999999983,0.2955120159114034,-2.4429269254492985,0.2955120159114034,2.4429269254492985,2,91,45,1380,same_bar,0,0.0,4.0,,15,15.0,75.0,,91,1365,0.9479166666666666,80,1200,-0.6361582766828792
490,long,Long1,1,0,MFEProtect L1,2025-05-30 17:45:00,2025-05-30 20:00:00,104183.18,104446.06,9,135,2.650119571807603,0.2523247994542066,True,False,805.7900000000081,-118.09999999999128,0.7734357887712855,-0.1133580295782786,0.7734357887712855,0.11335802957827865,4,0,75,15,same_bar,0,0.0,,1.0,15,15.0,,30.0,0,0,0.0,0,0,0.0
491,long,Long1,1,0,MFEProtect L1,2025-05-30 23:00:00,2025-05-31 17:45:00,104037.53,104349.03,75,1125,3.227574608717562,0.2994111836372992,True,False,808.6199999999953,-968.979999999996,0.7772387522079728,-0.9313754373061298,0.7772387522079728,0.9313754373061298,65,15,990,240,same_bar,0,0.0,9.0,62.0,15,15.0,150.0,945.0,53,795,0.7066666666666667,47,705,-0.3648607146591199
492,long,Long1,1,0,MFEProtect L1,2025-06-01 02:15:00,2025-06-01 18:30:00,104164.61,104397.66,65,975,4.601521297755234,0.2237324173728572,True,False,1134.6000000000058,-412.11999999999534,1.089237505905322,-0.3956430115756161,1.089237505905322,0.3956430115756161,54,29,825,450,same_bar,0,0.0,,8.0,15,15.0,,135.0,16,240,0.24615384615384617,11,165,-0.1709613754613981
493,short,Short1,1,0,MFEProtect S1,2025-06-03 01:00:00,2025-06-03 14:30:00,106151.41,106336.04,54,810,-5.150930257963313,-0.1736288091977011,False,True,1278.9100000000035,-348.5899999999965,1.204797939094736,-0.3283894203572015,1.204797939094736,0.32838942035720153,29,3,450,60,same_bar,0,0.0,,6.0,15,15.0,,105.0,5,75,0.09259259259259259,4,60,-0.1538839663081193
494,long,Long1,1,0,MFEProtect L1,2025-06-05 17:00:00,2025-06-06 12:30:00,103410.38,103689.48,78,1170,5.7320240317534665,0.2698955365989297,True,False,889.6199999999953,-3038.12000000001,0.8602811439238454,-2.937925573815713,0.8602811439238454,2.937925573815713,77,14,1170,225,same_bar,0,0.0,3.0,74.0,15,15.0,60.0,1125.0,60,900,0.7692307692307693,60,900,-1.1467478732147953
495,long,Long2,2,0,TP L2,2025-06-05 21:00:00,2025-06-09 21:15:00,100489.27,110471.01,385,5775,482.3444570397092,9.93314012530888,True,False,10005.729999999996,-8.669999999998254,9.957013320924707,-0.0086277868273878,9.957013320924707,0.008627786827387893,384,0,5775,15,same_bar,0,0.0,,0.0,15,15.0,,15.0,0,0,0.0,0,0,0.0
496,short,Short1,1,0,MFEProtect S1,2025-06-10 00:30:00,2025-06-10 19:15:00,110133.91,110016.41,75,1125,0.9013347580453104,0.1068022488645015,True,False,1802.8800000000049,-37.30999999999767,1.6369890072912192,-0.0338769412617763,1.6369890072912192,0.033876941261776386,59,74,900,1125,same_bar,0,0.0,,5.0,15,15.0,,90.0,0,0,0.0,0,0,0.0
497,short,Short2,2,0,MFEProtect S2,2025-06-10 00:30:00,2025-06-10 19:15:00,110133.91,110016.41,75,1125,3.605209141803592,0.1068022488645015,True,False,1802.8800000000049,-37.30999999999767,1.6369890072912192,-0.0338769412617763,1.6369890072912192,0.033876941261776386,59,74,900,1125,same_bar,0,0.0,,5.0,15,15.0,,90.0,0,0,0.0,0,0,0.0
498,short,Short1,1,0,MFEProtect S1,2025-06-10 22:15:00,2025-06-11 12:30:00,109955.38,109827.48,57,855,1.024301090334535,0.1164553716428873,True,False,946.5599999999976,-344.34999999999127,0.8608582863339634,-0.3131724886949517,0.8608582863339634,0.31317248869495173,55,5,840,90,same_bar,0,0.0,,32.0,15,15.0,,495.0,3,45,0.05263157894736842,3,45,-0.17137557677183354
499,long,Long1,1,0,MFEProtect L1,2025-06-12 12:00:00,2025-06-12 15:15:00,106916.69,107211.28,13,195,6.103960780902916,0.2755322859321563,True,False,905.8099999999976,-316.6900000000023,0.8472110388003946,-0.2962025853961643,0.8472110388003946,0.29620258539616434,11,5,180,90,same_bar,0,0.0,,7.0,15,15.0,,120.0,1,15,0.07692307692307693,1,15,-0.07801401259242002
500,long,Long2,2,0,MFEProtect L2,2025-06-13 00:30:00,2025-06-13 14:15:00,103918.86,104156.98,55,825,9.82581505806414,0.2291403119703217,True,False,1515.479999999996,-1254.550000000003,1.4583300856071708,-1.2072399562504852,1.4583300856071708,1.2072399562504852,29,1,450,30,same_bar,0,0.0,1.0,12.0,15,15.0,30.0,195.0,10,150,0.18181818181818182,9,135,-0.36908218585153807
501,long,Long1,1,0,NoProgress L1,2025-06-12 21:00:00,2025-06-13 21:00:00,106208.73,105420.76,96,1440,-9.916371016814132,-0.7419069976639436,False,True,221.6600000000035,-3544.4199999999983,0.2087022413317657,-3.3372209610264605,0.20870224133176574,3.3372209610264605,0,15,15,240,same_bar,0,0.0,10.0,,15,15.0,165.0,,95,1425,0.9895833333333334,95,1425,-1.305729219295464
502,long,Long1,1,0,Exit L1,2025-06-14 06:30:00,2025-06-15 06:45:00,105185.31,105500.80584,97,1455,6.727525090406739,0.2999428722508801,True,False,943.2600000000092,-885.3099999999977,0.8967602034923026,-0.8416669590078668,0.8967602034923026,0.8416669590078668,93,53,1410,810,adverse,0,58.0,35.0,91.0,15,885.0,540.0,1380.0,60,900,0.6185567010309279,60,900,-0.2756836165303539
503,short,Short1,1,0,MFEProtect S1,2025-06-16 07:45:00,2025-06-17 00:15:00,107061.77,106801.33,66,990,5.28959799220394,0.243854641136032,True,False,946.4199999999984,-1890.6100000000008,0.8839943520455511,-1.7659057943839342,0.8839943520455511,1.7659057943839342,65,56,990,855,same_bar,0,0.0,26.0,22.0,15,15.0,405.0,345.0,44,660,0.6666666666666666,38,570,-0.8009876830068182
504,long,Long1,1,0,MFEProtect L1,2025-06-17 17:00:00,2025-06-18 13:15:00,103653.52,103919.93,81,1215,5.637920556400585,0.2570197326632106,True,False,1896.75,-41.52000000000408,1.8298944406326,-0.040056526782693,1.8298944406325999,0.040056526782693024,48,0,735,15,same_bar,0,0.0,,1.0,15,15.0,,30.0,0,0,0.0,0,0,0.0
505,long,Long1,1,0,MFEProtect L1,2025-06-20 19:15:00,2025-06-21 14:15:00,103118.08,103399.13,76,1140,6.036373490424012,0.2725516223731183,True,False,864.5599999999977,-154.4100000000035,0.8384174724742719,-0.1497409571628986,0.8384174724742719,0.1497409571628986,60,14,915,225,same_bar,0,0.0,,3.0,15,15.0,,60.0,2,30,0.02631578947368421,2,30,-0.04249497275356506
506,long,Long1,1,0,MFEProtect L1,2025-06-21 20:00:00,2025-06-22 01:15:00,102464.53,102564.83,21,315,1.579647668193073,0.097887532397789,True,False,935.0899999999964,-1626.6300000000049,0.9125987305070316,-1.5875054518866234,0.9125987305070317,1.5875054518866234,17,14,270,225,same_bar,0,0.0,4.0,17.0,15,15.0,75.0,270.0,13,195,0.6190476190476191,12,180,-0.6709698993848459
507,long,Long1,1,0,MFEProtect L1,2025-06-22 13:45:00,2025-06-23 13:15:00,100865.69,101136.91,94,1410,2.972838592280072,0.2688922268811122,True,False,1271.3099999999977,-2665.6900000000023,1.2603988531680077,-2.642811445596617,1.2603988531680075,2.642811445596617,68,25,1035,390,same_bar,0,0.0,1.0,43.0,15,15.0,30.0,660.0,41,615,0.43617021276595747,34,510,-1.248914612553997
508,long,Long2,2,0,TP L2,2025-06-22 19:30:00,2025-07-10 21:15:00,99100.95,115727.47,1735,26025,853.3253432610417,16.777356826549084,True,False,17767.050000000003,-900.9499999999972,17.928233785851702,-0.9091234745983738,17.928233785851702,0.9091234745983738,1734,2,26025,45,same_bar,0,0.0,1.0,4.0,15,15.0,30.0,75.0,3,45,0.001729106628242075,3,45,-0.4813341009008136
509,short,Short1,1,0,OutsideStop Short1,2025-07-11 00:15:00,2025-07-11 05:15:00,115499.98,117493.84,20,300,-24.01815404860392,-1.6969910933202992,False,True,189.9499999999971,-1993.840000000011,0.164458902936604,-1.7262686971893944,0.16445890293660406,1.7262686971893944,0,19,15,300,same_bar,0,0.0,5.0,,15,15.0,90.0,,19,285,0.95,19,285,-0.8207246807361068
510,short,Short1,1,0,OutsideStop Short1,2025-07-11 08:45:00,2025-07-11 09:30:00,117964.73,118583.9,3,45,-7.630311020868062,-0.522136647555016,False,True,80.98999999999069,-905.25,0.0686561144165639,-0.7673903886356541,0.06865611441656391,0.7673903886356541,0,2,15,45,same_bar,0,0.0,2.0,,15,15.0,45.0,,3,45,1.0,3,45,-0.25241725499929313
511,short,Short1,1,0,NoProgress S1,2025-07-13 03:30:00,2025-07-14 03:30:00,117749.98,121169.61,96,1440,-79.95063163383628,-2.822184539506234,False,True,69.97999999999593,-3742.5,0.059431007971293,-3.178344488890784,0.059431007971293005,3.178344488890784,0,95,15,1440,same_bar,0,0.0,36.0,,15,15.0,555.0,,94,1410,0.9791666666666666,67,1005,-0.6971250224145181
512,short,Short1,1,0,MFEProtect S1,2025-07-14 03:45:00,2025-07-14 17:00:00,120750.21,120500.38,53,795,2.309945820128638,0.2073271470181215,True,False,1548.2100000000064,-2467.7899999999936,1.282159260841042,-2.0437148722142955,1.2821592608410421,2.0437148722142955,49,14,750,225,same_bar,0,0.0,3.0,46.0,15,15.0,60.0,705.0,44,660,0.8301886792452831,44,660,-0.9608010770182616
513,short,Short2,2,0,TP S2,2025-07-14 07:45:00,2025-07-15 14:45:00,122736.01,116008.22,124,1860,293.9007747004958,5.799408007467055,True,False,6999.0899999999965,-33.18000000000757,5.702556242458914,-0.0270336309612863,5.702556242458914,0.027033630961286397,123,0,1860,15,same_bar,0,0.0,,5.0,15,15.0,,90.0,0,0,0.0,0,0,0.0
514,short,Short1,1,0,MFEProtect S1,2025-07-17 21:30:00,2025-07-18 01:00:00,120605.54,120272.04,14,210,6.643250811989208,0.2772880546467959,True,False,1585.0600000000122,-155.54999999998836,1.3142514017183722,-0.128974174818162,1.3142514017183602,0.12897417481817414,9,0,150,15,same_bar,0,0.0,,4.0,15,15.0,,75.0,0,0,0.0,0,0,0.0
515,short,Short1,1,0,Exit S1,2025-07-18 05:15:00,2025-07-22 18:45:00,120540.84,120179.27739,438,6570,7.29331370822263,0.3008527075984091,True,False,4412.8399999999965,-279.8700000000099,3.6608671384735634,-0.2321785711797013,3.6608671384735634,0.23217857117970137,367,2,5520,45,same_bar,0,0.0,,7.0,15,15.0,,120.0,1,15,0.00228310502283105,1,15,-0.04074137860661242
516,short,Short1,1,0,TP S1,2025-07-22 23:15:00,2025-07-25 03:15:00,120134.44,116024.08,208,3120,93.583586887598,3.542678381935893,True,False,4308.470000000001,-0.0299999999988358,3.586373732628213,-2.4972023009251843e-05,3.5863737326282132,2.4972023009251843e-05,207,0,3120,15,same_bar,0,0.0,,5.0,15,15.0,,90.0,0,0,0.0,0,0,0.0
517,long,Long1,1,0,MFEProtect L1,2025-07-25 06:30:00,2025-07-25 13:30:00,115379.74,115672.7,28,420,3.029617381681853,0.2539093951849702,True,False,1402.3899999999994,-656.5800000000017,1.215456023735189,-0.5690600446837563,1.215456023735189,0.5690600446837563,19,4,300,75,same_bar,0,0.0,4.0,6.0,15,15.0,75.0,105.0,6,90,0.21428571428571427,3,45,-0.12306753334684895
518,short,Short1,1,0,TP S1,2025-07-27 22:15:00,2025-07-31 23:30:00,119682.65,115743.61,389,5835,90.60318582729182,3.403246192165588,True,False,4182.649999999994,-117.35000000000582,3.4947839139591195,-0.0980509706294152,3.4947839139591195,0.09805097062941523,388,16,5835,255,same_bar,0,0.0,,10.0,15,15.0,,165.0,1,15,0.002570694087403599,1,15,-0.07017725626898841
519,long,Long1,1,0,NoProgress L1,2025-08-01 06:45:00,2025-08-02 06:45:00,115156.54,113697.82,96,1440,-18.23320045240316,-1.2667278818901506,False,True,862.7600000000093,-2433.959999999992,0.7492062543734028,-2.113609874002807,0.7492062543734028,2.113609874002807,24,63,375,960,same_bar,0,0.0,4.0,22.0,15,15.0,75.0,345.0,77,1155,0.8020833333333334,57,855,-0.952205027726916
520,long,Long1,1,0,Exit L1,2025-08-02 13:30:00,2025-08-03 14:15:00,113350.85,113690.84246,99,1485,3.6890850001613673,0.2999469876052929,True,False,909.459999999992,-1430.8500000000058,0.8023406970481403,-1.2623196032495616,0.8023406970481403,1.2623196032495616,85,43,1290,660,same_bar,0,0.0,9.0,85.0,15,15.0,150.0,1290.0,46,690,0.46464646464646464,34,510,-0.5068359223481445
521,short,Short1,1,0,NoProgress S1,2025-08-07 10:45:00,2025-08-08 10:45:00,116347.19,116544.42,96,1440,-5.750269596101528,-0.1692316114319303,False,True,714.8800000000047,-1282.8099999999977,0.6144368420071036,-1.1025706766102368,0.6144368420071036,1.1025706766102368,23,54,360,825,adverse,0,4.0,34.0,23.0,15,75.0,525.0,360.0,87,1305,0.90625,65,975,-0.4096430355726996
522,short,Short1,1,0,NoProgress S1,2025-08-10 03:30:00,2025-08-11 03:30:00,118217.28,121588.29,96,1440,-80.75705567585675,-2.7724791589716413,False,True,750.9400000000023,-3946.790000000008,0.6352201640910722,-3.338589756083042,0.6352201640910722,3.3385897560830426,16,94,255,1425,same_bar,0,0.0,42.0,15.0,15,15.0,645.0,240.0,77,1155,0.8020833333333334,66,990,-0.6266455941325809
523,short,Short1,1,0,TimeStop S1,2025-08-11 03:30:00,2025-08-13 13:45:00,121588.23,121768.0,233,3495,-2.555722154545747,-0.1476332041258854,False,True,3538.119999999996,-746.9300000000076,2.909919817074396,-0.6143111056061985,2.9099198170743956,0.6143111056061985,72,5,1095,90,same_bar,0,0.0,5.0,28.0,15,15.0,90.0,435.0,21,315,0.09012875536480687,16,240,-0.2633784066575741
524,short,Short2,2,0,Exit S2,2025-08-11 07:00:00,2025-08-13 13:45:00,121985.97,121620.072,219,3285,14.673164985873022,0.3008532999388524,True,False,3935.8600000000006,-125.61000000000058,3.226485799965357,-0.1029708580421179,3.226485799965357,0.10297085804211795,58,0,885,15,same_bar,0,0.0,,3.0,15,15.0,,60.0,0,0,0.0,0,0,0.0
525,short,Short1,1,0,MFEProtect S1,2025-08-13 14:15:00,2025-08-13 16:00:00,121706.6,121508.67,7,105,3.5235829458596672,0.1628937260197194,True,False,1396.87000000001,-211.45999999999185,1.147735619925304,-0.1737457130508878,1.147735619925304,0.17374571305088782,3,0,60,15,same_bar,0,0.0,,1.0,15,15.0,,30.0,0,0,0.0,0,0,0.0
526,short,Short1,1,0,TP S1,2025-08-13 20:15:00,2025-08-14 16:00:00,122613.36,117646.44,79,1185,55.8637727090312,4.221904207216132,True,False,5001.360000000001,-1860.6399999999996,4.078968229889467,-1.517485533387226,4.078968229889467,1.517485533387226,78,16,1185,255,adverse,0,4.0,8.0,38.0,15,75.0,135.0,585.0,34,510,0.43037974683544306,30,450,-0.5726333574090117
527,long,Long1,1,0,NoProgress L1,2025-08-15 14:00:00,2025-08-16 14:00:00,118025.27,117659.38,96,1440,-9.660593323221963,-0.3100098817820917,False,True,248.72999999999595,-1221.2799999999988,0.2107430044430281,-1.034761454051322,0.2107430044430281,1.0347614540513221,0,8,15,135,same_bar,0,0.0,2.0,,15,15.0,45.0,,96,1440,1.0,96,1440,-0.48082323104761454
528,long,Long1,1,0,MFEProtect L1,2025-08-18 02:30:00,2025-08-18 23:30:00,115896.18,116214.54,84,1260,6.658636892998545,0.2746941271058345,True,False,1083.820000000007,-1256.0399999999936,0.9351645584867484,-1.0837630713971709,0.9351645584867483,1.0837630713971709,78,27,1185,420,same_bar,0,0.0,0.0,58.0,15,15.0,15.0,885.0,52,780,0.6190476190476191,52,780,-0.5358408175847822
529,long,Long1,1,0,MFEProtect L1,2025-08-19 04:15:00,2025-08-19 13:30:00,114892.03,115124.18,37,555,4.634174135734012,0.2020592725187286,True,False,983.8099999999976,-291.2899999999936,0.8562909019885868,-0.2535336872366113,0.8562909019885868,0.2535336872366113,36,12,555,195,same_bar,0,0.0,,2.0,15,15.0,,45.0,3,45,0.08108108108108109,3,45,-0.08830029376275898
530,long,Long1,1,0,MFEProtect L1,2025-08-19 17:15:00,2025-08-20 15:45:00,113422.27,113353.91,90,1350,-1.3439312678123576,-0.0602703507873725,False,True,904.0800000000016,-1042.270000000004,0.7970921407233357,-0.9189288840718882,0.7970921407233357,0.9189288840718882,87,83,1320,1260,same_bar,0,0.0,5.0,61.0,15,15.0,90.0,930.0,39,585,0.43333333333333335,20,300,-0.24982522030059925
531,long,Long1,1,0,MFEProtect L1,2025-08-21 17:15:00,2025-08-22 10:30:00,112250.5,112582.17,69,1035,7.242177626076166,0.2954730713894404,True,False,1274.5,-234.83000000000172,1.13540696923399,-0.2092017407494859,1.13540696923399,0.20920174074948597,35,8,540,135,same_bar,0,0.0,,13.0,15,15.0,,210.0,2,30,0.028985507246376812,2,30,-0.0902891301152342
532,short,Short1,1,0,TP S1,2025-08-22 15:45:00,2025-08-24 20:00:00,116370.72,112152.6,209,3135,50.14376211199,3.761054135169406,True,False,5690.720000000001,-1058.3300000000015,4.890164811217118,-0.9094469811650232,4.890164811217118,0.9094469811650231,206,8,3105,135,adverse,0,1.0,5.0,42.0,15,30.0,90.0,645.0,38,570,0.18181818181818182,34,510,-0.3866140265487641
533,long,Long1,1,0,MFEProtect L1,2025-08-25 00:45:00,2025-08-25 03:45:00,112645.13,112916.81,12,180,5.749704752851013,0.2411821975792483,True,False,1022.1499999999942,-29.23000000001048,0.9074071821835478,-0.0259487471850851,0.9074071821835478,0.025948747185085122,8,1,135,30,same_bar,0,0.0,,4.0,15,15.0,,75.0,0,0,0.0,0,0,0.0
534,long,Long2,2,0,MFEProtect L2,2025-08-25 21:15:00,2025-08-26 00:00:00,109513.43,109715.95,11,165,8.310832284461013,0.184927090677367,True,False,1085.640000000014,-239.3299999999872,0.9913304696967432,-0.2185394065367026,0.9913304696967431,0.2185394065367026,5,0,90,15,same_bar,0,0.0,,0.0,15,15.0,,15.0,0,0,0.0,0,0,0.0
535,long,Long1,1,0,NoProgress L1,2025-08-25 07:00:00,2025-08-26 07:00:00,112049.13,109804.74,96,1440,-57.16219232906799,-2.003040987466842,False,True,888.1299999999901,-3382.470000000001,0.7926255206086742,-3.0187382981019137,0.7926255206086742,3.0187382981019137,36,71,555,1080,same_bar,0,0.0,1.0,36.0,15,15.0,30.0,555.0,79,1185,0.8229166666666666,48,720,-1.2957404929133254
536,short,Short1,1,0,TP S1,2025-08-28 07:15:00,2025-08-29 13:45:00,113158.21,109106.17,122,1830,99.07955750973623,3.713850463268953,True,False,4258.210000000006,-327.6899999999878,3.763058818268693,-0.2895857048286534,3.7630588182686933,0.2895857048286534,121,23,1830,360,same_bar,0,0.0,,25.0,15,15.0,,390.0,3,45,0.02459016393442623,1,15,-0.047502813391386844
537,long,Long1,1,0,Exit L1,2025-08-29 17:15:00,2025-08-30 17:30:00,108398.24,108723.37463,97,1455,3.7116774854071855,0.2999445655206045,True,False,527.9099999999889,-1048.1399999999994,0.4870097521878481,-0.9669345184940266,0.48700975218784814,0.9669345184940266,88,33,1335,510,same_bar,0,0.0,10.0,,15,15.0,165.0,,43,645,0.44329896907216493,16,240,-0.23882885835579318
538,long,Long1,1,0,MFEProtect L1,2025-09-01 04:45:00,2025-09-01 21:30:00,107409.13,107595.59,67,1005,3.8706034172291615,0.1735979055039305,True,False,2503.269999999989,-154.13000000000466,2.330593311760359,-0.1434980434158666,2.330593311760359,0.14349804341586664,18,1,285,30,same_bar,0,0.0,,2.0,15,15.0,,45.0,1,15,0.014925373134328358,1,15,-0.0494650687516085
539,short,Short1,1,0,NoProgress S1,2025-09-02 14:00:00,2025-09-03 14:00:00,111026.96,111222.29,96,1440,-5.967257748738972,-0.1756212715994132,False,True,826.9600000000064,-893.7399999999907,0.744828103012103,-0.8049756563630948,0.744828103012103,0.8049756563630948,18,94,285,1425,same_bar,0,0.0,1.0,8.0,15,15.0,30.0,135.0,58,870,0.6041666666666666,21,315,-0.254338349830553
540,short,Short1,1,0,Exit S1,2025-09-03 14:45:00,2025-09-05 07:00:00,112261.34,111924.61589,161,2415,3.714500337719921,0.300849019960836,True,False,2932.220000000001,-313.9300000000076,2.6119588453157614,-0.2796421279133205,2.6119588453157614,0.2796421279133205,97,11,1470,180,same_bar,0,0.0,,7.0,15,15.0,,120.0,7,105,0.043478260869565216,5,75,-0.08386044309008119
541,short,Short1,1,0,Exit S1,2025-09-05 08:00:00,2025-09-08 14:30:00,112778.89,112440.61324,314,4710,7.430701796210334,0.3008492663393536,True,False,2801.8899999999994,-605.7299999999959,2.4844099813360456,-0.5370951957409724,2.4844099813360456,0.5370951957409724,128,18,1935,285,same_bar,0,0.0,17.0,4.0,15,15.0,270.0,75.0,5,75,0.01592356687898089,5,75,-0.24884444243066905
542,short,Short1,1,0,Exit S1,2025-09-09 07:00:00,2025-09-10 08:00:00,113001.88,112662.93427,100,1500,7.434093966820511,0.3008493717975735,True,False,2235.220000000001,-291.40999999998894,1.978037887511253,-0.2578806653482127,1.978037887511253,0.25788066534821275,34,1,525,30,adverse,0,1.0,,18.0,15,30.0,,285.0,4,60,0.04,3,45,-0.08276632211782209
543,short,Short1,1,0,NoProgress S1,2025-09-10 13:15:00,2025-09-11 13:15:00,113666.4,113719.31,96,1440,-2.325568152531048,-0.0465268387576434,False,True,511.36999999999534,-833.6000000000058,0.4498866859511653,-0.7333741545434762,0.4498866859511653,0.7333741545434762,23,92,360,1395,same_bar,0,0.0,1.0,,15,15.0,30.0,,85,1275,0.8854166666666666,64,960,-0.273356687536827
544,short,Short1,1,0,NoProgress S1,2025-09-11 22:45:00,2025-09-12 22:45:00,115083.97,116027.49,96,1440,-24.10893079552331,-0.8131865991412912,False,True,342.9799999999959,-1581.6600000000035,0.298025867546971,-1.3743530050275494,0.298025867546971,1.3743530050275494,52,83,795,1260,adverse,0,18.0,4.0,,15,285.0,75.0,,75,1125,0.78125,36,540,-0.45372458620141953
545,short,Short1,1,0,MFEProtect S1,2025-09-18 03:30:00,2025-09-19 00:30:00,117686.1,117388.02,84,1260,6.110306714801185,0.2539271043160873,True,False,1074.070000000007,-213.89999999999415,0.9126566348957156,-0.1817546847078747,0.9126566348957157,0.18175468470787473,77,58,1170,885,same_bar,0,0.0,,9.0,15,15.0,,150.0,10,150,0.11904761904761904,5,75,-0.06458451762781925
546,long,Long1,1,0,NoProgress L1,2025-09-22 06:30:00,2025-09-23 06:30:00,112947.77,112924.18,96,1440,-0.7996999249598487,-0.020885759851652,False,True,484.9899999999907,-1469.770000000004,0.4293931611044562,-1.3012828850007434,0.4293931611044562,1.3012828850007434,30,81,465,1230,same_bar,0,0.0,10.0,,15,15.0,165.0,,89,1335,0.9270833333333334,35,525,-0.3517619722556632
547,long,Long1,1,0,Exit L1,2025-09-23 18:00:00,2025-09-25 03:15:00,112109.13,112445.3973,133,1995,7.418371761334043,0.299946400440354,True,False,1830.8699999999956,-1066.4700000000012,1.6331140915998503,-0.9512784551980744,1.6331140915998503,0.9512784551980745,93,39,1410,600,same_bar,0,0.0,6.0,47.0,15,15.0,105.0,720.0,23,345,0.17293233082706766,13,195,-0.2267770930761499
548,long,Long1,1,0,Exit L1,2025-09-25 18:00:00,2025-09-26 19:00:00,109222.16,109549.76639,100,1500,3.710856178133685,0.2999449836919465,True,False,1077.8399999999965,-602.0899999999965,0.9868327086737676,-0.5512526029516323,0.9868327086737677,0.5512526029516323,96,68,1455,1035,same_bar,0,0.0,68.0,2.0,15,15.0,1035.0,45.0,24,360,0.24,10,150,-0.19590156124606137
549,short,Short1,1,0,NoProgress S1,2025-09-28 23:15:00,2025-09-29 23:15:00,112107.82,114301.03,96,1440,-56.076905231526986,-1.918801606599685,False,True,547.1700000000128,-2292.179999999993,0.4880747837216108,-2.044620972916959,0.48807478372161084,2.044620972916959,31,82,480,1245,same_bar,0,0.0,56.0,,15,15.0,855.0,,56,840,0.5833333333333334,41,615,-1.228007555583537
550,short,Short1,1,0,MFEProtect S1,2025-09-30 00:00:00,2025-09-30 19:30:00,114307.86,114212.54,78,1170,0.6643887208351412,0.0834584363503365,True,False,1651.5899999999965,-484.1399999999994,1.4448612720070138,-0.4235404284534759,1.4448612720070138,0.42354042845347595,39,4,600,75,same_bar,0,0.0,,29.0,15,15.0,,450.0,15,225,0.19230769230769232,15,225,-0.13218630226594344
551,short,Short1,1,0,NoProgress S1,2025-10-01 02:00:00,2025-10-02 02:00:00,114481.06,118701.53,96,1440,-104.3538340689033,-3.5555312555785923,False,True,384.4799999999959,-4975.860000000001,0.3358459469190763,-4.346448224710708,0.3358459469190763,4.346448224710708,6,87,105,1320,same_bar,0,0.0,24.0,,15,15.0,375.0,,84,1260,0.875,76,1140,-2.1089781971254444
552,short,Short2,2,0,NoProgress S2,2025-10-01 14:45:00,2025-10-02 14:45:00,117292.71,118814.12,96,1440,-74.36741626973894,-1.2804959545212211,False,True,568.1500000000087,-2495.2899999999936,0.4843864550490893,-2.1274041668915262,0.48438645504908934,2.1274041668915262,11,94,180,1425,same_bar,0,0.0,6.0,,15,15.0,105.0,,88,1320,0.9166666666666666,75,1125,-0.9612658559319385
553,short,Short1,1,0,NoProgress S1,2025-10-02 16:15:00,2025-10-03 16:15:00,119995.28,123659.85,96,1440,-42.74732978140543,-2.963427498901228,False,True,746.9799999999959,-3835.660000000004,0.6225078186408631,-3.196509062689802,0.6225078186408631,3.196509062689802,63,95,960,1440,same_bar,0,0.0,9.0,3.0,15,15.0,150.0,60.0,76,1140,0.7916666666666666,31,465,-0.3992592348983304
554,short,Short2,2,0,NoProgress S2,2025-10-02 16:15:00,2025-10-03 16:15:00,119995.28,123659.85,96,1440,-170.98315923677208,-2.963427498901228,False,True,746.9799999999959,-3835.660000000004,0.6225078186408631,-3.196509062689802,0.6225078186408631,3.196509062689802,63,95,960,1440,same_bar,0,0.0,9.0,3.0,15,15.0,150.0,60.0,76,1140,0.7916666666666666,31,465,-0.3992592348983304
555,short,Short1,1,0,MFEProtect S1,2025-10-03 16:45:00,2025-10-03 17:00:00,122553.27,122981.12,1,15,-5.244363874732696,-0.3478989295267354,False,True,891.8300000000017,-560.6999999999971,0.7277080407564822,-0.4575153319042381,0.7277080407564822,0.4575153319042381,0,0,15,15,same_bar,0,0.0,,0.0,15,15.0,,15.0,1,15,1.0,1,15,-0.34908901247596713
556,short,Short2,2,0,MFEProtect S2,2025-10-03 16:45:00,2025-10-03 17:00:00,122553.27,122981.12,1,15,-20.976699797207512,-0.3478989295267354,False,True,891.8300000000017,-560.6999999999971,0.7277080407564822,-0.4575153319042381,0.7277080407564822,0.4575153319042381,0,0,15,15,same_bar,0,0.0,,0.0,15,15.0,,15.0,1,15,1.0,1,15,-0.34908901247596713
557,short,Short1,1,0,NoProgress S1,2025-10-04 21:30:00,2025-10-05 21:30:00,122319.68,122669.24,96,1440,-8.74518268272522,-0.2849614133094813,False,True,183.6800000000076,-3388.7399999999907,0.15016389840131,-2.770396390834239,0.15016389840129815,2.7703963908342515,14,28,225,435,same_bar,0,0.0,19.0,,15,15.0,300.0,,84,1260,0.875,81,1215,-0.9437950972870023
558,short,Short1,1,0,NoProgress S1,2025-10-06 03:00:00,2025-10-07 03:00:00,124006.39,124484.94,96,1440,-11.458454012905976,-0.3844240114507014,False,True,725.8999999999942,-2193.240000000005,0.5853730602108441,-1.7686507929147888,0.5853730602108441,1.7686507929147888,18,62,285,945,same_bar,0,0.0,36.0,7.0,15,15.0,555.0,120.0,66,990,0.6875,64,960,-0.726417233723834
559,long,Long1,1,0,Exit L1,2025-10-07 17:30:00,2025-10-09 02:30:00,121406.34,121770.49893,132,1980,7.156698672390269,0.2999505050559792,True,False,2790.9100000000035,-831.3999999999942,2.298817343476464,-0.6848077291515371,2.298817343476464,0.6848077291515371,97,2,1470,45,same_bar,0,0.0,2.0,8.0,15,15.0,45.0,135.0,15,225,0.11363636363636363,5,75,-0.16088231745832257
560,long,Long1,1,0,MFEProtect L1,2025-10-09 08:30:00,2025-10-09 14:15:00,121330.15,121690.24,23,345,7.074094733196918,0.2967852590638031,True,False,2432.790000000008,-184.6599999999889,2.0050993096110146,-0.1521963007545848,2.0050993096110146,0.15219630075458485,15,0,240,15,same_bar,0,0.0,,7.0,15,15.0,,120.0,1,15,0.043478260869565216,1,15,-0.05648225111400951
561,long,Long1,1,0,MFEProtect L1,2025-10-09 17:30:00,2025-10-10 14:45:00,120461.9,120493.14,85,1275,-0.2735530298916402,0.0259335109275227,False,True,2088.100000000006,-65.89999999999418,1.7334111449346274,-0.0547060937939665,1.7334111449346274,0.05470609379396654,79,3,1200,60,same_bar,0,0.0,,1.0,15,15.0,,30.0,0,0,0.0,0,0,0.0
562,long,Long1,1,0,OutsideStop Long1,2025-10-10 18:00:00,2025-10-10 21:15:00,117653.22,108432.06,13,195,-106.83344461620484,-7.837575546168651,False,True,198.27999999999884,-15653.22,0.1685291741271499,-13.304540241227569,0.16852917412714996,13.304540241227567,0,12,15,195,same_bar,0,0.0,3.0,,15,15.0,60.0,,13,195,1.0,13,195,-1.6304258069081876
563,long,Long1,1,0,OutsideStop Long1,2025-10-11 19:45:00,2025-10-11 20:45:00,111178.34,110244.95,4,60,-11.786122212787893,-0.8395430260966341,False,True,189.9499999999971,-1524.6900000000023,0.1708516245160677,-1.3713912260247836,0.1708516245160677,1.3713912260247836,0,3,15,60,same_bar,0,0.0,1.0,,15,15.0,30.0,,4,60,1.0,4,60,-0.5916889926581015
564,long,Long1,1,0,OutsideStop Long1,2025-10-12 01:00:00,2025-10-12 01:45:00,110030.49,109978.53,3,45,-1.1194470027081946,-0.0472232742033673,False,True,287.5199999999895,-337.8899999999994,0.261309387970543,-0.3070876081711527,0.261309387970543,0.30708760817115277,2,0,45,15,same_bar,0,0.0,,,15,15.0,,,3,45,1.0,3,45,-0.043048673750952414
565,long,Long1,1,0,MFEProtect L1,2025-10-14 10:45:00,2025-10-14 12:30:00,110623.61,110883.27,7,105,5.344301816686017,0.2347238532533824,True,False,1006.6699999999984,-9.360000000000582,0.9099956148601536,-0.0084611232629278,0.9099956148601535,0.008461123262927852,2,0,45,15,same_bar,0,0.0,,0.0,15,15.0,,15.0,0,0,0.0,0,0,0.0
566,long,Long1,1,0,MFEProtect L1,2025-10-15 13:45:00,2025-10-15 14:30:00,111389.03,111300.7,3,45,-3.102298749389075,-0.0792986526590655,False,True,849.3800000000047,-189.02000000000407,0.7625346948438322,-0.1696935506126627,0.7625346948438322,0.16969355061266272,0,2,15,45,same_bar,0,0.0,,0.0,15,15.0,,15.0,1,15,0.3333333333333333,1,15,-0.07927172002485383
567,long,Long1,1,0,MFEProtect L1,2025-10-16 14:15:00,2025-10-16 14:45:00,110343.44,110529.31,2,30,3.56187044777108,0.1684468057185695,True,False,1076.5800000000015,-0.0200000000040745,0.975662893960893,-1.812522792843375e-05,0.975662893960893,1.812522792843375e-05,0,0,15,15,same_bar,0,0.0,,0.0,15,15.0,,15.0,0,0,0.0,0,0,0.0
568,long,Long1,1,0,MFEProtect L1,2025-10-16 19:30:00,2025-10-17 06:15:00,107980.02,107819.99,43,645,-2.4777696976941543,-0.148203343544484,False,True,1259.979999999996,-553.0200000000041,1.1668640179914729,-0.5121503033616812,1.1668640179914729,0.5121503033616812,32,3,495,60,same_bar,0,0.0,3.0,0.0,15,15.0,60.0,15.0,7,105,0.16279069767441862,3,45,-0.09662369548948867
569,long,Long2,2,0,MFEProtect L2,2025-10-16 19:30:00,2025-10-17 06:15:00,107980.02,107819.99,43,645,-9.910721716482255,-0.148203343544484,False,True,1259.979999999996,-553.0200000000041,1.1668640179914729,-0.5121503033616812,1.1668640179914729,0.5121503033616812,32,3,495,60,same_bar,0,0.0,3.0,0.0,15,15.0,60.0,15.0,7,105,0.16279069767441862,3,45,-0.09662369548948867
570,long,Long1,1,0,OutsideStop Long1,2025-10-17 10:00:00,2025-10-17 10:45:00,104638.9,104751.96,3,45,0.9678252886432228,0.1080477719089367,True,False,287.2900000000081,-1110.6699999999985,0.2745537271511915,-1.061431265045789,0.27455372715119153,1.061431265045789,2,0,45,15,same_bar,0,0.0,0.0,,15,15.0,15.0,,2,30,0.6666666666666666,2,30,-0.4074823034263486
571,long,Long1,1,0,TP L1,2025-10-18 16:45:00,2025-10-20 03:45:00,106664.04,110145.41,140,2100,86.73887465901498,3.2638647476694205,True,False,3763.820000000007,-560.679999999993,3.528668143453039,-0.5256504441421805,3.528668143453039,0.5256504441421805,139,65,2100,990,same_bar,0,0.0,65.0,12.0,15,15.0,990.0,195.0,4,60,0.02857142857142857,4,60,-0.2929314321865162
572,short,Short1,1,0,MFEProtect S1,2025-10-20 06:45:00,2025-10-20 20:00:00,111298.52,111007.91,53,795,3.0462273794810923,0.2617921551716362,True,False,1442.6900000000023,-407.0399999999936,1.296234666912015,-0.3657191488260523,1.296234666912015,0.3657191488260523,42,35,645,540,same_bar,0,0.0,,9.0,15,15.0,,150.0,3,45,0.05660377358490566,1,15,-0.04786526661210525
573,short,Short1,1,0,TP S1,2025-10-21 16:30:00,2025-10-22 21:00:00,113444.44,107139.32,114,1710,74.73368178302644,5.884972949240308,True,False,6777.75,-136.4499999999971,5.974510518100314,-0.1202791428121088,5.974510518100314,0.1202791428121088,113,0,1710,15,same_bar,0,0.0,,0.0,15,15.0,,15.0,0,0,0.0,0,0,0.0
574,short,Short2,2,0,TP S2,2025-10-21 16:30:00,2025-10-22 21:00:00,113444.44,107139.32,114,1710,298.92395757954887,5.884972949240308,True,False,6777.75,-136.4499999999971,5.974510518100314,-0.1202791428121088,5.974510518100314,0.1202791428121088,113,0,1710,15,same_bar,0,0.0,,0.0,15,15.0,,15.0,0,0,0.0,0,0,0.0
575,short,Short1,1,0,MFEProtect S1,2025-10-24 05:00:00,2025-10-24 19:15:00,111135.07,110941.75,57,855,3.8368723277514696,0.1742536060590493,True,False,1435.0600000000122,-969.9099999999888,1.2912755622505228,-0.872730813054771,1.2912755622505228,0.872730813054771,36,29,555,450,same_bar,0,0.0,29.0,34.0,15,15.0,450.0,525.0,20,300,0.3508771929824561,8,120,-0.1439217161603401
576,short,Short1,1,0,NoProgress S1,2025-10-25 04:30:00,2025-10-26 04:30:00,111290.43,111423.98,96,1440,-4.33904500432953,-0.1198575028463211,False,True,196.44000000000236,-652.7599999999948,0.1765111339762119,-0.5865374048783842,0.17651113397619886,0.5865374048783973,2,32,45,495,same_bar,0,0.0,17.0,,15,15.0,270.0,,87,1305,0.90625,43,645,-0.24759685913281848
577,short,Short1,1,0,NoProgress S1,2025-10-26 11:45:00,2025-10-27 11:45:00,113286.06,115362.05,96,1440,-51.95530206820328,-1.7995432640110054,False,True,385.0599999999977,-3113.9400000000023,0.3399006020687785,-2.7487406658859905,0.33990060206877853,2.7487406658859905,37,76,570,1155,same_bar,0,0.0,6.0,,15,15.0,105.0,,95,1425,0.9895833333333334,58,870,-1.0918265346662228
578,long,Long2,2,0,MFEProtect L2,2025-10-30 04:30:00,2025-10-30 12:15:00,108977.43,108784.27,31,465,-11.782458706845532,-0.1772477108333281,False,True,2614.570000000007,-557.429999999993,2.399184858736352,-0.5115095850581107,2.3991848587363522,0.5115095850581107,10,1,165,30,same_bar,0,0.0,1.0,3.0,15,15.0,30.0,60.0,2,30,0.06451612903225806,1,15,-0.273125361829496
579,long,Long1,1,0,NoProgress L1,2025-10-29 16:15:00,2025-10-30 16:15:00,111160.67,108149.97,96,1440,-37.982852593899366,-2.708421962552044,False,True,869.5599999999977,-3832.6699999999983,0.7822550907618655,-3.4478651487077205,0.7822550907618655,3.4478651487077205,6,93,105,1410,same_bar,0,0.0,8.0,4.0,15,15.0,135.0,75.0,76,1140,0.7916666666666666,34,510,-1.208705381138849
580,long,Long2,2,0,Exit L2,2025-10-30 20:30:00,2025-11-03 04:00:00,107304.83,107626.6844,318,4770,14.557156633362624,0.2999440006568266,True,False,3945.179999999993,-67.30999999999767,3.676609897243202,-0.0627278380665601,3.676609897243202,0.06272783806656017,253,0,3810,15,same_bar,0,0.0,,3.0,15,15.0,,60.0,0,0,0.0,0,0,0.0
581,long,Long1,1,0,Exit L1,2025-10-30 17:30:00,2025-11-03 04:15:00,107183.12,107504.60927,331,4965,3.6390061674144745,0.2999439370676926,True,False,4066.89,-878.7799999999988,3.7943381383187935,-0.8198865642276497,3.7943381383187944,0.8198865642276497,265,7,3990,120,same_bar,0,0.0,7.0,14.0,15,15.0,120.0,225.0,7,105,0.021148036253776436,7,105,-0.3191414042488318
582,long,Long1,1,0,NoProgress L1,2025-11-03 04:15:00,2025-11-04 04:15:00,107836.34,106939.06,96,1440,-23.96519746146225,-0.8320757177033289,False,True,496.6600000000035,-2529.779999999999,0.460568301928648,-2.345943862708989,0.46056830192864806,2.3459438627089892,38,46,585,705,same_bar,0,0.0,6.0,,15,15.0,105.0,,86,1290,0.8958333333333334,54,810,-0.7485940225241646
583,long,Long2,2,0,MFEProtect L2,2025-11-04 09:30:00,2025-11-04 15:00:00,103883.95,104084.65,22,330,8.654401080145984,0.1931963503505551,True,False,940.229999999996,-968.8999999999942,0.9050772520682896,-0.9326753555289284,0.9050772520682896,0.9326753555289283,21,19,330,300,same_bar,0,0.0,19.0,6.0,15,15.0,300.0,105.0,8,120,0.36363636363636365,5,75,-0.09954978608340964
584,long,Long1,1,0,OutsideStop Long1,2025-11-04 06:00:00,2025-11-04 17:30:00,104886.11,101366.4,46,690,-46.73325278344052,-3.355744626242696,False,True,314.8899999999994,-4086.1100000000006,0.3002208776738878,-3.895758933189533,0.30022087767388783,3.895758933189533,0,44,15,675,same_bar,0,0.0,4.0,,15,15.0,75.0,,45,675,0.9782608695652174,45,675,-1.0418386190507032
585,long,Long1,1,0,OutsideStop Long1,2025-11-04 20:30:00,2025-11-04 21:15:00,100923.03,99926.26,3,45,-14.063064016618531,-0.9876536604182418,False,True,127.11000000000058,-1181.0099999999948,0.1259474670944784,-1.170208623343943,0.1259474670944784,1.170208623343943,0,2,15,45,same_bar,0,0.0,1.0,,15,15.0,30.0,,3,45,1.0,3,45,-0.5913318298112924
586,long,Long2,2,0,Exit L2,2025-11-05 11:00:00,2025-11-06 15:30:00,101562.89,101867.51858,114,1710,14.519682296011752,0.2999408346887167,True,False,2971.850000000006,-84.97000000000116,2.926117994476138,-0.0836624479669701,2.926117994476138,0.08366244796697019,35,0,540,15,same_bar,0,0.0,,2.0,15,15.0,,45.0,0,0,0.0,0,0,0.0
587,long,Long1,1,0,Exit L1,2025-11-05 01:30:00,2025-11-07 12:30:00,99349.76,99647.74919,236,3540,3.621964626709296,0.2999395167134766,True,False,5184.9800000000105,-98.98999999999069,5.218915475991095,-0.0996378853859241,5.218915475991095,0.09963788538592411,73,0,1110,15,same_bar,0,0.0,,0.0,15,15.0,,15.0,0,0,0.0,0,0,0.0
588,long,Long1,1,0,TP L1,2025-11-07 13:00:00,2025-11-09 18:45:00,100043.62,104512.62,215,3225,60.87822212349415,4.467051472147854,True,False,4547.700000000012,-524.2999999999884,4.545717158175616,-0.5240714000552843,4.5457171581756155,0.5240714000552843,214,5,3225,90,same_bar,0,0.0,5.0,0.0,15,15.0,90.0,15.0,0,0,0.0,0,0,0.0
589,short,Short1,1,0,MFEProtect S1,2025-11-10 01:00:00,2025-11-10 02:45:00,106314.39,106006.72,7,105,3.4994142951010385,0.2902363170938615,True,False,757.7100000000064,-85.61000000000058,0.7127069063745806,-0.0805253174099955,0.7127069063745806,0.08052531740999556,3,0,60,15,same_bar,0,0.0,,1.0,15,15.0,,30.0,0,0,0.0,0,0,0.0
590,short,Short2,2,0,MFEProtect S2,2025-11-10 01:00:00,2025-11-10 02:45:00,106314.39,106006.72,7,105,13.997152869899375,0.2902363170938615,True,False,757.7100000000064,-85.61000000000058,0.7127069063745806,-0.0805253174099955,0.7127069063745806,0.08052531740999556,3,0,60,15,same_bar,0,0.0,,1.0,15,15.0,,30.0,0,0,0.0,0,0,0.0
591,short,Short1,1,0,TP S1,2025-11-11 03:15:00,2025-11-12 15:45:00,106773.03,102173.54,146,2190,59.05402694480395,4.501644946431349,True,False,4811.059999999998,-106.94999999999708,4.50587568789609,-0.1001657441022298,4.50587568789609,0.10016574410222984,145,0,2190,15,same_bar,0,0.0,,2.0,15,15.0,,45.0,0,0,0.0,0,0,0.0
592,long,Long1,1,0,MFEProtect L1,2025-11-12 18:45:00,2025-11-13 03:00:00,101542.2,101346.78,33,495,-3.1694819880210336,-0.1924520051761691,False,True,1061.800000000003,-728.6100000000006,1.0456736214106084,-0.7175440358786797,1.0456736214106084,0.7175440358786797,24,1,375,30,same_bar,0,0.0,1.0,24.0,15,15.0,30.0,375.0,9,135,0.2727272727272727,5,75,-0.18231172195730302
593,long,Long2,2,0,MFEProtect L2,2025-11-13 22:00:00,2025-11-14 00:00:00,99301.64,99329.38,8,120,-0.4483960786636694,0.0279350874769157,False,True,1199.6699999999985,-213.4700000000012,1.2081069355954224,-0.2149712733848113,1.2081069355954224,0.2149712733848113,5,7,90,120,same_bar,0,0.0,,1.0,15,15.0,,30.0,0,0,0.0,0,0,0.0
594,long,Long1,1,0,MFEProtect L1,2025-11-13 19:00:00,2025-11-14 00:45:00,98696.11,98973.92,23,345,3.4044530862552285,0.2814801920764553,True,False,1805.199999999997,-695.7100000000064,1.829048784192201,-0.7049011354145633,1.829048784192201,0.7049011354145633,17,4,270,75,same_bar,0,0.0,3.0,0.0,15,15.0,60.0,15.0,7,105,0.30434782608695654,7,105,-0.21675192090723058
595,long,Long1,1,0,OutsideStop Long1,2025-11-14 04:45:00,2025-11-14 06:30:00,97824.01,96769.17,7,105,-15.455277849998978,-1.0783037824762975,False,True,213.38000000000463,-1104.2699999999895,0.218126408843805,-1.128833299718535,0.218126408843805,1.128833299718535,0,6,15,105,same_bar,0,0.0,1.0,,15,15.0,30.0,,7,105,1.0,7,105,-0.632002307000087
596,long,Long1,1,0,OutsideStop Long1,2025-11-14 10:00:00,2025-11-14 11:45:00,96950.02,96167.41,7,105,-11.682112533105183,-0.8072303646765588,False,True,336.8999999999942,-1239.020000000004,0.3474986389894444,-1.277998704899704,0.34749863898944444,1.2779987048997041,1,5,30,90,same_bar,0,0.0,4.0,,15,15.0,75.0,,5,75,0.7142857142857143,5,75,-0.48053625981717474
597,long,Long1,1,0,MFEProtect L1,2025-11-15 21:45:00,2025-11-16 13:15:00,95280.02,95389.98,62,930,1.0989439400390082,0.1154071965979719,True,False,1355.0899999999965,-438.40000000000873,1.4222184252270271,-0.4601174516965978,1.4222184252270271,0.46011745169659785,47,15,720,240,same_bar,0,0.0,,17.0,15,15.0,,270.0,3,45,0.04838709677419355,2,30,-0.10209205805513284
598,long,Long1,1,0,MFEProtect L1,2025-11-16 16:30:00,2025-11-16 18:30:00,94330.4,94161.81,8,120,-2.9724184605201334,-0.1787228719479561,False,True,1237.3899999999994,-559.9199999999983,1.3117616378177126,-0.59357322771874,1.3117616378177126,0.59357322771874,5,4,90,75,same_bar,0,0.0,4.0,5.0,15,15.0,75.0,90.0,4,60,0.5,2,30,-0.17178449365209403
599,long,Long1,1,0,MFEProtect L1,2025-11-16 21:45:00,2025-11-17 16:00:00,93505.25,93176.51,73,1095,-5.363713037358635,-0.3515738421104752,False,True,2537.75,-499.6999999999971,2.714018731568548,-0.5344084957796457,2.7140187315685482,0.5344084957796457,66,0,1005,15,same_bar,0,0.0,0.0,3.0,15,15.0,15.0,60.0,2,30,0.0273972602739726,1,15,-0.24152119800760485
600,long,Long1,1,0,Exit L1,2025-11-17 20:15:00,2025-11-19 00:15:00,91767.31,92042.55184,112,1680,3.650795214443227,0.2999345191659008,True,False,2068.699999999997,-2513.529999999999,2.254288591438495,-2.7390254765013804,2.254288591438495,2.7390254765013804,80,33,1215,510,same_bar,0,0.0,7.0,1.0,15,15.0,120.0,30.0,53,795,0.4732142857142857,43,645,-0.9601890070020653
601,long,Long2,2,0,Exit L2,2025-11-18 03:45:00,2025-11-19 05:00:00,90842.75,91115.21816,101,1515,14.58790509896816,0.2999338527290174,True,False,2993.2599999999948,-1588.9700000000012,3.2949905193314764,-1.7491434374234611,3.2949905193314764,1.7491434374234611,50,3,765,60,same_bar,0,0.0,0.0,18.0,15,15.0,15.0,285.0,18,270,0.1782178217821782,18,270,-0.7547553938597825
602,long,Long3,3,0,Exit L3,2025-11-18 06:45:00,2025-11-19 15:45:00,89651.33,89920.2239,132,1980,14.490265675715804,0.2999329736658618,True,False,4184.679999999993,-313.9400000000023,4.667727740346956,-0.3501788540114266,4.667727740346956,0.3501788540114266,38,0,585,15,same_bar,0,0.0,,1.0,15,15.0,,30.0,0,0,0.0,0,0,0.0
603,long,Long1,1,0,MFEProtect L1,2025-11-19 16:00:00,2025-11-19 21:15:00,90124.43,90117.97,21,315,-0.5985352607660628,-0.0071678678023157,False,True,725.570000000007,-1516.429999999993,0.8050758268318667,-1.682595939857809,0.8050758268318667,1.682595939857809,20,15,315,240,same_bar,0,0.0,0.0,20.0,15,15.0,15.0,315.0,21,315,1.0,21,315,-0.8638934499991199
604,long,Long2,2,0,MFEProtect L2,2025-11-19 19:45:00,2025-11-20 16:00:00,88884.59,88720.16,81,1215,-12.236256764120292,-0.1849926967092852,False,True,4275.410000000004,-473.2099999999919,4.810068876956066,-0.5323869975661606,4.810068876956066,0.5323869975661606,36,80,555,1215,same_bar,0,0.0,80.0,1.0,15,15.0,1215.0,30.0,2,30,0.024691358024691357,1,15,-0.18433453987917736
605,long,Long1,1,0,MFEProtect L1,2025-11-20 19:15:00,2025-11-20 23:30:00,86928.03,87042.45,17,255,1.3238417670343217,0.1316261279589614,True,False,1321.9700000000012,-602.8000000000029,1.5207637858582568,-0.6934472114460698,1.5207637858582568,0.6934472114460698,12,2,195,45,adverse,0,1.0,0.0,7.0,15,30.0,15.0,120.0,6,90,0.35294117647058826,3,45,-0.3176727537327932
606,long,Long1,1,0,OutsideStop Long1,2025-11-21 03:00:00,2025-11-21 04:15:00,85786.99,85850.83,5,75,0.5317650047119904,0.0744168783634924,True,False,348.5899999999965,-353.6000000000058,0.4063436658635493,-0.4121837122388905,0.40634366586354936,0.4121837122388905,1,0,30,15,same_bar,0,0.0,,,15,15.0,,,2,30,0.4,1,15,-0.10455548096511835
607,long,Long1,1,0,Breakout Flip Down,2025-11-21 08:00:00,2025-11-21 08:45:00,84505.77,83643.42,3,45,-14.628671017264113,-1.0204628630684054,False,True,204.11999999999531,-984.6999999999972,0.2415456364695515,-1.1652458761099946,0.24154563646955154,1.1652458761099946,0,2,15,45,same_bar,0,0.0,1.0,,15,15.0,30.0,,3,45,1.0,3,45,-0.7333739853897958
608,short,TrendShort,0,-1,Reverse to RevLong,2025-11-21 08:45:00,2025-11-21 09:15:00,83643.42,83079.81999999999,2,30,88.28463684448413,0.6783837519147351,True,False,578.6600000000035,-344.9799999999959,0.6918177185963982,-0.412441289464247,0.6918177185963982,0.412441289464247,1,0,30,15,same_bar,0,0.0,,1.0,15,15.0,,30.0,1,15,0.5,1,15,-0.0710037920496287
609,long,RevLong,0,2,Reverse TP Channel,2025-11-21 09:15:00,2025-11-23 04:15:00,83079.81999999999,86770.55776147284,172,2580,613.3589759292842,4.4423998047574464,True,False,3780.180000000008,-2479.8199999999924,4.550058004458854,-2.984864435190149,4.550058004458854,2.984864435190149,171,11,2580,180,same_bar,0,0.0,0.0,13.0,15,15.0,15.0,210.0,14,210,0.08139534883720931,6,90,-0.769806159219608
610,short,Short1,1,0,MFEProtect S1,2025-11-23 20:30:00,2025-11-24 02:00:00,87529.84,87912.93,22,330,-13.767631214453145,-0.4357607009571773,False,True,1583.1900000000023,-597.8000000000029,1.808743166901713,-0.682967088709408,1.808743166901713,0.682967088709408,14,5,225,90,same_bar,0,0.0,4.0,10.0,15,15.0,75.0,165.0,8,120,0.36363636363636365,7,105,-0.33376760428215635
611,short,Short1,1,0,MFEProtect S1,2025-11-24 18:15:00,2025-11-25 04:00:00,88359.16,88133.36,39,585,3.187711996563512,0.2562026456270461,True,False,901.6300000000048,-868.8399999999965,1.0204148613454505,-0.9833049567243468,1.0204148613454505,0.9833049567243469,32,9,495,150,same_bar,0,0.0,2.0,23.0,15,15.0,45.0,360.0,20,300,0.5128205128205128,15,225,-0.43190937985376543
612,short,Short1,1,0,NoProgress S1,2025-11-26 18:30:00,2025-11-27 18:30:00,89729.95,91760.34,96,1440,-33.38093810469992,-2.212709761101584,False,True,221.09999999999127,-2220.050000000003,0.2464060216237625,-2.4741460348523576,0.24640602162376252,2.4741460348523576,5,32,90,495,same_bar,0,0.0,1.0,,15,15.0,30.0,,95,1425,0.9895833333333334,88,1320,-1.3921375368976319
613,short,Short2,2,0,Exit S2,2025-11-27 02:00:00,2025-11-28 02:15:00,91029.86,90898.04,97,1455,6.311572756392543,0.1450196285860627,True,False,591.4300000000076,-920.1399999999994,0.6497098864043156,-1.0108111777827622,0.6497098864043156,1.0108111777827622,44,2,675,45,same_bar,0,0.0,1.0,44.0,15,15.0,30.0,675.0,77,1155,0.7938144329896907,36,540,-0.4188101988318315
614,short,Short1,1,0,MFEProtect S1,2025-11-28 09:00:00,2025-11-28 16:30:00,91673.96,91578.04,30,450,0.9947674781576912,0.104741267666375,True,False,712.4400000000023,-1418.0399999999936,0.7771454402100687,-1.5468296558804633,0.7771454402100687,1.5468296558804633,29,21,450,330,same_bar,0,0.0,18.0,8.0,15,15.0,285.0,135.0,12,180,0.4,11,165,-0.6618782476506898
615,long,Long3,3,0,MFEProtect L3,2025-12-01 04:30:00,2025-12-01 11:45:00,85895.28,86149.12,29,435,14.899361680154913,0.2955226410578104,True,False,1042.729999999996,-291.27999999999884,1.2139549460692087,-0.3391106007221803,1.2139549460692087,0.33911060072218036,17,1,270,30,same_bar,0,0.0,,8.0,15,15.0,,135.0,3,45,0.10344827586206896,2,30,-0.1470084658124778
616,long,Long1,1,0,OutsideStop Long1,2025-12-01 01:00:00,2025-12-01 15:45:00,87411.84,84677.84,59,885,-45.8159810380185,-3.127722743280548,False,True,338.1500000000088,-3589.0800000000017,0.3868469076958095,-4.105942627451844,0.38684690769580954,4.105942627451844,0,58,15,885,same_bar,0,0.0,5.0,,15,15.0,90.0,,58,870,0.9830508474576272,57,855,-1.3567267633151336
617,long,Long2,2,0,OutsideStop Long2,2025-12-01 01:00:00,2025-12-01 15:45:00,87411.84,84677.84,59,885,-183.2573203588664,-3.127722743280548,False,True,338.1500000000088,-3589.0800000000017,0.3868469076958095,-4.105942627451844,0.38684690769580954,4.105942627451844,0,58,15,885,same_bar,0,0.0,5.0,,15,15.0,90.0,,58,870,0.9830508474576272,57,855,-1.3567267633151336
618,short,Short1,1,0,MFEProtect S1,2025-12-02 17:30:00,2025-12-02 21:30:00,91723.42,91477.75,16,240,3.309229442546844,0.2685571081492366,True,False,1002.5500000000028,-584.2299999999959,1.093014194193809,-0.6369474666339261,1.093014194193809,0.6369474666339261,11,7,180,120,same_bar,0,0.0,2.0,10.0,15,15.0,45.0,165.0,8,120,0.5,8,120,-0.2608507728996595
619,short,Short1,1,0,MFEProtect S1,2025-12-03 02:15:00,2025-12-03 14:15:00,92806.73,92540.09,48,720,3.58781443887815,0.2881345803748436,True,False,1109.729999999996,-1151.8500000000058,1.195743024239725,-1.241127663909725,1.195743024239725,1.241127663909725,46,15,705,240,same_bar,0,0.0,7.0,1.0,15,15.0,120.0,30.0,39,585,0.8125,19,285,-0.31727114440836274
620,short,Short2,2,0,MFEProtect S2,2025-12-03 02:15:00,2025-12-03 14:15:00,92806.73,92540.09,48,720,14.35074064649268,0.2881345803748436,True,False,1109.729999999996,-1151.8500000000058,1.195743024239725,-1.241127663909725,1.195743024239725,1.241127663909725,46,15,705,240,same_bar,0,0.0,7.0,1.0,15,15.0,120.0,30.0,39,585,0.8125,19,285,-0.31727114440836274
621,short,Short1,1,0,MFEProtect S1,2025-12-03 22:00:00,2025-12-04 01:00:00,93688.96,93691.85,12,180,-0.5583846247266088,-0.0030845799287804,False,True,1019.1399999999994,-461.0399999999936,1.0877909200827924,-0.492096400685837,1.0877909200827924,0.49209640068583704,9,2,150,45,same_bar,0,0.0,,7.0,15,15.0,,120.0,3,45,0.25,2,30,-0.06246200192636664
622,long,Long1,1,0,MFEProtect L1,2025-12-05 14:45:00,2025-12-05 15:45:00,90287.7,90459.32,4,60,4.400167257082061,0.1900812624532566,True,False,1190.9700000000012,-29.45999999999185,1.3190833302875156,-0.0326290292033043,1.3190833302875156,0.032629029203304384,0,3,15,60,same_bar,0,0.0,,0.0,15,15.0,,15.0,0,0,0.0,0,0,0.0
623,long,Long1,1,0,Exit L1,2025-12-05 19:00:00,2025-12-06 19:15:00,89123.55,89390.86056,97,1455,3.7696416191122673,0.2999325767431893,True,False,1166.4199999999985,-221.9499999999971,1.3087674357675363,-0.2490363097071392,1.3087674357675363,0.24903630970713925,76,11,1155,180,same_bar,0,0.0,,1.0,15,15.0,,30.0,3,45,0.030927835051546393,1,15,-0.06844431129594541
624,long,Long1,1,0,MFEProtect L1,2025-12-06 23:30:00,2025-12-07 07:30:00,89098.02,89256.11,32,480,2.020415633991622,0.1774337970697814,True,False,701.9400000000023,-8.490000000005239,0.7878289551215643,-0.0095288312804316,0.7878289551215643,0.00952883128043164,17,0,270,15,same_bar,0,0.0,,3.0,15,15.0,,60.0,0,0,0.0,0,0,0.0
625,long,Long1,1,0,TP L1,2025-12-07 13:30:00,2025-12-08 09:00:00,88965.39,92077.83,78,1170,98.9439501142521,3.498484073413266,True,False,3321.7599999999948,-1246.1100000000006,3.7337665804646,-1.4006682823511487,3.7337665804645996,1.4006682823511487,77,3,1170,60,same_bar,0,0.0,2.0,8.0,15,15.0,45.0,135.0,7,105,0.08974358974358974,7,105,-0.4895579537808376
626,short,Short1,1,0,Exit S1,2025-12-09 16:15:00,2025-12-10 19:00:00,93376.75,93096.67966,107,1605,3.799882355304263,0.3008381620299039,True,False,1813.6000000000056,-1212.2400000000052,1.942239369007816,-1.2982246651334568,1.9422393690078161,1.2982246651334568,92,2,1395,45,adverse,0,15.0,0.0,15.0,15,240.0,15.0,240.0,15,225,0.14018691588785046,15,225,-0.6082520541783701
627,short,Short1,1,0,TP S1,2025-12-10 20:15:00,2025-12-11 14:45:00,93579.41,89545.27,74,1110,61.55729202927978,4.505140249172279,True,False,4318.779999999999,-248.9499999999971,4.615096419180244,-0.2660307433013278,4.615096419180244,0.2660307433013278,73,0,1110,15,same_bar,0,0.0,,1.0,15,15.0,,30.0,1,15,0.013513513513513514,1,15,-0.12512367838182215
628,short,Short1,1,0,TP S1,2025-12-11 21:30:00,2025-12-12 16:30:00,93174.33,89652.04,76,1140,108.29089439386811,3.928845344735055,True,False,3694.3300000000017,-71.75999999999476,3.9649654577607394,-0.0770169208622104,3.9649654577607394,0.0770169208622104,75,0,1140,15,same_bar,0,0.0,,2.0,15,15.0,,45.0,0,0,0.0,0,0,0.0
629,long,Long1,1,0,MFEProtect L1,2025-12-14 14:45:00,2025-12-15 02:45:00,89118.06999999999,89321.82,48,720,5.608002066685476,0.2286292779904331,True,False,934.570000000007,-1540.709999999992,1.0486874323018969,-1.7288413000864942,1.0486874323018969,1.7288413000864942,45,34,690,525,same_bar,0,0.0,7.0,44.0,15,15.0,120.0,675.0,42,630,0.875,37,555,-0.5461499932991432
630,long,Long2,2,0,MFEProtect L2,2025-12-15 18:30:00,2025-12-15 19:00:00,85757.62,85976.51,2,30,12.748056153999883,0.2552426245038042,True,False,802.7799999999988,-49.629999999990105,0.9361034039890552,-0.0578724083060958,0.9361034039890553,0.057872408306095836,1,0,30,15,same_bar,0,0.0,,0.0,15,15.0,,15.0,0,0,0.0,0,0,0.0
631,long,Long1,1,0,Exit L1,2025-12-15 15:30:00,2025-12-16 15:45:00,87203.58,87328.41,97,1455,1.560097486918922,0.1431477927855695,True,False,972.3999999999942,-2056.9400000000023,1.1150918345324747,-2.358779306996344,1.1150918345324747,2.3587793069963436,96,11,1455,180,same_bar,0,0.0,0.0,87.0,15,15.0,15.0,1320.0,87,1305,0.8969072164948454,80,1200,-1.1110837738384243
632,long,Long1,1,0,TP L1,2025-12-17 05:30:00,2025-12-17 15:00:00,86488.06999999999,90196.46,38,570,123.92689090703315,4.28774743152438,True,False,3877.780000000013,-249.1599999999889,4.483601033067351,-0.2880859753258327,4.483601033067351,0.28808597532583274,37,17,570,270,same_bar,0,0.0,,1.0,15,15.0,,30.0,4,60,0.10526315789473684,3,45,-0.10369060148987808
633,long,Long1,1,0,MFEProtect L1,2025-12-17 19:15:00,2025-12-18 01:00:00,85709.0,85961.96,23,345,7.616478215805036,0.2951382001890268,True,False,722.1399999999994,-264.2899999999936,0.8425486238318023,-0.3083573487031625,0.8425486238318023,0.30835734870316256,11,0,180,15,same_bar,0,0.0,,1.0,15,15.0,,30.0,2,30,0.08695652173913043,1,15,-0.05331412103746214
634,long,Long1,1,0,MFEProtect L1,2025-12-18 20:00:00,2025-12-18 21:30:00,85151.49,85315.83,6,90,4.616302343083196,0.1929972100312094,True,False,684.4099999999889,-592.2799999999988,0.8037557534225048,-0.6955603477989626,0.8037557534225048,0.6955603477989626,5,3,90,60,same_bar,0,0.0,2.0,5.0,15,15.0,45.0,90.0,3,45,0.5,3,45,-0.34409654291820413
635,short,Short1,1,0,MFEProtect S1,2025-12-19 11:15:00,2025-12-19 14:30:00,88281.56,88501.81,13,195,-8.402731160569152,-0.2488649667164999,False,True,766.9700000000012,-270.6100000000006,0.8687771262764287,-0.3065306050323539,0.8687771262764287,0.30653060503235396,12,12,195,195,same_bar,0,0.0,,8.0,15,15.0,,135.0,2,30,0.15384615384615385,1,15,-0.12822043470912536
636,short,Short1,1,0,Exit S1,2025-12-22 08:30:00,2025-12-26 07:15:00,89746.37,89477.1908,379,5685,7.7641085933058385,0.3008355510419003,True,False,3326.369999999996,-841.8600000000006,3.706411746792651,-0.9380435108406064,3.706411746792651,0.9380435108406063,215,15,3240,240,same_bar,0,0.0,14.0,0.0,15,15.0,225.0,15.0,21,315,0.055408970976253295,18,270,-0.24928664444669696
637,short,Short1,1,0,Exit S1,2025-12-29 03:15:00,2025-12-30 16:15:00,89481.39,89213.00574,148,2220,7.767643840534915,0.3008353521707141,True,False,2674.8899999999994,-924.6900000000024,2.9893254899147177,-1.0333880597965703,2.9893254899147177,1.0333880597965703,35,4,540,75,adverse,0,18.0,0.0,24.0,15,285.0,15.0,375.0,23,345,0.1554054054054054,23,345,-0.4473385835967617
638,short,Short1,1,0,MFEProtect S1,2026-01-02 10:45:00,2026-01-02 14:45:00,89666.26,89580.03,16,240,1.7718596490855292,0.0962602937284007,True,False,1206.2999999999884,-468.7400000000053,1.345322086590863,-0.5227607351973923,1.345322086590863,0.5227607351973923,14,15,225,240,same_bar,0,0.0,15.0,12.0,15,15.0,240.0,195.0,0,0,0.0,0,0,0.0
639,short,Short1,1,0,MFEProtect S1,2026-01-02 17:45:00,2026-01-02 22:00:00,90370.49,90124.03,17,255,6.970360393747524,0.2734675757398053,True,False,818.3100000000122,-185.5,0.9055057685313116,-0.205266121717388,0.9055057685313117,0.20526612171738803,3,0,60,15,same_bar,0,0.0,,3.0,15,15.0,,60.0,0,0,0.0,0,0,0.0
640,short,Short1,1,0,NoProgress S1,2026-01-03 21:00:00,2026-01-04 21:00:00,90361.47,91360.04,96,1440,-33.61091102148745,-1.0930052132201218,False,True,0.0,-1448.5299999999988,0.0,-1.6030394370520962,0.0,1.6030394370520962,0,35,15,540,adverse,0,,11.0,,15,,180.0,,96,1440,1.0,96,1440,-0.9542349512094761
641,short,Short1,1,0,NoProgress S1,2026-01-05 00:15:00,2026-01-06 00:15:00,91847.35,93807.74,96,1440,-63.77947405908089,-2.0897955755036834,False,True,136.99000000000524,-2941.729999999996,0.1491496488467062,-3.2028468975969324,0.14914964884670623,3.2028468975969324,0,79,15,1200,same_bar,0,0.0,1.0,,15,15.0,30.0,,96,1440,1.0,96,1440,-1.5354990735533771
642,short,Short1,1,0,MFEProtect S1,2026-01-06 11:30:00,2026-01-06 21:30:00,93804.27,93621.0,40,600,4.66313059229737,0.1957573621302888,True,False,2541.3300000000017,-640.1699999999983,2.709183707735268,-0.6824529416411409,2.709183707735268,0.6824529416411409,25,10,390,165,same_bar,0,0.0,10.0,18.0,15,15.0,165.0,285.0,11,165,0.275,6,90,-0.1694834651692552
643,long,Long1,1,0,MFEProtect L1,2026-01-07 19:15:00,2026-01-08 02:30:00,90909.03,90893.59,29,435,-1.549773524725328,-0.0169840113792951,False,True,778.9600000000064,-130.70999999999185,0.8568565740939118,-0.1437810963333256,0.8568565740939118,0.1437810963333256,23,3,360,60,same_bar,0,0.0,,12.0,15,15.0,,195.0,2,30,0.06896551724137931,1,15,-0.01284800860816282
644,long,Long1,1,0,MFEProtect L1,2026-01-08 06:30:00,2026-01-08 20:15:00,90376.98,90593.22,55,825,2.971280317951194,0.2392644675668576,True,False,1092.020000000004,-1065.979999999996,1.208294413024206,-1.179481766263927,1.208294413024206,1.179481766263927,45,32,690,495,adverse,0,3.0,0.0,7.0,15,60.0,15.0,120.0,28,420,0.509090909090909,17,255,-0.37281064271011877
645,long,Long1,1,0,MFEProtect L1,2026-01-09 09:00:00,2026-01-09 14:00:00,90158.12,90343.83,20,300,4.970312388055987,0.2059825559805439,True,False,780.5,-97.05999999999769,0.8657012812600796,-0.1076553060334417,0.8657012812600796,0.10765530603344178,17,0,270,15,same_bar,0,0.0,,8.0,15,15.0,,135.0,0,0,0.0,0,0,0.0
646,short,Short1,1,0,MFEProtect S1,2026-01-12 03:15:00,2026-01-12 16:15:00,92381.87,92217.65,52,780,4.149933540269294,0.1780787083600632,True,False,2253.429999999993,-68.7100000000064,2.439255667805808,-0.0743760653470279,2.4392556678058077,0.07437606534702795,43,0,660,15,same_bar,0,0.0,,1.0,15,15.0,,30.0,0,0,0.0,0,0,0.0
647,short,Short2,2,0,MFEProtect S2,2026-01-13 22:15:00,2026-01-14 07:00:00,95316.74,95043.03,35,525,14.64232251700394,0.2879853472685045,True,False,757.4600000000064,-791.2299999999959,0.7946767797555879,-0.8301060233490948,0.7946767797555879,0.8301060233490948,32,2,495,45,same_bar,0,0.0,1.0,30.0,15,15.0,30.0,465.0,19,285,0.5428571428571428,10,150,-0.1984033223832057
648,short,Short1,1,0,NoProgress S1,2026-01-13 16:00:00,2026-01-14 16:00:00,93289.38,97374.5,96,1440,-129.25882017573224,-4.195266727942116,False,True,211.07000000000696,-4180.3399999999965,0.2262529775629412,-4.48104596686139,0.22625297756294124,4.48104596686139,0,95,15,1440,same_bar,0,0.0,2.0,,15,15.0,45.0,,94,1410,0.9791666666666666,89,1335,-1.8629583993649945
649,short,Short1,1,0,MFEProtect S1,2026-01-14 16:15:00,2026-01-14 19:00:00,97248.34,96994.14,11,165,3.273094037403638,0.2620776884046716,True,False,1001.7799999999988,-528.6600000000035,1.0301255527857842,-0.5436185337456696,1.0301255527857842,0.5436185337456696,9,3,150,60,same_bar,0,0.0,3.0,6.0,15,15.0,60.0,105.0,4,60,0.36363636363636365,4,60,-0.2664287123050113
650,short,Short1,1,0,MFEProtect S1,2026-01-15 09:45:00,2026-01-15 16:30:00,97040.72,96793.55,27,405,3.176621711013345,0.2553579241592052,True,False,1604.8099999999977,-124.30999999999769,1.6537490653408151,-0.1281008632252498,1.6537490653408153,0.12810086322524983,23,16,360,255,same_bar,0,0.0,,8.0,15,15.0,,135.0,1,15,0.037037037037037035,1,15,-0.10155530585511663
651,long,Long1,1,0,MFEProtect L1,2026-01-19 00:15:00,2026-01-19 22:00:00,92638.39,92850.16,87,1305,2.795546911054528,0.2285985324226747,True,False,781.6100000000006,-390.4199999999983,0.8437214852287487,-0.4214451481723703,0.8437214852287487,0.4214451481723703,65,5,990,90,same_bar,0,0.0,,31.0,15,15.0,,480.0,17,255,0.19540229885057472,8,120,-0.08795997629314783
652,long,Long1,1,0,NoProgress L1,2026-01-20 02:15:00,2026-01-21 02:15:00,92494.62,89117.01,96,1440,-107.07697138513554,-3.6516826600293095,False,True,202.61000000000055,-4598.639999999999,0.2190505782930949,-4.971791872867849,0.2190505782930949,4.971791872867849,1,83,30,1260,same_bar,0,0.0,9.0,,15,15.0,150.0,,94,1410,0.9791666666666666,94,1410,-2.214871547422534
653,long,Long2,2,0,MFEProtect L2,2026-01-20 17:45:00,2026-01-21 15:15:00,89775.49,90013.49,86,1290,13.224826387836034,0.2651057655046029,True,False,798.5099999999948,-1879.5100000000093,0.8894521210633267,-2.093566963544292,0.8894521210633267,2.093566963544292,85,21,1290,330,same_bar,0,0.0,6.0,84.0,15,15.0,105.0,1275.0,77,1155,0.8953488372093024,33,495,-0.6391240562950518
654,long,Long1,1,0,Exit L1,2026-01-21 18:15:00,2026-01-25 08:30:00,88015.7,88279.68701,345,5175,3.8060251517998567,0.2999317280894198,True,False,3209.290000000008,-68.91000000000349,3.646269926842607,-0.0782928500256244,3.646269926842607,0.0782928500256244,188,0,2835,15,same_bar,0,0.0,,1.0,15,15.0,,30.0,0,0,0.0,0,0,0.0
655,long,Long2,2,0,Exit L2,2026-01-21 18:15:00,2026-01-25 08:30:00,88015.7,88279.68701,345,5175,15.22355202047973,0.2999317280894198,True,False,3209.290000000008,-68.91000000000349,3.646269926842607,-0.0782928500256244,3.646269926842607,0.0782928500256244,188,0,2835,15,same_bar,0,0.0,,1.0,15,15.0,,30.0,0,0,0.0,0,0,0.0
656,long,Long1,1,0,MFEProtect L1,2026-01-25 17:15:00,2026-01-26 15:30:00,87888.63,87476.57,89,1335,-14.577853954640146,-0.4688433532300973,False,True,971.3699999999952,-1813.9100000000035,1.1052282872084769,-2.0638733360617905,1.1052282872084767,2.0638733360617905,87,22,1320,345,same_bar,0,0.0,3.0,59.0,15,15.0,60.0,900.0,64,960,0.7191011235955056,33,495,-0.6953633393762131
657,short,Short1,1,0,MFEProtect S1,2026-01-28 12:00:00,2026-01-28 16:15:00,89928.83,89748.95999999999,17,255,4.7345947006100095,0.2004145786201894,True,False,1024.2200000000012,-559.1699999999983,1.1389228571082275,-0.6217916990580198,1.1389228571082277,0.6217916990580198,12,5,195,90,same_bar,0,0.0,5.0,10.0,15,15.0,90.0,165.0,7,105,0.4117647058823529,7,105,-0.26226294726618654
658,long,Long1,1,0,OutsideStop Long1,2026-01-29 15:15:00,2026-01-30 02:00:00,85454.9,81900.5,43,645,-60.521619311702224,-4.159386998287983,False,True,183.40000000000876,-4336.899999999994,0.214616130847978,-5.075074688519903,0.214616130847978,5.075074688519903,7,40,120,615,same_bar,0,0.0,0.0,,15,15.0,15.0,,43,645,1.0,43,645,-1.4367858993321223
659,long,Long2,2,0,OutsideStop Long2,2026-01-29 21:00:00,2026-01-30 02:00:00,84427.23,81900.5,20,300,-174.5540682768368,-2.992790359224151,False,True,310.4600000000064,-3309.229999999996,0.3677249626690422,-3.919624035989332,0.3677249626690422,3.9196240359893317,9,17,150,270,adverse,0,1.0,15.0,,15,30.0,240.0,,10,150,0.5,8,120,-0.9797005065782637
660,long,Long1,1,0,OutsideStop Long1,2026-01-31 07:45:00,2026-01-31 17:15:00,83546.84,79120.07,38,570,-75.687422243413,-5.298548694361138,False,True,82.24000000000524,-5386.940000000002,0.0984357996065503,-6.447808199568053,0.09843579960655034,6.447808199568053,0,36,15,555,same_bar,0,0.0,1.0,,15,15.0,30.0,,38,570,1.0,38,570,-1.5696681740383382
661,short,TrendShort,0,-1,Reverse to RevLong,2026-01-31 18:15:00,2026-01-31 18:30:00,78436.91,77540.31,1,15,156.34545620591146,1.1563017996703897,True,False,2717.0100000000093,-292.5199999999895,3.463943186951155,-0.3729366697387614,3.463943186951155,0.3729366697387614,0,0,15,15,same_bar,0,0.0,,0.0,15,15.0,,15.0,0,0,0.0,0,0,0.0
662,long,RevLong,0,2,Reverse Stop,2026-01-31 18:30:00,2026-02-02 04:30:00,77540.31,76481.9,136,2040,-199.89638847426403,-1.364980356668688,False,True,1883.6900000000023,-2936.3099999999977,2.429304190297927,-3.786817463071785,2.429304190297927,3.786817463071785,22,131,345,1980,same_bar,0,0.0,0.0,0.0,15,15.0,15.0,15.0,40,600,0.29411764705882354,17,255,-0.829505324391917
663,long,Long1,1,0,MFEProtect L1,2026-02-03 03:00:00,2026-02-03 05:45:00,78021.56,78240.42,11,165,6.874439112570999,0.2805122071386501,True,False,978.4300000000076,-233.39999999999415,1.2540508033933282,-0.299148081632813,1.2540508033933282,0.299148081632813,5,0,90,15,same_bar,0,0.0,,1.0,15,15.0,,30.0,0,0,0.0,0,0,0.0
664,long,Long2,2,0,MFEProtect L2,2026-02-03 19:45:00,2026-02-04 13:45:00,74935.03,74866.97,72,1080,-7.101122011959873,-0.0908253456360808,False,True,2036.4900000000048,-348.49000000000524,2.717674230596832,-0.4650561960140741,2.717674230596832,0.4650561960140741,30,1,465,30,same_bar,0,0.0,,1.0,15,15.0,,30.0,2,30,0.027777777777777776,1,15,-0.19612990079539427
665,long,Long1,1,0,NoProgress L1,2026-02-03 16:30:00,2026-02-04 16:30:00,76753.48,73112.99,96,1440,-134.42731568534123,-4.74309438477577,False,True,218.04000000000812,-3807.979999999996,0.2840783245267943,-4.961312503354892,0.2840783245267943,4.9613125033548915,43,9,660,150,same_bar,0,0.0,1.0,,15,15.0,30.0,,95,1425,0.9895833333333334,78,1170,-1.2272433771081073
666,long,Long1,1,0,OutsideStop Long1,2026-02-04 16:45:00,2026-02-04 17:45:00,73636.04,72576.05,4,60,-20.538469865740478,-1.4394989192791918,False,True,227.88000000000463,-1467.0399999999936,0.3094680267977537,-1.9922852994267397,0.30946802679775376,1.9922852994267395,1,2,30,45,same_bar,0,0.0,0.0,,15,15.0,15.0,,4,60,1.0,4,60,-1.0580620576554567
667,long,Long1,1,0,MFEProtect L1,2026-02-04 21:45:00,2026-02-04 22:30:00,72800.02,72792.8,3,45,-0.6383667540161226,-0.0099175796929751,False,True,879.9799999999959,-912.020000000004,1.2087634041858724,-1.2527743811059449,1.2087634041858724,1.2527743811059449,1,0,30,15,same_bar,0,0.0,0.0,1.0,15,15.0,15.0,30.0,2,30,0.6666666666666666,1,15,-0.32662078938990313
668,long,Long1,1,0,OutsideStop Long1,2026-02-05 03:00:00,2026-02-05 03:45:00,71525.55,71223.22,3,45,-6.374745615286671,-0.4226881163444385,False,True,242.4499999999971,-372.7700000000041,0.3389697807287005,-0.5211704069385052,0.33896978072870054,0.5211704069385052,0,2,15,45,same_bar,0,0.0,2.0,,15,15.0,45.0,,3,45,1.0,3,45,-0.18259209471301144
669,short,TrendShort,0,-1,MFEProtect TrendShort,2026-02-05 04:15:00,2026-02-05 06:30:00,71028.29000000001,70884.6,9,135,23.11829637995508,0.2027097564210045,True,False,888.2900000000081,-371.7099999999919,1.250614367880753,-0.5233266913788743,1.250614367880753,0.5233266913788743,3,0,60,15,same_bar,0,0.0,0.0,2.0,15,15.0,15.0,45.0,1,15,0.1111111111111111,1,15,-0.4597041544995406
670,short,TrendShort,0,-1,MFEProtect TrendShort,2026-02-05 11:30:00,2026-02-05 14:30:00,70493.68000000001,70436.03,12,180,6.37380406916159,0.0818473159262422,True,False,1330.6800000000076,-378.359999999986,1.887658581592006,-0.5367289663413599,1.887658581592006,0.5367289663413599,2,11,45,180,same_bar,0,0.0,11.0,1.0,15,15.0,180.0,30.0,0,0,0.0,0,0,0.0
671,short,TrendShort,0,-1,Reverse to RevLong,2026-02-05 17:30:00,2026-02-06 00:00:00,67109.9,60255.68,26,390,1416.6987942568048,11.37522636870083,True,False,7009.899999999994,-230.10000000000585,10.445403733279283,-0.3428704259729277,10.445403733279285,0.3428704259729277,25,0,390,15,same_bar,0,0.0,,0.0,15,15.0,,15.0,0,0,0.0,0,0,0.0
672,long,RevLong,0,2,Reverse TP Channel,2026-02-06 00:00:00,2026-02-07 16:00:00,60255.68,69753.15756308712,160,2400,2410.1073512332323,15.761962296479147,True,False,11495.65,-255.6800000000003,19.078118444601408,-0.4243251424595993,19.078118444601408,0.4243251424595993,91,0,1380,15,same_bar,0,0.0,,0.0,15,15.0,,15.0,0,0,0.0,0,0,0.0
673,short,Short2,2,0,MFEProtect S2,2026-02-08 13:30:00,2026-02-08 18:30:00,71221.98,71308.01,20,300,-11.110182875696564,-0.1206456329380101,False,True,970.6499999999942,-332.9700000000012,1.3628517488561736,-0.4675101703154015,1.3628517488561736,0.46751017031540154,12,1,195,30,adverse,0,2.0,,6.0,15,45.0,,105.0,6,90,0.3,3,45,-0.17354427196025016
674,short,Short1,1,0,Exit S1,2026-02-08 09:00:00,2026-02-09 16:45:00,70403.36,70192.20982999999,127,1905,4.681458167477138,0.3008170999479809,True,False,2095.3600000000006,-1868.050000000003,2.9762215894241417,-2.653353476311362,2.9762215894241417,2.653353476311362,115,55,1740,840,same_bar,0,0.0,8.0,4.0,15,15.0,135.0,75.0,81,1215,0.6377952755905512,51,765,-0.724178575259357
675,long,Long1,1,0,MFEProtect L1,2026-02-10 12:00:00,2026-02-10 14:30:00,68636.51,68229.62,10,150,-22.27985208310413,-0.5928186033934413,False,True,954.6900000000024,-836.5099999999948,1.390936106745524,-1.218753692459006,1.3909361067455241,1.2187536924590059,8,9,135,150,same_bar,0,0.0,9.0,5.0,15,15.0,150.0,90.0,4,60,0.4,3,45,-0.19978798455806412
676,long,Long2,2,0,MFEProtect L2,2026-02-11 07:15:00,2026-02-11 14:45:00,67006.01,66584.57,30,450,-46.85905786464097,-0.6289585068563031,False,True,1828.3300000000015,-636.5199999999895,2.728605986239148,-0.9499446392942804,2.7286059862391476,0.9499446392942805,26,13,405,210,same_bar,0,0.0,10.0,19.0,15,15.0,165.0,300.0,16,240,0.5333333333333333,12,180,-0.250133346247592
677,long,Long1,1,0,NoProgress L1,2026-02-11 03:30:00,2026-02-12 03:30:00,68427.66,67496.46,96,1440,-49.42595991886491,-1.360853198838008,False,True,406.679999999993,-2671.6600000000035,0.594321068410045,-3.904356805420503,0.594321068410045,3.904356805420503,41,45,630,690,same_bar,0,0.0,1.0,41.0,15,15.0,30.0,630.0,95,1425,0.9895833333333334,54,810,-1.8078861830527573
678,long,Long1,1,0,MFEProtect L1,2026-02-12 05:15:00,2026-02-12 16:00:00,66877.04,66558.38,43,645,-9.015719594857272,-0.4764863995176616,False,True,1533.4800000000105,-377.0399999999936,2.292984258872717,-0.5637809328881686,2.292984258872717,0.5637809328881686,34,42,525,645,same_bar,0,0.0,42.0,2.0,15,15.0,645.0,45.0,1,15,0.023255813953488372,1,15,-0.47644154107298053
679,long,Long1,1,0,TP L1,2026-02-12 20:30:00,2026-02-13 15:15:00,65546.70999999999,68895.85,75,1125,89.20299939226307,5.109547069563081,True,False,3353.220000000001,-331.6499999999942,5.115771638271397,-0.5059750519896333,5.115771638271397,0.5059750519896333,74,0,1125,15,same_bar,0,0.0,0.0,4.0,15,15.0,15.0,75.0,1,15,0.013333333333333334,1,15,-0.18025313551205402
680,long,Long2,2,0,TP L2,2026-02-12 20:30:00,2026-02-14 11:30:00,65546.70999999999,70310.56,156,2340,508.5844437110696,7.267870500289031,True,False,4941.290000000008,-331.6499999999942,7.5385782139179955,-0.5059750519896333,7.5385782139179955,0.5059750519896333,154,0,2325,15,same_bar,0,0.0,0.0,4.0,15,15.0,15.0,75.0,1,15,0.00641025641025641,1,15,-0.18025313551205402
681,short,Short2,2,0,MFEProtect S2,2026-02-15 08:00:00,2026-02-15 09:00:00,70741.79000000001,70582.04,4,60,13.800769058546011,0.2263323644372095,True,False,559.4800000000105,-89.47999999999593,0.7908762274746094,-0.1264881762251081,0.7908762274746094,0.12648817622510813,1,0,30,15,same_bar,0,0.0,,1.0,15,15.0,,30.0,0,0,0.0,0,0,0.0
682,short,Short1,1,0,Exit S1,2026-02-15 04:15:00,2026-02-16 13:00:00,70198.14,69987.60549,131,1965,4.800713310834172,0.3008168496778651,True,False,2198.1399999999994,-784.8600000000006,3.13133652828978,-1.118063811947155,3.13133652828978,1.118063811947155,58,14,885,225,same_bar,0,0.0,11.0,33.0,15,15.0,180.0,510.0,32,480,0.24427480916030533,31,465,-0.32312688413112034
683,long,Long1,1,0,MFEProtect L1,2026-02-16 15:45:00,2026-02-17 11:30:00,67539.55,67742.02,79,1185,9.596768202287077,0.2997799067361306,True,False,1701.949999999997,-25.610000000000586,2.519930914553024,-0.0379185232948703,2.519930914553024,0.03791852329487031,40,0,615,15,same_bar,0,0.0,,2.0,15,15.0,,45.0,0,0,0.0,0,0,0.0
684,long,Long1,1,0,MFEProtect L1,2026-02-17 15:15:00,2026-02-17 17:30:00,66845.03,67005.96,9,135,3.72623841524508,0.240750883049956,True,False,1313.070000000007,-223.9700000000012,1.964349481180586,-0.3350585675554355,1.964349481180586,0.33505856755543556,4,0,75,15,same_bar,0,0.0,,1.0,15,15.0,,30.0,0,0,0.0,0,0,0.0
685,long,Long1,1,0,MFEProtect L1,2026-02-18 01:30:00,2026-02-18 11:45:00,67176.1,67369.72,41,615,4.591089153276867,0.2882275094862496,True,False,1300.1199999999951,-114.04000000000816,1.9353907118751985,-0.1697627578856292,1.9353907118751983,0.1697627578856292,26,0,405,15,same_bar,0,0.0,,6.0,15,15.0,,105.0,1,15,0.024390243902439025,1,15,-0.01622600895260229
686,long,Long1,1,0,MFEProtect L1,2026-02-18 14:45:00,2026-02-18 16:00:00,67223.79,67071.98,5,75,-9.534692487308511,-0.2258277910245687,False,True,1123.9300000000076,-227.81999999999243,1.671922990358038,-0.3388978812411387,1.671922990358038,0.3388978812411387,2,4,45,75,same_bar,0,0.0,,2.0,15,15.0,,45.0,1,15,0.2,1,15,-0.2257831639662089
687,long,Long1,1,0,MFEProtect L1,2026-02-18 19:00:00,2026-02-19 11:45:00,66371.93,66495.99,67,1005,2.745868822153616,0.1869163666025963,True,False,948.070000000007,-501.929999999993,1.4284201167572002,-0.7562383676352232,1.4284201167572002,0.7562383676352232,49,1,750,30,same_bar,0,0.0,1.0,23.0,15,15.0,30.0,360.0,11,165,0.16417910447761194,5,75,-0.16444109320419084
688,short,Short1,1,0,TP S1,2026-02-21 14:45:00,2026-02-23 01:00:00,68449.98,65481.77,137,2055,156.6300147385323,4.532879914516674,True,False,3185.8199999999924,-248.7200000000012,4.654230724391727,-0.3633602230417031,4.654230724391727,0.3633602230417031,136,2,2055,45,same_bar,0,0.0,,5.0,15,15.0,,90.0,13,195,0.0948905109489051,9,135,-0.15063891573424948
689,long,Long1,1,0,MFEProtect L1,2026-02-23 04:00:00,2026-02-23 17:00:00,65023.06,65081.0,52,780,0.9744615646661128,0.0891068491701396,True,False,1576.9400000000023,-337.41999999999825,2.425201151714488,-0.5189235941833532,2.4252011517144876,0.5189235941833532,23,1,360,30,adverse,0,3.0,1.0,7.0,15,60.0,30.0,120.0,3,45,0.057692307692307696,3,45,-0.3865346642662841
690,long,Long1,1,0,MFEProtect L1,2026-02-23 20:15:00,2026-02-24 01:45:00,64004.39,64160.24,22,330,3.808170127116518,0.2434989224957773,True,False,1031.5900000000038,-570.5500000000029,1.6117488191044451,-0.8914232289378945,1.6117488191044453,0.8914232289378945,7,19,120,300,same_bar,0,0.0,19.0,1.0,15,15.0,300.0,30.0,0,0,0.0,0,0,0.0
691,long,Long2,2,0,TP L2,2026-02-24 01:15:00,2026-02-25 17:00:00,64432.93,68512.37,159,2385,462.4640445262439,6.331296745313297,True,False,4214.299999999996,-1922.6500000000012,6.540599659211517,-2.983955564336437,6.540599659211517,2.983955564336437,158,48,2385,735,same_bar,0,0.0,0.0,94.0,15,15.0,15.0,1425.0,88,1320,0.5534591194968553,69,1035,-1.2389073695419688
692,long,Long3,3,0,TP L3,2026-02-24 04:45:00,2026-02-25 17:00:00,63378.87,68512.37,145,2175,588.1394159675699,8.09970262959878,True,False,5268.360000000001,-868.5899999999965,8.312486480115536,-1.3704725249913678,8.312486480115524,1.3704725249913792,144,34,2175,525,same_bar,0,0.0,1.0,39.0,15,15.0,30.0,600.0,36,540,0.2482758620689655,23,345,-0.36052981415134927
693,short,Short1,1,0,MFEProtect S1,2026-02-25 20:00:00,2026-02-25 23:00:00,68644.66,68517.67,12,180,2.8931506010077404,0.185339051955502,True,False,588.75,-1344.1699999999985,0.8576777858612746,-1.9581566869149007,0.8576777858612746,1.9581566869149007,10,5,165,90,same_bar,0,0.0,1.0,9.0,15,15.0,30.0,150.0,9,135,0.75,9,135,-0.5120961581959356
694,short,Short1,1,0,TP S1,2026-02-27 08:30:00,2026-02-27 17:15:00,67924.35,65205.24,35,525,77.03475328974184,4.170078969113544,True,False,2733.7600000000093,-225.5799999999872,4.024712787093302,-0.3321047606638667,4.024712787093302,0.33210476066386674,34,2,525,45,same_bar,0,0.0,,4.0,15,15.0,,75.0,3,45,0.08571428571428572,3,45,-0.07464186260155437
695,long,Long1,1,0,MFEProtect L1,2026-02-28 07:00:00,2026-02-28 07:45:00,63769.74,63825.97,3,45,1.0161726288129904,0.0881766179382292,True,False,557.4800000000032,-418.5599999999977,0.8742077355184501,-0.6563614654850367,0.8742077355184501,0.6563614654850367,1,0,30,15,same_bar,0,0.0,0.0,1.0,15,15.0,15.0,30.0,1,15,0.3333333333333333,1,15,-0.402824286252379
696,long,Long1,1,0,MFEProtect L1,2026-03-01 20:45:00,2026-03-01 22:30:00,65300.03,65398.02,7,105,4.443498268496436,0.1500611868019197,True,False,1191.3999999999942,-177.44000000000233,1.824501458881404,-0.2717303498941766,1.8245014588814037,0.27173034989417666,4,6,75,105,same_bar,0,0.0,,1.0,15,15.0,,30.0,0,0,0.0,0,0,0.0
697,short,Short1,1,0,MFEProtect S1,2026-03-02 15:45:00,2026-03-02 19:45:00,69130.17,68966.56,16,240,3.912874099392544,0.2372309130685979,True,False,553.9900000000052,-965.8300000000016,0.8013722517968714,-1.3971179298416332,0.8013722517968714,1.3971179298416332,12,3,195,60,same_bar,0,0.0,0.0,8.0,15,15.0,15.0,135.0,8,120,0.5,6,90,-0.4538937196306658
698,short,Short2,2,0,MFEProtect S2,2026-03-02 18:45:00,2026-03-03 16:15:00,68877.64,68829.0,86,1290,2.701803574409605,0.0706678870824761,True,False,2719.6399999999994,-662.1300000000047,3.948509269481357,-0.9613134247921454,3.9485092694813573,0.9613134247921454,79,11,1200,180,same_bar,0,0.0,6.0,28.0,15,15.0,105.0,435.0,19,285,0.22093023255813954,13,195,-0.46650919850882255
699,short,Short1,1,0,OutsideStop Short1,2026-03-04 08:00:00,2026-03-04 09:45:00,69418.71,71520.79,7,105,-59.75294325624607,-2.939117423059767,False,True,319.8000000000029,-2474.2899999999936,0.4606827179588945,-3.564298443459974,0.46068271795889454,3.564298443459974,0,6,15,105,same_bar,0,0.0,1.0,,15,15.0,30.0,,6,90,0.8571428571428571,6,90,-2.4128269357545307
700,short,Short1,1,0,OutsideStop Short1,2026-03-04 13:00:00,2026-03-04 14:00:00,71299.97,71807.15,4,60,-14.528249036623626,-0.7063084943490949,False,True,85.57000000000698,-530.0299999999988,0.1200140757422576,-0.7433803969342467,0.12001407574225767,0.7433803969342467,0,3,15,60,same_bar,0,0.0,3.0,,15,15.0,60.0,,4,60,1.0,4,60,-0.3092147163596237
701,long,TrendLong,0,1,MFEProtect TrendLong,2026-03-04 15:30:00,2026-03-04 22:30:00,72705.68,72916.98,28,420,49.42320520205277,0.2906237862021266,True,False,1344.320000000007,-163.9899999999907,1.8489889648236657,-0.2255532167500403,1.8489889648236657,0.2255532167500403,14,2,225,45,same_bar,0,0.0,,0.0,15,15.0,,15.0,0,0,0.0,0,0,0.0
702,short,Short1,1,0,TP S1,2026-03-05 11:00:00,2026-03-06 14:00:00,73190.7,68826.09,108,1620,115.39184706887772,6.341505089131183,True,False,4548.12999999999,-0.040000000008149,6.214081843731499,-5.4651752214624365e-05,6.214081843731499,5.4651752214624365e-05,107,0,1620,15,same_bar,0,0.0,,1.0,15,15.0,,30.0,0,0,0.0,0,0,0.0
703,long,Long1,1,0,MFEProtect L1,2026-03-06 17:45:00,2026-03-06 19:30:00,67955.13,68143.95,7,105,4.732542006713194,0.2778598172058499,True,False,529.8799999999901,-0.0299999999988358,0.7797498143259972,-4.414677743804749e-05,0.7797498143259972,4.414677743804749e-05,5,0,90,15,same_bar,0,0.0,,0.0,15,15.0,,15.0,0,0,0.0,0,0,0.0
704,long,Long1,1,0,NoProgress L1,2026-03-07 07:15:00,2026-03-08 07:15:00,67727.63,67368.12,96,1440,-11.094211630606244,-0.5308173340777045,False,True,504.6399999999994,-1180.4800000000105,0.7451021097298095,-1.7429814095074794,0.7451021097298095,1.7429814095074794,15,85,240,1290,same_bar,0,0.0,47.0,7.0,15,15.0,720.0,120.0,54,810,0.5625,54,810,-0.707660199362485
705,long,Long2,2,0,NoProgress L2,2026-03-07 07:15:00,2026-03-08 07:15:00,67727.63,67368.12,96,1440,-44.37524698956621,-0.5308173340777045,False,True,504.6399999999994,-1180.4800000000105,0.7451021097298095,-1.7429814095074794,0.7451021097298095,1.7429814095074794,15,85,240,1290,same_bar,0,0.0,47.0,7.0,15,15.0,720.0,120.0,54,810,0.5625,54,810,-0.707660199362485
706,long,Long1,1,0,MFEProtect L1,2026-03-08 22:30:00,2026-03-08 23:30:00,66045.12,66121.7,4,60,1.5598632587938268,0.115951034686601,True,False,524.1200000000099,-0.0299999999988358,0.7935786928693747,-4.54234923016808e-05,0.7935786928693747,4.54234923016808e-05,2,0,45,15,same_bar,0,0.0,,1.0,15,15.0,,30.0,0,0,0.0,0,0,0.0
707,long,Long2,2,0,MFEProtect L2,2026-03-08 22:30:00,2026-03-08 23:30:00,66045.12,66121.7,4,60,6.239228131346135,0.115951034686601,True,False,524.1200000000099,-0.0299999999988358,0.7935786928693747,-4.54234923016808e-05,0.7935786928693747,4.54234923016808e-05,2,0,45,15,same_bar,0,0.0,,1.0,15,15.0,,30.0,0,0,0.0,0,0,0.0
708,short,Short1,1,0,MFEProtect S1,2026-03-09 14:45:00,2026-03-09 16:30:00,69151.47,69074.08,7,105,2.9659582599580787,0.1120391324792136,True,False,537.0,-103.39999999999418,0.7765561599775103,-0.1495268285692179,0.7765561599775103,0.14952682856921795,6,0,105,15,same_bar,0,0.0,,2.0,15,15.0,,45.0,1,15,0.14285714285714285,1,15,-0.02105522847164476
709,short,Short2,2,0,MFEProtect S2,2026-03-10 08:15:00,2026-03-10 13:00:00,70842.19,70753.75,19,285,6.908099074321266,0.1249969082910862,True,False,551.3099999999977,-457.8099999999977,0.7782226946964763,-0.6462391972918929,0.7782226946964763,0.6462391972918929,16,4,255,75,adverse,0,1.0,3.0,14.0,15,30.0,60.0,225.0,5,75,0.2631578947368421,4,60,-0.2795735140316813
710,short,Short1,1,0,NoProgress S1,2026-03-10 00:45:00,2026-03-11 00:45:00,69157.34,70044.9,96,1440,-51.54361815112346,-1.2671300837034494,False,True,371.3000000000029,-2619.6600000000035,0.536891673392879,-3.7879710237554014,0.536891673392879,3.7879710237554014,2,56,45,855,same_bar,0,0.0,6.0,2.0,15,15.0,105.0,45.0,93,1395,0.96875,93,1395,-1.6809618395150228
711,short,Short1,1,0,MFEProtect S1,2026-03-11 13:45:00,2026-03-12 09:30:00,70186.06,70278.43,79,1185,-6.530960061991763,-0.1314343533286077,False,True,980.1499999999942,-1134.9400000000023,1.3965023823819065,-1.6170447521915357,1.3965023823819063,1.6170447521915357,61,14,930,225,same_bar,0,0.0,0.0,6.0,15,15.0,15.0,105.0,43,645,0.5443037974683544,37,555,-0.4856559702848092
712,short,Short1,1,0,MFEProtect S1,2026-03-13 00:45:00,2026-03-13 20:00:00,71475.58,71353.03,77,1155,5.2769644304132175,0.1717516411005926,True,False,634.3500000000058,-2438.1600000000035,0.8875059146074867,-3.411179034853587,0.8875059146074867,3.411179034853587,69,54,1050,825,same_bar,0,0.0,30.0,7.0,15,15.0,465.0,120.0,46,690,0.5974025974025974,32,480,-0.990748837939989
713,short,Short1,1,0,NoProgress S1,2026-03-15 23:15:00,2026-03-16 23:15:00,72479.01,74612.42,96,1440,-116.08247468760598,-2.859322884849469,False,True,208.59999999999127,-2420.9800000000105,0.2878074631538031,-3.340249818533684,0.2878074631538031,3.340249818533684,6,90,105,1365,same_bar,0,0.0,2.0,,15,15.0,45.0,,93,1395,0.96875,83,1245,-1.6306810832216796
714,short,Short2,2,0,MFEProtect S2,2026-03-16 22:15:00,2026-03-17 17:45:00,74660.28,74523.78,78,1170,11.372377871023032,0.1831630118600991,True,False,1261.0899999999965,-1339.7200000000012,1.689104300171385,-1.7944213442542691,1.689104300171385,1.7944213442542691,61,12,930,195,same_bar,0,0.0,6.0,2.0,15,15.0,105.0,45.0,19,285,0.24358974358974358,16,240,-0.7109099623267598
715,short,Short3,3,0,TP S3,2026-03-17 01:30:00,2026-03-18 14:00:00,75678.13,71876.59,146,2190,384.1122026308492,5.28898212895188,True,False,3817.160000000004,-97.8799999999901,5.043940699908948,-0.1293372338877693,5.043940699908948,0.1293372338877693,145,0,2190,15,same_bar,0,0.0,,1.0,15,15.0,,30.0,0,0,0.0,0,0,0.0
716,long,Long3,3,0,MFEProtect L3,2026-03-19 13:15:00,2026-03-19 14:00:00,69333.03,69507.37,3,45,16.88187298824664,0.2514530231839007,True,False,846.5,-92.02999999999884,1.220918803058225,-0.1327361576437649,1.220918803058225,0.13273615764376492,2,0,45,15,same_bar,0,0.0,,0.0,15,15.0,,15.0,0,0,0.0,0,0,0.0
717,long,Long1,1,0,NoProgress L1,2026-03-18 17:15:00,2026-03-19 17:15:00,71479.94,69661.38,96,1440,-50.929159727473845,-2.5441543459605587,False,True,520.5599999999977,-2686.5899999999965,0.728260264348288,-3.758523020584512,0.728260264348288,3.7585230205845117,2,89,45,1350,same_bar,0,0.0,5.0,2.0,15,15.0,90.0,45.0,90,1350,0.9375,56,840,-1.4241126795698082
718,long,Long2,2,0,MFEProtect L2,2026-03-19 07:30:00,2026-03-19 22:30:00,70096.98,70066.75,60,900,-6.2360855820103245,-0.0431259663397742,False,True,598.6200000000099,-1303.62999999999,0.8539882887964787,-1.85975201784726,0.8539882887964787,1.8597520178472597,53,32,810,495,same_bar,0,0.0,17.0,6.0,15,15.0,270.0,105.0,35,525,0.5833333333333334,30,450,-0.6925629524777098
719,long,Long1,1,0,Exit L1,2026-03-20 14:15:00,2026-03-21 23:00:00,69940.51,70150.27143999998,131,1965,5.19675861082246,0.2999140841266179,True,False,1160.4300000000076,-552.5099999999948,1.6591671979515272,-0.7899713628053253,1.6591671979515272,0.7899713628053253,94,12,1425,195,same_bar,0,0.0,2.0,27.0,15,15.0,45.0,420.0,16,240,0.12213740458015267,5,75,-0.22337555159376715
720,long,Long1,1,0,MFEProtect L1,2026-03-22 00:15:00,2026-03-22 07:30:00,68904.28,68951.56,29,435,0.6421857000199748,0.0686169277148041,True,False,684.5099999999948,-141.97000000000116,0.9934215987744084,-0.2060394506698294,0.9934215987744083,0.20603945066982945,12,4,195,75,same_bar,0,0.0,,7.0,15,15.0,,120.0,1,15,0.034482758620689655,1,15,-0.08530674727317278
721,long,Long1,1,0,NoProgress L1,2026-03-22 10:45:00,2026-03-23 10:45:00,68648.2,68550.99,96,1440,-6.996940737111005,-0.1416060435670441,False,True,357.5100000000093,-1287.5399999999936,0.5207856870245824,-1.875562651314956,0.5207856870245824,1.8755626513149561,17,41,270,630,same_bar,0,0.0,2.0,17.0,15,15.0,45.0,270.0,68,1020,0.7083333333333334,42,630,-0.6286071594011169
722,short,Short1,1,0,MFEProtect S1,2026-03-23 14:15:00,2026-03-24 07:45:00,71353.16,71291.73,70,1050,1.9743946538544104,0.0861670771630906,True,False,1249.949999999997,-306.84999999999127,1.7517794586812931,-0.4300440232780037,1.7517794586812931,0.43004402327800373,5,2,90,45,same_bar,0,0.0,,3.0,15,15.0,,60.0,3,45,0.04285714285714286,3,45,-0.06728970844926223
723,short,Short1,1,0,NoProgress S1,2026-03-25 00:45:00,2026-03-26 00:45:00,70840.72,71299.3,96,1440,-26.92688619032394,-0.6431760199609227,False,True,432.7200000000012,-1185.3699999999951,0.6108351242054022,-1.6732890348940488,0.6108351242054022,1.6732890348940488,9,42,150,645,same_bar,0,0.0,16.0,8.0,15,15.0,255.0,135.0,76,1140,0.7916666666666666,27,405,-0.5637047449545944
724,long,Long1,1,0,NoProgress L1,2026-03-26 15:15:00,2026-03-27 15:15:00,69030.52,66332.95,96,1440,-155.0727877335518,-3.907793248551517,False,True,447.8999999999942,-3300.350000000006,0.6488434391048976,-4.781001215114714,0.6488434391048976,4.781001215114714,18,91,285,1380,same_bar,0,0.0,9.0,18.0,15,15.0,150.0,285.0,88,1320,0.9166666666666666,53,795,-1.296109841902347
725,long,Long1,1,0,OutsideStop Long1,2026-03-27 15:15:00,2026-03-27 17:45:00,66333.01,65632.89,10,150,-21.287986421947945,-1.055462431148524,False,True,305.24000000000524,-733.0099999999948,0.4601630470259155,-1.1050455874081315,0.46016304702591554,1.1050455874081317,0,8,15,135,same_bar,0,0.0,2.0,,15,15.0,45.0,,9,135,0.9,9,135,-0.6043547046435269
726,long,Long1,1,0,MFEProtect L1,2026-03-29 00:00:00,2026-03-29 07:00:00,66412.31,66602.43000000001,28,420,4.875521043232791,0.2862722287479746,True,False,718.1900000000023,-130.9100000000035,1.0814109613112424,-0.1971170706153776,1.0814109613112424,0.19711707061537764,12,0,195,15,same_bar,0,0.0,,9.0,15,15.0,,150.0,2,30,0.07142857142857142,2,30,-0.018099054226539124
727,long,Long1,1,0,MFEProtect L1,2026-03-29 22:45:00,2026-03-29 23:15:00,65860.34,66009.98,2,30,7.451275419551346,0.2272080587497615,True,False,522.6399999999994,-0.4299999999930151,0.7935580047111803,-0.0006528967205347,0.7935580047111803,0.000652896720534718,0,0,15,15,same_bar,0,0.0,,0.0,15,15.0,,15.0,0,0,0.0,0,0,0.0
728,short,Short1,1,0,MFEProtect S1,2026-03-30 13:15:00,2026-03-30 14:45:00,67878.82,67799.56999999999,6,90,3.150828773605869,0.1168886469339103,True,False,790.0900000000111,-163.17999999999302,1.1639713241921574,-0.2403989933826089,1.1639713241921574,0.2403989933826089,5,0,90,15,same_bar,0,0.0,,1.0,15,15.0,,30.0,0,0,0.0,0,0,0.0
729,short,Short1,1,0,MFEProtect S1,2026-03-31 02:00:00,2026-03-31 14:15:00,67916.56,67738.02,49,735,8.852449981220476,0.2635742822125531,True,False,1918.5099999999948,-180.30999999999767,2.824804436502666,-0.2654875335264296,2.824804436502666,0.2654875335264296,30,0,465,15,adverse,0,1.0,,8.0,15,30.0,,135.0,4,60,0.08163265306122448,4,60,-0.08553142267512248
730,short,Short1,1,0,MFEProtect S1,2026-03-31 17:15:00,2026-03-31 18:45:00,68033.97,67854.08,6,90,8.915572812379002,0.2651130189960549,True,False,630.1600000000035,-82.02999999999884,0.9262431694049365,-0.1205721200747197,0.9262431694049363,0.12057212007471978,1,0,30,15,same_bar,0,0.0,,0.0,15,15.0,,15.0,0,0,0.0,0,0,0.0
731,short,Short1,1,0,MFEProtect S1,2026-04-01 05:30:00,2026-04-01 14:15:00,68507.84,68517.26,35,525,-1.942025803232707,-0.0137483606320487,False,True,589.0099999999948,-802.1600000000035,0.8597702102416233,-1.1709024835697688,0.8597702102416233,1.1709024835697688,31,5,480,90,same_bar,0,0.0,2.0,29.0,15,15.0,45.0,450.0,26,390,0.7428571428571429,12,180,-0.2881298526731289
732,long,Long1,1,0,MFEProtect L1,2026-04-02 04:45:00,2026-04-02 08:30:00,66330.3,66511.14,15,225,9.230862566802228,0.2726355828331694,True,False,630.9599999999919,-19.30000000000291,0.951239478790224,-0.0290968079444882,0.9512394787902239,0.02909680794448828,11,0,180,15,same_bar,0,0.0,,2.0,15,15.0,,45.0,0,0,0.0,0,0,0.0
733,long,Long1,1,0,MFEProtect L1,2026-04-02 12:30:00,2026-04-03 02:30:00,66224.37,66349.52,56,840,5.969727918615573,0.1889787702019862,True,False,1206.62000000001,-512.25,1.822018087903305,-0.773506792137094,1.822018087903305,0.773506792137094,18,3,285,60,same_bar,0,0.0,2.0,7.0,15,15.0,45.0,120.0,4,60,0.07142857142857142,4,60,-0.3081645019801543
734,short,Short1,1,0,Exit S1,2026-04-06 00:15:00,2026-04-07 00:30:00,69181.98,68974.49397,97,1455,5.154977699153506,0.3008155885714014,True,False,881.9799999999959,-1169.4800000000105,1.2748695541815889,-1.6904401984447548,1.2748695541815889,1.6904401984447548,90,65,1365,990,same_bar,0,0.0,34.0,3.0,15,15.0,525.0,60.0,67,1005,0.6907216494845361,58,870,-0.5918957854062612
735,short,Short1,1,0,MFEProtect S1,2026-04-07 09:45:00,2026-04-07 19:45:00,69150.02,69011.31999999999,40,600,6.431022759193087,0.2009815201332365,True,False,1418.0100000000093,-49.84999999999127,2.0506284741494065,-0.0720896393088408,2.0506284741494065,0.0720896393088408,20,0,315,15,same_bar,0,0.0,,1.0,15,15.0,,30.0,0,0,0.0,0,0,0.0
736,short,Short1,1,0,MFEProtect S1,2026-04-07 23:00:00,2026-04-08 15:45:00,71487.31,71310.03,67,1005,4.142788291522703,0.2486045791875168,True,False,780.0800000000017,-1369.6900000000023,1.091214650544274,-1.9159904044508076,1.091214650544274,1.9159904044508074,62,56,945,855,same_bar,0,0.0,0.0,61.0,15,15.0,15.0,930.0,49,735,0.7313432835820896,27,405,-0.4102203736636391
737,short,Short2,2,0,MFEProtect S2,2026-04-07 23:00:00,2026-04-08 15:45:00,71487.31,71310.03,67,1005,16.57055590941091,0.2486045791875168,True,False,780.0800000000017,-1369.6900000000023,1.091214650544274,-1.9159904044508076,1.091214650544274,1.9159904044508074,62,56,945,855,same_bar,0,0.0,0.0,61.0,15,15.0,15.0,930.0,49,735,0.7313432835820896,27,405,-0.4102203736636391
738,short,Short1,1,0,MFEProtect S1,2026-04-09 09:15:00,2026-04-09 14:45:00,71292.41,71123.74,22,330,7.846972036147011,0.2371500711295437,True,False,769.6399999999994,-282.5899999999965,1.0795539104373093,-0.396381606401013,1.0795539104373093,0.39638160640101305,19,1,300,30,same_bar,0,0.0,,16.0,15,15.0,,255.0,4,60,0.18181818181818182,4,60,-0.1918051304479529
739,short,Short1,1,0,MFEProtect S1,2026-04-09 17:45:00,2026-04-09 20:00:00,72347.46,72182.81,9,135,3.748561739035844,0.2281013997654124,True,False,599.7800000000134,-33.23999999999069,0.8290270314949735,-0.0459449440242832,0.8290270314949735,0.04594494402428321,2,0,45,15,same_bar,0,0.0,,0.0,15,15.0,,15.0,0,0,0.0,0,0,0.0
740,short,Short1,1,0,NoProgress S1,2026-04-10 11:30:00,2026-04-11 11:30:00,72185.98,72848.11,96,1440,-37.30620330073424,-0.9089185704337476,False,True,286.4700000000012,-1248.020000000004,0.3968499146233121,-1.728895278556867,0.39684991462331215,1.728895278556867,7,35,120,540,same_bar,0,0.0,9.0,,15,15.0,150.0,,92,1380,0.9583333333333334,88,1320,-0.9374486870430154
741,short,Short1,1,0,TP S1,2026-04-11 19:45:00,2026-04-12 14:30:00,73687.12,70844.95,75,1125,149.24664802372632,4.011817356071257,True,False,2916.8899999999994,-2.8500000000058208,3.9584801251562,-0.0038677044237932,3.9584801251562003,0.0038677044237932236,74,0,1125,15,same_bar,0,0.0,,2.0,15,15.0,,45.0,0,0,0.0,0,0,0.0
742,long,Long1,1,0,MFEProtect L1,2026-04-12 23:15:00,2026-04-13 04:45:00,70719.5,70890.27,22,330,8.080033674757914,0.2414751235515044,True,False,552.2799999999988,-147.8399999999965,0.7809444354103166,-0.2090512517763792,0.7809444354103166,0.20905125177637923,12,0,195,15,same_bar,0,0.0,,3.0,15,15.0,,60.0,0,0,0.0,0,0,0.0
743,short,Short1,1,0,MFEProtect S1,2026-04-13 23:30:00,2026-04-14 01:45:00,74562.62,74386.05,9,135,3.9529295195125274,0.2373697756501203,True,False,607.7599999999948,-35.61000000000058,0.8151001131666172,-0.0477585149234302,0.8151001131666172,0.047758514923430244,5,0,90,15,same_bar,0,0.0,,3.0,15,15.0,,60.0,0,0,0.0,0,0,0.0
744,short,Short2,2,0,MFEProtect S2,2026-04-14 14:30:00,2026-04-14 15:30:00,75376.41,75284.03,4,60,6.810654819480192,0.1227086275801259,True,False,812.070000000007,-31.919999999998254,1.077352980859671,-0.042347466534952,1.0773529808596707,0.04234746653495205,1,0,30,15,same_bar,0,0.0,,1.0,15,15.0,,30.0,0,0,0.0,0,0,0.0
745,short,Short1,1,0,MFEProtect S1,2026-04-14 07:15:00,2026-04-15 00:00:00,74669.7,74542.35,67,1005,2.6491799596080763,0.1708424808179343,True,False,874.2299999999959,-1368.300000000003,1.170796186404922,-1.8324701987553225,1.170796186404922,1.8324701987553225,45,28,690,435,same_bar,0,0.0,24.0,18.0,15,15.0,375.0,285.0,19,285,0.2835820895522388,13,195,-0.5896529720397448
746,short,Short1,1,0,MFEProtect S1,2026-04-15 19:45:00,2026-04-16 13:00:00,75002.57,74819.09,69,1035,4.108848139268396,0.2452315311506803,True,False,725.2300000000105,-422.429999999993,0.9669401995158438,-0.5632207003039935,0.9669401995158438,0.5632207003039935,59,10,900,165,same_bar,0,0.0,10.0,0.0,15,15.0,165.0,15.0,11,165,0.15942028985507245,5,75,-0.07941667259472923
747,short,Short1,1,0,MFEProtect S1,2026-04-17 09:30:00,2026-04-17 11:45:00,75752.88,75589.73,9,135,7.06646874458805,0.2158361989122115,True,False,656.9500000000116,-147.11999999999534,0.8672277542451345,-0.1942104379397791,0.8672277542451345,0.1942104379397791,3,0,60,15,same_bar,0,0.0,,2.0,15,15.0,,45.0,1,15,0.1111111111111111,1,15,-0.0357874182473239
748,short,Short1,1,0,TP S1,2026-04-17 14:45:00,2026-04-19 22:00:00,77886.74,74021.17,221,3315,97.07381015820006,5.222249256530276,True,False,4068.1300000000047,-446.2599999999948,5.223135542712411,-0.5729601726815049,5.223135542712411,0.5729601726815049,220,5,3315,90,same_bar,0,0.0,5.0,2.0,15,15.0,90.0,45.0,2,30,0.00904977375565611,2,30,-0.30328012187952336
749,short,Short2,2,0,TP S2,2026-04-17 14:45:00,2026-04-19 22:00:00,77886.74,74021.17,221,3315,388.281247053378,5.222249256530276,True,False,4068.1300000000047,-446.2599999999948,5.223135542712411,-0.5729601726815049,5.223135542712411,0.5729601726815049,220,5,3315,90,same_bar,0,0.0,5.0,2.0,15,15.0,90.0,45.0,2,30,0.00904977375565611,2,30,-0.30328012187952336
750,short,Short1,1,0,NoProgress S1,2026-04-22 03:15:00,2026-04-23 03:15:00,77529.06,77687.89,96,1440,-4.8613808744567,-0.204446278564141,False,True,164.80999999999767,-1943.7600000000093,0.2125783544905583,-2.5071373237338483,0.21257835449055834,2.5071373237338483,3,50,60,765,same_bar,0,0.0,7.0,,15,15.0,120.0,,92,1380,0.9583333333333334,90,1350,-1.1334602624570986
751,short,Short2,2,0,Exit S2,2026-04-22 14:15:00,2026-04-26 21:45:00,79008.28,78771.31507,414,6210,21.267894234803453,0.3008264236663116,True,False,2048.279999999999,-464.54000000000815,2.592487774699056,-0.587963691906732,2.5924877746990553,0.587963691906732,109,6,1650,105,same_bar,0,0.0,6.0,0.0,15,15.0,105.0,15.0,7,105,0.016908212560386472,4,60,-0.15545567773764496
752,short,Short1,1,0,TP S1,2026-04-27 01:00:00,2026-04-28 14:15:00,79127.8,75829.15,149,2235,166.93826747855277,4.350108104864692,True,False,3358.4000000000087,-247.1999999999971,4.244273188436944,-0.3124060064857067,4.244273188436944,0.31240600648570677,148,2,2235,45,same_bar,0,0.0,,0.0,15,15.0,,15.0,6,90,0.040268456375838924,4,60,-0.11035101864746617
753,long,Long1,1,0,Exit L1,2026-04-29 16:00:00,2026-04-30 16:45:00,76031.8,76259.83531,99,1485,10.73988172681399,0.2999209672794656,True,False,637.3399999999965,-1094.2799999999988,0.8382545198193342,-1.439239896990468,0.8382545198193342,1.439239896990468,86,7,1305,120,same_bar,0,0.0,7.0,37.0,15,15.0,120.0,570.0,55,825,0.5555555555555556,26,390,-0.390487568718262
754,short,Short1,1,0,Force Close End,2026-05-01 12:45:00,2026-05-01 15:45:00,77895.98,78445.92,12,180,-30.230771013056064,-0.7010434704571078,False,True,0.0,-1018.1399999999994,0.0,-1.3070507617979763,0.0,1.3070507617979765,0,3,15,60,adverse,0,,0.0,,15,,15.0,,12,180,1.0,12,180,-0.6940858822239641
