signal_id,version,trade_id,side,entry_id,entry_time,entry_price,qty,level_snapshot,trend_mode_at_entry,breakout_context,reverse_context,signal_bar_index,signal_open,signal_high,signal_low,signal_close,signal_volume,rsiVal,atr_,atrPct,smoothMid,midHigh,midLow,smoothRes,smoothSup,zoneOffset,channelWidth,signal_hour,signal_month,candle_direction,candle_body_pct,atr_pct_bucket,rsi_bucket
1,v17,1,short,Short1,2024-01-10 18:00:00,46265.53,0.043228699706650046,1,0,,,936,46401.88,46633.86,45840.0,46265.56,2129.40513,64.2270423305996,272.88972783687115,0.005898334048844781,45408.251852608235,46617.65385063058,44198.84985458589,47827.055848652926,42989.447856563536,387.0086393671512,4837.60799208939,18,2024-01,bearish,0.2946468172005261,q4_high,"(60.0, 70.0]"
2,v17,2,short,Short1,2024-01-11 11:30:00,46979.96,0.042590683102427564,1,0,,,1006,47073.2,47089.3,46840.0,46979.99,882.56569,68.48843730136649,282.4126767021499,0.0060113396512461986,45892.4783852456,47115.11458047475,44669.84219001645,48337.75077570389,43447.20599478729,391.243582473328,4890.5447809166,11,2024-01,bearish,0.1984036182212877,q4_high,"(60.0, 70.0]"
3,v17,3,long,Long1,2024-01-12 14:45:00,45442.049999999996,0.04403079978892402,1,0,,,1115,45289.99,45589.78,45250.01,45442.02,1958.42819,37.60652422406616,254.0849854139283,0.00559141044816952,46247.74813640345,47426.2162657631,45069.28000704379,48604.68439512276,43890.81187768413,377.1098013950902,4713.872517438627,14,2024-01,bullish,0.3345581908550695,q4_high,"(30.0, 40.0]"
4,v17,4,long,Long2,2024-01-12 20:15:00,43826.03,0.09065272799883647,2,0,,,1137,43709.76,43838.95,43652.63,43826.0,1147.73539,42.23748012818264,283.5878138137119,0.00647076652703217,46149.29993986368,47317.33180632297,44981.268073404404,48485.363672782245,43813.23620694513,373.7701972669695,4672.1274658371185,20,2024-01,bullish,0.26523068498151314,q4_high,"(40.0, 50.0]"
5,v17,5,short,TrendShort,2024-01-12 22:30:00,42299.98,0.22986643372048612,0,-1,breakout_down,,1146,41904.01,42400.68,41900.04,42300.01,2023.07873,31.033961398292945,309.8469797469858,0.007324985969199199,46082.28220158711,47246.43381109427,44918.13059207997,48410.58542060143,43753.97898257283,372.5285150422878,4656.606438028597,22,2024-01,bullish,0.9361699914491746,q4_high,"(30.0, 40.0]"
6,v17,6,long,Long1,2024-01-14 04:45:00,42580.04,0.02245719642597929,1,0,,,1267,42576.11,42610.32,42566.0,42580.01,129.78227,34.026873114824554,165.76260435391586,0.00389296771780739,44907.987202517994,46020.40543409443,43795.56897094155,47132.823665670854,42683.15073936511,355.9738341044594,4449.672926305742,4,2024-01,bullish,0.009159227534238378,q3,"(30.0, 40.0]"
7,v17,7,long,Long1,2024-01-15 00:00:00,42045.33,0.0227454254269055,1,0,,,1344,41732.35,42060.92,41718.05,42045.3,677.90385,37.00142735572796,160.88184998967114,0.003826393199469884,43978.60960878198,45075.17236173377,42882.046855830195,46171.735114685565,41785.48410287841,350.9000809445727,4386.251011807159,0,2024-01,bullish,0.7443162493786567,q3,"(30.0, 40.0]"
8,v17,8,long,Long2,2024-01-15 00:00:00,42045.33,0.09097841987233231,2,0,,,1344,41732.35,42060.92,41718.05,42045.3,677.90385,37.00142735572796,160.88184998967114,0.003826393199469884,43978.60960878198,45075.17236173377,42882.046855830195,46171.735114685565,41785.48410287841,350.9000809445727,4386.251011807159,0,2024-01,bullish,0.7443162493786567,q3,"(30.0, 40.0]"
9,v17,9,long,Long1,2024-01-18 18:30:00,41554.979999999996,0.023040028470230445,1,0,,,1706,41470.59,41637.95,41431.99,41554.95,507.60572,30.44065413154877,140.28640073987614,0.0033759251482645544,42771.22708494831,43774.74713003957,41767.70703985705,44778.26717513083,40764.1869947658,321.12641442920255,4014.080180365032,18,2024-01,bullish,0.20300830586969923,q2,"(30.0, 40.0]"
10,v17,10,long,Long2,2024-01-19 17:00:00,40535.01,0.09424380431615725,2,0,,,1796,40395.0,40549.0,40280.0,40534.98,1032.06196,31.597220801983156,155.15243633399916,0.00382761842571525,42411.786805720236,43415.086509407054,41408.48710203341,44418.38621309387,40405.187398346585,321.055905179783,4013.1988147472875,17,2024-01,bullish,0.34533136565012046,q3,"(30.0, 40.0]"
11,v17,11,long,Long1,2024-01-22 10:00:00,40792.13,0.04696531820615226,1,0,,,2056,40744.86,40852.1,40706.07,40792.1,674.47235,37.727022950576895,103.83339436146322,0.0025454290012395346,41534.016058717934,42564.85948284554,40503.172634590344,43595.702906973136,39472.329210462754,329.8698957208305,4123.373696510382,10,2024-01,bullish,0.11580673708879406,q1_low,"(30.0, 40.0]"
12,v17,12,long,Long1,2024-01-22 19:45:00,39820.34,0.024062582879112036,1,0,,,2095,39559.9,39834.47,39559.89,39820.31,1123.54115,33.39098925203709,156.32161972959932,0.003925675609496745,41483.13024098696,42514.57177816166,40451.688703812266,43546.013315336364,39420.24716663758,330.06129189590285,4125.766148698785,19,2024-01,bullish,0.653962764227592,q3,"(30.0, 40.0]"
13,v17,13,long,Long1,2024-01-23 07:45:00,39780.03,0.024091813664989088,1,0,,,2143,39758.23,39799.99,39665.02,39780.0,540.35207,37.51405766667628,150.45781426470515,0.0037822477190725275,41301.27763082353,42323.6110265677,40278.944235079354,43345.94442231187,39256.61083933517,327.14668663813615,4089.333582976702,7,2024-01,bullish,0.05472599296127903,q3,"(30.0, 40.0]"
14,v17,14,long,Long2,2024-01-23 19:00:00,39156.21,0.09774547755856094,2,0,,,2188,39092.55,39192.94,38981.1,39156.18,780.7474,48.16202458336276,185.42559351845696,0.004735538388026027,40991.87349905772,42009.641015667126,39974.10598244832,43027.40853227653,38956.338465838926,325.68560531500844,4071.0700664376054,19,2024-01,bullish,0.16250308380438894,q4_high,"(40.0, 50.0]"
15,v17,15,short,Short1,2024-01-26 17:45:00,41915.130000000005,0.023428731967503134,1,0,,,2471,41922.26,41946.0,41864.01,41915.16,407.34732,68.67114066600341,138.87320642077813,0.0033131975738796685,39885.70592794815,40810.13507659421,38961.27677930206,41734.564225240276,38036.84763065598,295.8173275667435,3697.7165945842935,17,2024-01,bearish,0.0169389786416145,q2,"(60.0, 70.0]"
16,v17,16,short,Short2,2024-01-26 22:00:00,41838.9,0.09389936341987136,2,0,,,2488,41998.77,42011.75,41821.01,41838.93,916.87842,50.273649584777985,142.2426771025186,0.0033997685194750104,40003.33286671464,40929.342908342565,39077.32282508671,41855.35294997049,38151.31278345877,296.3232133209374,3704.040166511717,22,2024-01,bearish,0.38203653869732446,q2,"(50.0, 60.0]"
17,v17,18,short,Short1,2024-01-27 19:45:00,41910.44,0.023438346031792547,1,0,,,2575,41930.38,41970.95,41910.47,41910.47,156.10686,60.85110869345011,93.39819989397272,0.002228517119802587,40607.83547124594,41550.45879460295,39665.21214788894,42493.08211795996,38722.58882453194,301.6394634742418,3770.4932934280223,19,2024-01,bearish,0.047506028923073915,q1_low,"(60.0, 70.0]"
18,v17,17,short,Short2,2024-01-28 05:15:00,42668.87,0.09191697280330272,2,0,,,2613,42730.8,42842.68,42656.91,42668.9,801.44854,77.65854302825336,93.10921076391624,0.002182132906259975,40863.40765045127,41812.83265314548,39913.982647757046,42762.25765583968,38964.55764506283,303.81600086214837,3797.7000107768545,5,2024-01,bearish,0.14507053146437207,q1_low,"(70.0, 100.0]"
19,v17,19,short,Short1,2024-01-29 02:30:00,42252.11,0.046525809870481535,1,0,,,2698,42264.71,42328.67,42207.85,42252.14,288.65851,61.60214164592637,111.14853174775364,0.0026306012369492677,41511.384285016095,42471.58044262772,40551.18812740448,43431.77660023933,39590.99196979286,307.2627704357175,3840.7846304464692,2,2024-01,bearish,0.02974997242743139,q1_low,"(60.0, 70.0]"
20,v17,20,short,Short1,2024-01-29 19:15:00,43031.770000000004,0.022795987006023217,1,0,,,2765,43065.11,43145.0,43024.41,43031.8,426.65465,63.66307075610007,131.2976644990067,0.003051177605840487,41967.93540391967,42942.76553834167,40993.10526949767,43917.59567276368,40018.275135075666,311.9456430150411,3899.320537688014,19,2024-01,bearish,0.07740787045858567,q2,"(60.0, 70.0]"
21,v17,21,short,Short1,2024-01-30 20:30:00,43685.71,0.022432244309379124,1,0,,,2866,43692.01,43760.0,43565.02,43685.74,761.44332,62.98342484584981,126.24192088905768,0.002889774120549582,42492.40773234297,43482.68433418457,41502.13113050135,44472.960936026175,40511.85452865974,316.8885125893151,3961.1064073664384,20,2024-01,bearish,0.014352509537446486,q2,"(60.0, 70.0]"
22,v17,22,long,Long1,2024-02-01 01:30:00,42056.42,0.04661304309714561,1,0,,,2982,42025.01,42097.6,41884.28,42056.39,630.25401,30.26488639040383,159.65310235526073,0.003796167534951543,42852.32026466298,43857.568745340264,41847.07178398569,44862.81722601755,40841.823303308396,321.6795138167322,4020.9939227091527,1,2024-02,bullish,0.07461410739247325,q3,"(30.0, 40.0]"
23,v17,23,short,Short1,2024-02-08 00:00:00,44343.97,0.022288181301271096,1,0,,,3648,44349.6,44448.52,44331.1,44344.0,630.57524,71.62567422364502,114.0988493412424,0.0025730391787218655,42934.947410709894,43950.065616782405,41919.8292046374,44965.18382285492,40904.71099856491,324.83782594320076,4060.472824290009,0,2024-02,bearish,0.012628540501530183,q1_low,"(70.0, 100.0]"
24,v17,24,short,Short2,2024-02-08 14:15:00,45045.19,0.08762293290501114,2,0,,,3705,45182.0,45189.96,45042.57,45045.22,774.29073,62.40043896909879,112.48344788287083,0.0024971228441746057,43227.5619748889,44241.578717794924,42213.54523198288,45255.595460700955,41199.52848907685,324.48535772992824,4056.0669716241027,14,2024-02,bearish,0.3036504206217637,q1_low,"(60.0, 70.0]"
25,v17,25,short,Short3,2024-02-09 03:15:00,46061.200000000004,0.08484484551304429,3,0,,,3757,46288.73,46288.74,46052.03,46061.23,669.72387,68.908487279756,138.78536433514736,0.003013062489541581,43595.8898172008,44611.60563903501,42580.17399536655,45627.32146086923,41564.4581735323,325.0290629869542,4062.863287336928,3,2024-02,bearish,0.4939077831833843,q2,"(60.0, 70.0]"
26,v17,26,short,Short1,2024-02-09 12:15:00,47259.97,0.020527338082447746,1,0,,,3793,47420.9,47540.0,47198.46,47260.0,1497.07317,74.23529258782872,150.51116014689364,0.0031847473581653333,43964.96004455114,44987.480687001575,42942.43940210071,46010.00132945202,41919.91875965028,327.2066055841389,4090.082569801736,12,2024-02,bearish,0.34045704612780675,q2,"(70.0, 100.0]"
27,v17,27,long,TrendLong,2024-02-09 13:45:00,47465.99,0.20431341685437557,0,1,breakout_up,,3799,47591.6,47640.82,47408.0,47465.96,620.2438,69.3070009519464,156.21758909934672,0.0032911498914031598,44037.210971524255,45063.4758341986,43010.94610884991,46089.74069687295,41984.68124617557,328.40475605579036,4105.059450697379,13,2024-02,bearish,0.26469495191922676,q2,"(60.0, 70.0]"
28,v17,28,short,Short1,2024-02-10 19:45:00,47531.06,0.02044708525049652,1,0,,,3919,47632.82,47660.0,47506.48,47531.09,283.46599,65.19015476509378,127.46987200573848,0.002681820930379221,45699.393358426314,46799.79788523749,44598.98883161516,47900.20241204866,43498.58430480401,352.12944857957194,4401.618107244649,19,2024-02,bearish,0.21402833387579204,q1_low,"(60.0, 70.0]"
29,v17,29,short,Short2,2024-02-10 23:00:00,47818.770000000004,0.08124410629034048,2,0,,,3932,47825.9,47944.81,47818.8,47818.8,417.4123,59.28576552417539,138.47622182692322,0.002895853133640393,45883.24900630403,46987.86169617211,44778.63631643595,48092.474386040194,43674.023626567876,353.47606075778543,4418.450759472318,23,2024-02,bearish,0.014847716797574477,q2,"(50.0, 60.0]"
30,v17,30,short,Short1,2024-02-12 00:30:00,48645.97,0.019901338348522736,1,0,,,4034,48710.38,48826.81,48521.89,48646.0,1205.06911,66.24164400245789,136.7250001972843,0.002810611359562642,47120.98035295558,48233.5224032195,46008.43830269165,49346.06445348342,44895.89625242772,356.0134560844558,4450.168201055698,0,2024-02,bearish,0.13234387205525094,q1_low,"(60.0, 70.0]"
31,v17,31,short,Short1,2024-02-12 17:30:00,49884.11,0.019409561443711688,1,0,,,4102,50046.77,50334.82,49782.14,49884.14,2573.5452,71.30485234152083,170.20677116523908,0.0034120418065789865,47688.38984986131,48813.07373226437,46563.70596745827,49937.75761466743,45439.02208505523,359.8988423689763,4498.735529612204,17,2024-02,bearish,0.3260154429844784,q2,"(70.0, 100.0]"
32,v17,32,short,Short2,2024-02-12 17:30:00,49884.11,0.07763544613056574,2,0,,,4102,50046.77,50334.82,49782.14,49884.14,2573.5452,71.30485234152083,170.20677116523908,0.0034120418065789865,47688.38984986131,48813.07373226437,46563.70596745827,49937.75761466743,45439.02208505523,359.8988423689763,4498.735529612204,17,2024-02,bearish,0.3260154429844784,q2,"(70.0, 100.0]"
33,v17,33,short,Short1,2024-02-13 21:30:00,49618.090000000004,0.03902182075084021,1,0,,,4214,49714.02,49743.34,49569.57,49618.12,344.79157,61.067322549636664,194.82298980078266,0.003926448438610384,48577.338275313436,49735.38670481909,47419.2898458078,50893.43513432474,46261.24141630216,370.57549744180636,4632.19371802258,21,2024-02,bearish,0.1932761660457796,q3,"(60.0, 70.0]"
34,v17,34,short,Short1,2024-02-14 10:00:00,51491.06,0.018808115708697705,1,0,,,4264,51551.1,51585.99,51412.0,51491.09,929.95222,86.86345058018983,189.49220411652686,0.0036800969666116387,48892.06797212503,50056.23037966409,47727.90556458596,51220.392787203156,46563.74315704689,372.53197041250127,4656.649630156266,10,2024-02,bearish,0.11654443516344681,q3,"(70.0, 100.0]"
35,v17,35,short,Short1,2024-02-14 14:15:00,51669.44,0.01874529408833112,1,0,,,4281,51706.99,51707.0,51557.98,51669.47,641.72181,67.21201848000314,199.13056588891857,0.0038539308781165853,49026.06662633685,50199.7875719735,47852.34568070021,51373.508517610164,46678.624735063575,375.5907026037271,4694.883782546589,14,2024-02,bearish,0.07261541486683877,q3,"(60.0, 70.0]"
36,v17,36,short,Short1,2024-02-15 00:45:00,52321.17,0.01850420708808394,1,0,,,4323,52358.0,52418.0,52304.89,52321.2,513.67071,72.76766101062378,201.46956710028493,0.0038506297084219196,49458.53583650818,50647.03729187159,48270.03438114475,51835.538747235005,47081.532925781336,380.32046571629354,4754.005821453669,0,2024-02,bearish,0.07033477825432695,q3,"(70.0, 100.0]"
37,v17,37,short,Short1,2024-02-15 10:45:00,52286.67,0.018520130419261364,1,0,,,4363,52290.26,52344.16,52262.79,52286.7,321.29147,60.59319713466914,188.3280420883337,0.0036018345408743275,49942.41965410481,51138.50828141429,48746.33102679531,52334.59690872377,47550.24239948582,382.748360739036,4784.35450923795,10,2024-02,bearish,0.006808614810276702,q2,"(60.0, 70.0]"
38,v17,38,short,Short2,2024-02-15 10:45:00,52286.67,0.07407785052935364,2,0,,,4363,52290.26,52344.16,52262.79,52286.7,321.29147,60.59319713466914,188.3280420883337,0.0036018345408743275,49942.41965410481,51138.50828141429,48746.33102679531,52334.59690872377,47550.24239948582,382.748360739036,4784.35450923795,10,2024-02,bearish,0.006808614810276702,q2,"(60.0, 70.0]"
39,v17,39,short,Short1,2024-02-16 03:45:00,52280.22,0.018518516798500882,1,0,,,4431,52319.99,52328.0,52226.4,52280.25,247.3418,60.20235787644172,191.52638423224656,0.003663455783632377,50717.41486004921,51920.62168085341,49514.208039245,53123.82850165761,48311.00121844078,385.0261826573464,4812.8272832168295,3,2024-02,bearish,0.07601340850511994,q3,"(60.0, 70.0]"
40,v17,40,long,Long1,2024-02-17 14:45:00,50841.119999999995,0.038081256027864746,1,0,,,4571,50771.32,50888.88,50625.0,50841.09,815.86807,19.8184955593032,137.88890114002564,0.0027121546988867792,51815.283866100246,53035.11163179361,50595.45610040686,54254.939397486974,49375.628334713474,390.34488502188003,4879.3110627735,14,2024-02,bullish,0.13723151883643095,q1_low,"(-0.001, 30.0]"
41,v17,41,long,Long1,2024-02-21 15:00:00,50949.11,0.03829894457516605,1,0,,,4956,50930.0,51059.6,50841.1,50949.08,764.81207,38.96493315776483,176.35787268120237,0.0034614535273493133,51917.94262859067,53144.78851137822,50691.09674580312,54371.63439416577,49464.25086301558,392.5906824920152,4907.38353115019,15,2024-02,bullish,0.03744915511723027,q2,"(30.0, 40.0]"
42,v17,42,short,Short1,2024-02-26 16:15:00,53256.590000000004,0.018316886813404293,1,0,,,5441,53509.44,53541.1,53099.26,53256.62,1874.84111,80.68964562940968,124.56159810433795,0.0023388941713600665,51323.46440399119,52544.072719600794,50102.85608838161,53764.68103521039,48882.247772772025,390.59466099506943,4882.433262438368,16,2024-02,bearish,0.47472032584869206,q1_low,"(70.0, 100.0]"
43,v17,43,short,Short1,2024-02-26 23:00:00,54554.53,0.017836449362605814,1,0,,,5468,54659.78,54659.79,54541.1,54554.56,378.3465,66.2297486400993,160.42250874788283,0.0029405884448134643,51453.68984425295,52698.696350156446,50208.68333834947,53943.70285605995,48963.67683244598,398.4020818891178,4980.026023613973,23,2024-02,bearish,0.1928711367115804,q2,"(60.0, 70.0]"
44,v17,44,long,TrendLong,2024-02-27 02:00:00,56355.159999999996,0.1724805248883987,0,1,breakout_up,,5480,55768.41,57073.84,55592.0,56355.13,4129.4685,85.56024956369014,187.8630427227635,0.0033335570820751106,51557.542629457304,52813.3634430308,50301.7218158838,54069.184256604305,49045.9010023103,401.8626603435207,5023.283254294009,2,2024-02,bullish,1.0411119626553853,q2,"(70.0, 100.0]"
45,v17,45,short,RevShort,2024-02-27 02:15:00,56356.770000000004,0.17241834189107708,0,-2,breakout_long_tp,rev_short,5481,56355.13,56567.99,56178.44,56356.8,1371.4175,85.56991614891017,190.3841296887289,0.003378192688171239,51567.69959764272,52826.1628792901,50309.23631599533,54084.626160937485,49050.77303434794,402.70825012716347,5033.8531265895435,2,2024-02,bullish,0.002963262640897868,q2,"(70.0, 100.0]"
46,v17,46,long,TrendLong,2024-02-28 15:15:00,61117.85,0.15085778271300723,0,1,breakout_up,,5629,61201.4,61360.0,60901.11,61117.82,1982.26752,77.89577060513076,282.7813861635021,0.004626823832451846,54191.61750576705,55617.23122452064,52766.00378701347,57042.84494327423,51340.3900682599,456.19639000114637,5702.454875014329,15,2024-02,bearish,0.13675225981555256,q4_high,"(70.0, 100.0]"
47,v17,47,short,RevShort,2024-02-28 16:30:00,61674.98,0.15080389114599901,0,-2,breakout_long_tp,rev_short,5634,61408.88,61793.53,61288.95,61675.01,1342.20895,78.80768983376686,291.7864966555617,0.00473103282278449,54318.61234320883,55749.62607722947,52887.59860918819,57180.63981125011,51456.584875167566,457.9243948866037,5724.054936082546,16,2024-02,bullish,0.4315037808668449,q4_high,"(70.0, 100.0]"
48,v17,48,short,Short1,2024-03-01 09:30:00,62057.94,0.015007805353881472,1,0,,,5798,62131.09,62185.99,62040.0,62057.97,393.70589,61.08334206837473,366.1809405402068,0.005900627115908026,59356.47816098074,60917.70547003462,57795.25085192686,62478.9327790885,56234.02354287298,499.59273889724165,6244.909236215521,9,2024-03,bearish,0.11782531719937882,q4_high,"(60.0, 70.0]"
49,v17,49,short,Short2,2024-03-01 09:30:00,62057.94,0.06002905739057654,2,0,,,5798,62131.09,62185.99,62040.0,62057.97,393.70589,61.08334206837473,366.1809405402068,0.005900627115908026,59356.47816098074,60917.70547003462,57795.25085192686,62478.9327790885,56234.02354287298,499.59273889724165,6244.909236215521,9,2024-03,bearish,0.11782531719937882,q4_high,"(60.0, 70.0]"
50,v17,50,short,Short1,2024-03-01 21:00:00,62721.73,0.014863778650099397,1,0,,,5844,62861.1,62884.36,62258.83,62721.76,1053.0811,63.02436428980751,335.5344189265517,0.005349569574044984,60262.175759638485,61792.90209690183,58731.44942237514,63323.62843416517,57200.723085111786,489.83242792427075,6122.905349053384,21,2024-03,bearish,0.22215575583337666,q4_high,"(60.0, 70.0]"
51,v17,51,short,Short1,2024-03-03 22:30:00,63072.090000000004,0.0295691639686733,1,0,,,6042,63145.17,63220.37,63001.46,63072.12,346.36383,64.76792832947953,184.0988010708877,0.002918861789819142,61914.67291245972,63475.265790962505,60354.08003395694,65035.85866946529,58793.48715545416,499.3897211208905,6242.371514011131,22,2024-03,bearish,0.11581979486339705,q2,"(60.0, 70.0]"
52,v17,53,short,Short1,2024-03-04 07:45:00,64066.590000000004,0.01453510738261844,1,0,,,6079,64123.14,64300.0,63856.82,64066.62,1100.29564,63.934154111585045,228.05068814525148,0.0035595866949942336,62073.49886372789,63599.90785734132,60547.08987011444,65126.316850954754,59020.68087650099,488.450877956301,6105.635974453762,7,2024-03,bearish,0.08822066779860838,q2,"(60.0, 70.0]"
53,v17,52,short,Short2,2024-03-04 11:00:00,65035.56,0.05718550262737584,2,0,,,6092,65068.18,65179.56,65008.54,65035.59,463.88046,62.87709205450518,257.4744715856743,0.003958978023966175,62173.63020695141,63698.669728692155,60648.59068521064,65223.70925043289,59123.55116346986,488.0126469570422,6100.158086963027,11,2024-03,bearish,0.05011102382557579,q3,"(60.0, 70.0]"
54,v17,54,short,Short1,2024-03-04 18:00:00,66691.06,0.01389308467755143,1,0,,,6120,66858.74,67080.0,66291.1,66691.09,1234.46845,60.504444481158465,319.119996112859,0.004785046939746509,62449.363129256264,63975.688105098234,60923.0381534143,65502.01308094021,59396.71317757234,488.42399226942973,6105.299903367872,18,2024-03,bearish,0.25138290587244677,q4_high,"(60.0, 70.0]"
55,v17,55,long,TrendLong,2024-03-04 22:45:00,67929.14,0.13640401659055829,0,1,breakout_up,,6139,67762.14,67929.12,67693.43,67929.11,519.56596,66.11732890547538,343.29624461375386,0.0050537427122739256,62706.72646111761,64234.7121183249,61178.740803910325,65762.69777553219,59650.75514670304,488.9554103063315,6111.942628829143,22,2024-03,bullish,0.24580036452708,q4_high,"(60.0, 70.0]"
56,v17,56,long,TrendLong,2024-03-05 03:45:00,68113.97,0.13614580972526014,0,1,breakout_up,,6159,68179.25,68223.3,68094.51,68113.94,431.05752,54.28805438001084,363.60134552700396,0.005338134096001552,63030.11488335132,64556.40854056229,61503.82122614036,66082.70219777327,59977.5275689294,488.4139703075093,6105.174628843866,3,2024-03,bearish,0.0958834564554593,q4_high,"(50.0, 60.0]"
57,v17,57,short,Short1,2024-03-05 13:15:00,67649.79000000001,0.01335488333508919,1,0,,,6197,67832.02,68025.94,67641.1,67649.82,1176.18559,60.48826801779241,387.0111028168769,0.005720800185674949,63662.00829516938,65220.31582375459,62103.700766584174,66778.6233523398,60545.39323799897,498.65840914726607,6233.230114340826,13,2024-03,bearish,0.2693281371628144,q4_high,"(60.0, 70.0]"
58,v17,58,short,Short1,2024-03-06 06:00:00,66305.11,0.013611294779134621,1,0,,,6264,66406.8,66524.0,66040.78,66305.14,1195.38291,72.94143324843331,584.2065189540557,0.008810878296223425,64422.30195479554,66127.0587627839,62717.5451468072,67831.81557077225,61012.78833881886,545.5221785562712,6819.027231953391,6,2024-03,bearish,0.15332144687425966,q4_high,"(70.0, 100.0]"
59,v17,59,short,Short1,2024-03-06 11:30:00,67046.73,0.01346242158226897,1,0,,,6286,67073.68,67133.88,66744.0,67046.76,637.29317,63.28686585396831,559.5424189313561,0.008345554937052233,64653.62480346345,66369.69594054506,62937.55366638184,68085.76707762666,61221.482529300236,549.142763866114,6864.284548326425,11,2024-03,bearish,0.04015108261756162,q4_high,"(60.0, 70.0]"
60,v17,60,short,Short1,2024-03-07 14:30:00,67195.99,0.02687083826003625,1,0,,,6394,67249.59,67899.0,66801.33,67196.02,2929.47904,63.05373863915721,403.59130667275105,0.00600617873904959,65972.13496255787,67646.75856937855,64297.511355737195,69321.38217619921,62622.88774891652,535.8795541826158,6698.494427282698,14,2024-03,bearish,0.07972198353413257,q4_high,"(60.0, 70.0]"
61,v17,61,short,Short1,2024-03-07 17:45:00,67592.89,0.026722807402121265,1,0,,,6407,67825.0,67825.01,67406.96,67592.92,649.38506,60.849068236664024,404.99143313981995,0.005991625056881993,66075.93700537115,67741.26462858517,64410.60938215713,69406.59225179917,62745.28175894311,532.9048394284852,6661.310492856064,17,2024-03,bearish,0.3433495697478401,q4_high,"(60.0, 70.0]"
62,v17,62,short,Short1,2024-03-08 14:00:00,67752.74,0.026668773274768735,1,0,,,6488,67770.95,68000.0,67550.85,67752.77,998.97014,61.917519056935646,280.6639905369818,0.004142472559232365,66250.10222419573,67878.76848145874,64621.43596693273,69507.43473872177,62992.76970966974,521.1732023241627,6514.665029052034,14,2024-03,bearish,0.02683285126201189,q3,"(60.0, 70.0]"
63,v17,63,short,Short1,2024-03-08 20:15:00,69008.38,0.013071656584829188,1,0,,,6513,69068.48,69320.0,68816.0,69008.41,1115.92685,61.478387337586504,380.01399575712276,0.00550677802541926,66299.92287876217,67932.03430351084,64667.811454013514,69564.14572825951,63035.70002926485,522.2756559195725,6528.445698994656,20,2024-03,bearish,0.08704736132884736,q4_high,"(60.0, 70.0]"
64,v17,64,short,Short1,2024-03-10 01:15:00,68887.97,0.026194980964552406,1,0,,,6629,68939.41,69216.0,68842.0,68888.0,1289.2454,71.01492148305138,197.36720367598446,0.002865044763616079,67405.12386544346,69102.26167695684,65707.98605393009,70799.39948847021,64010.84824241671,543.0840996842802,6788.551246053503,1,2024-03,bearish,0.07462838230171219,q1_low,"(70.0, 100.0]"
65,v17,66,short,Short1,2024-03-11 08:30:00,71208.08,0.01267339732531319,1,0,,,6754,71496.01,71628.51,71118.24,71208.11,914.73108,77.9840699559629,277.8636051108892,0.0039021342528384644,68386.09324253829,70076.15941782983,66696.02706724676,71766.22559312137,65005.96089195521,540.8211760932929,6760.264701166161,8,2024-03,bearish,0.40430788009960406,q3,"(70.0, 100.0]"
66,v17,67,short,Short2,2024-03-11 11:45:00,71487.17,0.0504740676826062,2,0,,,6767,72042.0,72226.3,71270.09,71487.2,2430.070826,61.073417361878995,286.429462755248,0.0040067237597115005,68504.47310923043,70199.20703333287,66809.73918512801,71893.9409574353,65115.00526102561,542.3148557127756,6778.935696409695,11,2024-03,bearish,0.7760829910809248,q3,"(60.0, 70.0]"
67,v17,65,short,Short3,2024-03-11 15:15:00,72421.07,0.04949027577285934,3,0,,,6781,72464.58,72493.89,72202.0,72421.1,742.33379,63.06055454913886,312.8888693827254,0.004320410341498891,68668.17136088728,70369.54317817734,66966.79954359721,72070.91499546739,65265.427726307156,544.4389815328188,6805.487269160236,15,2024-03,bearish,0.06003775142879068,q3,"(60.0, 70.0]"
68,v17,68,short,Short1,2024-03-13 02:00:00,71967.99,0.02498531217310259,1,0,,,6920,72005.38,72079.8,71870.0,71968.02,384.45815,63.888422940460934,363.1750125684056,0.005046338812272528,70373.80733431398,72103.14533194165,68644.4693366863,73832.48332956931,66915.13133905864,553.3881592408533,6917.351990510666,2,2024-03,bearish,0.05191194644510239,q4_high,"(60.0, 70.0]"
69,v17,69,short,Short1,2024-03-14 06:30:00,73512.57,0.012197128867852446,1,0,,,7034,73573.13,73600.0,73221.33,73512.6,537.21921,60.35562588448425,288.4993904884828,0.003924489005809654,71708.7160041075,73427.6261735805,69989.80583463452,75146.53634305349,68270.89566516154,550.0512542313559,6875.640677891948,6,2024-03,bearish,0.08233962613211726,q3,"(60.0, 70.0]"
70,v17,70,long,Long1,2024-03-14 19:45:00,69415.12,0.012969137780037412,1,0,,,7087,68990.01,69879.0,68952.9,69415.09,2361.86278,30.903591380698913,393.9011162109495,0.005674574738878096,72218.87401278861,73935.35091094095,70502.39711463626,75651.82780909329,68785.9202164839,549.2726074087515,6865.907592609394,19,2024-03,bullish,0.6123740529616857,q4_high,"(30.0, 40.0]"
71,v17,71,long,Long1,2024-03-15 05:45:00,67441.13,0.013340480749606152,1,0,,,7127,67340.0,67661.72,67126.81,67441.1,995.6658,34.15772976779421,503.187452375952,0.007461139459112498,72121.86897229608,73852.16012026678,70391.5778243254,75582.45126823749,68661.28667635472,553.6931673506217,6921.164591882771,5,2024-03,bullish,0.14990858690028158,q4_high,"(30.0, 40.0]"
72,v17,72,long,Long1,2024-03-16 11:30:00,68310.39,0.013171723218146964,1,0,,,7246,67919.7,68388.22,67725.53,68310.36,773.34638,37.09802725045691,419.5311164554816,0.006141544510312661,70947.96266858553,72675.26499708105,69220.66034009005,74402.56732557657,67493.35801159455,552.7367451185617,6909.209313982021,11,2024-03,bullish,0.5718898275459293,q4_high,"(30.0, 40.0]"
73,v17,73,long,Long2,2024-03-16 19:00:00,67512.78,0.053245180145166965,2,0,,,7276,67030.6,67699.0,67012.01,67512.75,1151.63635,43.07201985899625,406.4061016547607,0.006019694082299428,70543.90852199573,72252.5098926854,68835.30715130613,73961.11126337506,67126.70578061652,546.7524386206828,6834.405482758535,19,2024-03,bullish,0.7141613991431162,q4_high,"(40.0, 50.0]"
74,v17,74,long,Long3,2024-03-16 22:15:00,66504.19,0.05364198699658783,3,0,,,7289,66173.61,66510.0,66001.24,66504.16,712.48361,37.82161377439823,419.04479416151383,0.00630103130633503,70334.73034910408,72033.7961682651,68635.66452994308,73732.8619874261,66936.59871078207,543.7010621315229,6796.2632766440365,22,2024-03,bullish,0.49703657635853593,q4_high,"(30.0, 40.0]"
75,v17,75,long,Long1,2024-03-17 07:00:00,65168.0,0.013511086585357365,1,0,,,7324,64961.1,65473.19,64880.0,65167.97,1318.62368,33.425930048766716,414.6018742876152,0.006362049858045528,69626.06464482017,71302.44086687092,67949.68842276942,72978.81708892167,66273.31220071869,536.4403910562385,6705.5048882029805,7,2024-03,bullish,0.3174412215080547,q4_high,"(30.0, 40.0]"
76,v17,76,long,Long1,2024-03-19 03:45:00,65876.04,0.013368913218058626,1,0,,,7503,65236.0,66041.78,65233.36,65876.01,1311.02836,38.52363651145475,384.2220624916114,0.005832503554656868,67728.37169955285,69319.4891713699,66137.25422773582,70910.60664318694,64546.13675591877,509.15759098145355,6364.469887268169,3,2024-03,bullish,0.9715372864871367,q4_high,"(30.0, 40.0]"
77,v17,77,long,Long2,2024-03-19 06:45:00,64928.02,0.054176420132278566,2,0,,,7515,64768.58,64960.0,64607.37,64927.99,845.1004,36.866024676370444,397.9961636903204,0.006129808788017624,67634.70973452192,69221.97350084542,66047.44596819843,70809.23726716891,64460.18220187494,507.9244052235177,6349.055065293971,6,2024-03,bullish,0.24551815018452938,q4_high,"(30.0, 40.0]"
78,v17,78,long,Long1,2024-03-19 23:30:00,62054.22,0.013984829366611532,1,0,,,7582,61647.99,62200.0,61636.61,62054.19,918.78372,30.88919403299991,480.5201549128975,0.0077435569606645015,66717.82475987518,68237.51326794145,65198.13625180887,69757.20177600774,63678.44774374256,486.30032258121474,6078.754032265184,23,2024-03,bullish,0.6545891582824694,q4_high,"(30.0, 40.0]"
79,v17,79,short,TrendShort,2024-03-20 05:15:00,60983.92,0.14245713520839734,0,-1,breakout_down,,7605,61247.98,61457.09,60796.41,60983.95,1667.78161,34.94894139160543,517.5807566646122,0.008487163535071313,66416.14102970067,67921.03244409918,64911.24961530212,69425.9238584977,63406.35820090358,481.56525260752943,6019.5656575941175,5,2024-03,bearish,0.43294998110159494,q4_high,"(30.0, 40.0]"
80,v17,80,short,Short1,2024-03-20 20:45:00,67057.53,0.02468181824700143,1,0,,,7667,67470.02,67519.61,66901.11,67057.56,1097.51624,72.97605534108004,539.0249849458049,0.008038243338197885,65697.45518485535,67188.23801862836,64206.672351082336,68679.02085240137,62715.889517309326,477.0505068073637,5963.131335092046,20,2024-03,bearish,0.6150835192929871,q4_high,"(70.0, 100.0]"
81,v17,81,short,Short1,2024-03-22 06:15:00,66412.94,0.02492135428858238,1,0,,,7801,66543.0,66616.33,66373.72,66412.97,429.4852,62.587886366761076,380.780739116293,0.005733529747522103,65041.088268407904,66513.47305732303,63568.70347949279,67985.85784623816,62096.31869057767,471.1631324528391,5889.539155660488,6,2024-03,bearish,0.19579006931928936,q4_high,"(60.0, 70.0]"
82,v17,82,long,Long1,2024-03-22 16:45:00,63270.65,0.013187310247321875,1,0,,,7843,63139.93,63413.38,62766.63,63270.62,838.63021,38.10233103870704,409.4110851675824,0.006470793002622425,65020.82633533454,66492.67469088954,63548.97797977952,67964.52304644456,62077.12962422449,470.99147377760556,5887.39342222007,16,2024-03,bullish,0.20655716665966337,q4_high,"(30.0, 40.0]"
83,v17,83,long,Long1,2024-03-22 21:45:00,62974.03,0.013251426916657764,1,0,,,7863,62684.5,63029.95,62392.77,62974.0,706.80949,38.25737157171755,402.00845897412137,0.006383721201990049,65023.79414885727,66494.40286872018,63553.18542899438,67965.01158858307,62082.57670913149,470.5947903561266,5882.434879451583,21,2024-03,bullish,0.4597135325689968,q4_high,"(30.0, 40.0]"
84,v17,84,short,Short1,2024-03-24 23:15:00,67347.9,0.012453680499477671,1,0,,,8061,67547.12,67628.69,67300.77,67347.93,790.74787,72.23780765224278,290.3228498456738,0.004310790990096857,64842.789884654485,66340.43349482471,63345.14627448428,67838.07710499493,61847.50266431407,479.24595525446813,5990.574440680852,23,2024-03,bearish,0.29576261660900693,q3,"(70.0, 100.0]"
85,v17,85,short,Short1,2024-03-25 14:30:00,69102.77,0.012136506196967574,1,0,,,8122,69167.64,69336.64,68802.56,69102.8,1720.64636,80.75774059594637,293.95539140731603,0.004253885391146466,64986.68711281987,66470.01849636529,63503.35572927444,67953.34987991072,62020.024345729005,474.66604273453703,5933.325534181713,14,2024-03,bearish,0.09383121957431032,q3,"(70.0, 100.0]"
86,v17,86,long,TrendLong,2024-03-25 16:45:00,70154.45,0.11947149001214735,0,1,breakout_up,,8131,70062.85,70246.54,69947.2,70154.42,876.96387,80.02010609593408,312.4991106597597,0.004454446500445157,65051.094397610344,66537.82813853743,63564.360656683275,68024.56187946451,62077.626915756206,475.75479709666456,5946.934963708307,16,2024-03,bullish,0.13052634459809154,q3,"(70.0, 100.0]"
87,v17,87,short,RevShort,2024-03-25 17:00:00,70532.12,0.11942865977732829,0,-2,breakout_long_tp,rev_short,8132,70154.41,70688.0,70133.18,70532.15,1243.11134,82.49975169407264,315.5281217765128,0.004473536136024676,65060.80889498679,66547.97038395876,63573.64740601483,68035.13187293074,62086.485917042875,475.8916764710291,5948.645955887863,17,2024-03,bullish,0.5355571891683306,q4_high,"(70.0, 100.0]"
88,v17,88,short,Short1,2024-03-28 08:45:00,70578.07,0.02382954259443716,1,0,,,8387,70643.0,70865.58,70550.01,70578.1,598.23215,69.35359203026235,297.78483849053583,0.004219224355579646,69460.01953713979,71070.48840579078,67849.55066848874,72680.95727444177,66239.08179983769,515.3500379683263,6441.8754746040795,8,2024-03,bearish,0.0919548698533882,q3,"(60.0, 70.0]"
89,v17,89,long,Long1,2024-04-01 15:15:00,68816.03,0.024443132525923738,1,0,,,8797,68470.62,68882.35,68301.0,68816.0,1140.92953,35.13277521063475,203.6349603258352,0.0029591223018750755,70110.70552341315,71793.2082938051,68428.20275302118,73475.71106419705,66745.69998262922,538.4008865254268,6730.0110815678345,15,2024-04,bullish,0.501889095559179,q2,"(30.0, 40.0]"
90,v17,90,long,Long1,2024-04-02 05:30:00,66571.23,0.012618343634410879,1,0,,,8854,66428.1,66571.2,66358.86,66571.2,491.42013,26.32501865267831,280.87139078479055,0.004219112631059536,69981.91246205138,71689.53081457442,68274.29410952837,73397.14916709745,66566.67575700537,546.437872807366,6830.473410092076,5,2024-04,bullish,0.21495781959765076,q3,"(-0.001, 30.0]"
91,v17,91,long,Long2,2024-04-02 05:30:00,66571.23,0.050471555220782297,2,0,,,8854,66428.1,66571.2,66358.86,66571.2,491.42013,26.32501865267831,280.87139078479055,0.004219112631059536,69981.91246205138,71689.53081457442,68274.29410952837,73397.14916709745,66566.67575700537,546.437872807366,6830.473410092076,5,2024-04,bullish,0.21495781959765076,q3,"(-0.001, 30.0]"
92,v17,92,long,Long3,2024-04-02 10:45:00,65984.03,0.050688788229061275,3,0,,,8875,65947.28,66035.15,65454.55,65984.0,1174.02337,33.399986859056966,292.51361383283955,0.004433099142713984,69830.54681365678,71566.53406496142,68094.55956235217,73302.52131626607,66358.57231104754,555.5159204174823,6943.949005218528,10,2024-04,bullish,0.05564985451018606,q3,"(30.0, 40.0]"
93,v17,93,long,Long1,2024-04-03 00:30:00,65179.11,0.012627944936633502,1,0,,,8930,65099.99,65230.95,64493.07,65179.08,1741.48482,37.80245151086305,329.79823083499974,0.005059878581210409,69133.15109405205,70894.3594682002,67371.94271990393,72655.56784234835,65610.73434575582,563.5866797274025,7044.833496592531,0,2024-04,bullish,0.12134261483900015,q4_high,"(30.0, 40.0]"
94,v17,94,long,Long1,2024-04-04 04:30:00,65396.2,0.012588892137663989,1,0,,,9042,65299.25,65515.88,65200.0,65396.17,357.88769,34.8046352943346,262.60295891011657,0.004015570925791473,67550.02829837022,69236.82638752542,65863.23020921502,70923.62447668063,64176.43212005983,539.7753885296645,6747.192356620806,4,2024-04,bullish,0.1482043979028103,q3,"(30.0, 40.0]"
95,v17,95,short,Short1,2024-04-05 14:45:00,68139.36,0.012144977697168869,1,0,,,9179,68155.75,68566.66,68121.25,68139.39,1134.50895,65.26160146981402,320.9524972304309,0.00471023437736133,66477.24597484192,68053.62197035612,64900.86997932772,69629.99796587034,63324.49398381352,504.44031856454563,6305.50398205682,14,2024-04,bearish,0.0240096073651387,q4_high,"(60.0, 70.0]"
96,v17,96,short,Short1,2024-04-06 05:45:00,68038.71,0.024328043529709357,1,0,,,9239,68093.6,68108.62,67943.14,68038.74,196.46932,60.841938749689795,259.2387892526066,0.003810164462960463,66778.98048999633,68346.50240893682,65211.4585710559,69914.0243278773,63643.93665211546,501.6070140609471,6270.087675761839,5,2024-04,bearish,0.08063053489820737,q3,"(60.0, 70.0]"
97,v17,97,short,Short1,2024-04-06 17:45:00,68287.27,0.024237914115290925,1,0,,,9287,68413.29,68484.09,68180.01,68287.3,384.41582,62.1757830567521,208.94474761541582,0.0030597892670440304,67074.0305722106,68625.75453720815,65522.30660721304,70177.4785022057,63970.58264221548,496.551668799218,6206.895859990225,17,2024-04,bearish,0.18449989968850825,q2,"(60.0, 70.0]"
98,v17,98,short,Short1,2024-04-08 01:30:00,69704.94,0.023636437302416748,1,0,,,9414,69720.01,69739.6,69584.7,69704.97,153.43586,61.63003912698785,202.7214406086538,0.0029082781415536627,68197.61997822783,69785.69975513173,66609.54020132392,71373.77953203562,65021.46042442003,508.1855286092474,6352.319107615593,1,2024-04,bearish,0.021576653716361395,q2,"(60.0, 70.0]"
99,v17,99,short,Short1,2024-04-08 08:15:00,71271.97,0.011559329516558433,1,0,,,9441,71333.0,71485.0,71050.0,71272.0,1407.85313,83.07583455199868,209.65147721363263,0.0029415685993606556,68341.04401285079,69936.87735058513,66745.21067511648,71532.71068831945,65149.37733738216,510.6666680749832,6383.33335093729,8,2024-04,bearish,0.0855876080368167,q2,"(70.0, 100.0]"
100,v17,100,short,Short2,2024-04-08 08:15:00,71271.97,0.04623565157725049,2,0,,,9441,71333.0,71485.0,71050.0,71272.0,1407.85313,83.07583455199868,209.65147721363263,0.0029415685993606556,68341.04401285079,69936.87735058513,66745.21067511648,71532.71068831945,65149.37733738216,510.6666680749832,6383.33335093729,8,2024-04,bearish,0.0855876080368167,q2,"(70.0, 100.0]"
101,v17,101,short,Short3,2024-04-08 11:30:00,72316.8,0.04522706413275432,3,0,,,9454,72522.08,72522.09,72225.0,72316.83,568.84086,72.7741147049837,239.29327737498414,0.0033089569519983678,68456.03261196101,70060.1192082814,66851.94601564063,71664.20580460178,65247.85941932025,513.307710822522,6416.346385281526,11,2024-04,bearish,0.2838205159158663,q2,"(70.0, 100.0]"
102,v17,102,long,Long1,2024-04-10 12:45:00,67976.03,0.012617554972727672,1,0,,,9651,67959.99,68155.43,67808.09,67976.0,987.04547,22.920041846354337,266.2756235749991,0.003917200535115321,70134.88754755807,71775.46755591928,68494.30753919686,73416.04756428048,66853.72753083566,524.9856026755856,6562.320033444819,12,2024-04,bullish,0.023552430269499176,q3,"(-0.001, 30.0]"
103,v17,104,long,Long1,2024-04-12 17:30:00,68156.58,0.01258129867258839,1,0,,,9862,67872.0,68312.36,67545.94,68156.55,2037.87217,25.665443220141228,275.90242850512703,0.004048069165841391,69904.7521646251,71531.30177328919,68278.20255596102,73157.8513819533,66651.65294729694,520.4958747725084,6506.198434656355,17,2024-04,bullish,0.4174947235445498,q3,"(-0.001, 30.0]"
104,v17,103,long,Long2,2024-04-12 21:15:00,66895.29,0.05117732633018317,2,0,,,9877,66856.04,66990.0,66731.76,66895.26,457.89038,32.65209429406865,332.92962203100933,0.004976879109685938,69851.84178098851,71500.53196276008,68203.15159921696,73149.22214453167,66554.4614174454,527.5808581669012,6594.7607270862645,21,2024-04,bullish,0.05862896713459394,q4_high,"(30.0, 40.0]"
105,v17,105,short,TrendShort,2024-04-13 20:15:00,62097.42,0.13792466968326797,0,-1,breakout_down,,9969,62544.0,62768.15,61252.88,62097.45,4862.95765,10.734460158019075,380.23469781950087,0.006123193429351783,69330.44570361261,71003.28993566765,67657.6014715576,72676.13416772269,65984.75723950259,535.3101542576077,6691.376928220096,20,2024-04,bearish,0.719111654343299,q4_high,"(-0.001, 30.0]"
106,v17,106,long,RevLong,2024-04-13 20:30:00,62507.5,0.13606583265661878,0,2,breakout_short_tp,rev_long,9970,62096.23,62828.21,62065.44,62507.47,3259.79017,16.982783947716115,385.01638909675705,0.006159526038995932,69323.02962115224,71000.32918937194,67645.73005293254,72677.62875759165,65968.43048471287,536.7358618303027,6709.198272878784,20,2024-04,bullish,0.6579053671505148,q4_high,"(-0.001, 30.0]"
107,v17,108,long,Long1,2024-04-15 15:00:00,64509.229999999996,0.014041961169513803,1,0,,,10140,64235.25,64512.86,63810.0,64509.2,1506.69965,30.2175228253345,391.4587653196693,0.006068262593857454,66269.46912033179,67963.29924687448,64575.63899378906,69657.12937341716,62881.808867246335,542.0256404936663,6775.320506170829,15,2024-04,bullish,0.4246681093549402,q4_high,"(30.0, 40.0]"
108,v17,107,long,Long2,2024-04-15 19:15:00,63123.74,0.05727531094561728,2,0,,,10157,63021.87,63307.69,62597.0,63123.71,749.15845,32.150170599746005,426.3071347082596,0.0067535183643081115,65971.51805086326,67652.34163132633,64290.6944704002,69333.16521178938,62609.87088993714,537.8635457481794,6723.294321852241,19,2024-04,bullish,0.16133399003321652,q4_high,"(30.0, 40.0]"
109,v17,109,long,Long1,2024-04-16 16:00:00,61922.54,0.0145798305603744,1,0,,,10240,61762.19,62002.1,61700.0,61922.51,720.46696,39.46215007003103,419.69163534728955,0.0067776909454621516,64729.83775002558,66343.46095387946,63116.2145461717,67957.08415773333,61502.59134231781,516.3594252332416,6454.49281541552,16,2024-04,bullish,0.2589042336946608,q4_high,"(30.0, 40.0]"
110,v17,110,long,Long2,2024-04-16 16:00:00,61922.54,0.058317219919445724,2,0,,,10240,61762.19,62002.1,61700.0,61922.51,720.46696,39.46215007003103,419.69163534728955,0.0067776909454621516,64729.83775002558,66343.46095387946,63116.2145461717,67957.08415773333,61502.59134231781,516.3594252332416,6454.49281541552,16,2024-04,bullish,0.2589042336946608,q4_high,"(30.0, 40.0]"
111,v17,111,long,Long1,2024-04-17 17:15:00,60765.33,0.014800582504118552,1,0,,,10341,60357.25,60800.0,60357.24,60765.3,636.75823,39.95840962574909,404.7814195395831,0.006661390950749574,63943.76309637735,65502.4905096508,62385.035683103895,67061.21792292426,60826.308269830435,498.7927722475061,6234.909653093826,17,2024-04,bullish,0.671518119716356,q4_high,"(30.0, 40.0]"
112,v17,112,long,Long1,2024-04-19 02:30:00,60272.29,0.014922578972633025,1,0,,,10474,59679.01,60334.42,59600.01,60272.26,1552.35436,24.725307242159417,383.6693039545079,0.006365603412822215,62706.22130501509,64141.174380948185,61271.268229082,65576.12745688128,59836.31515314891,459.1849842985894,5739.812303732368,2,2024-04,bullish,0.9842836488958602,q4_high,"(-0.001, 30.0]"
113,v17,113,long,Long2,2024-04-19 02:30:00,60272.29,0.059688164067056244,2,0,,,10474,59679.01,60334.42,59600.01,60272.26,1552.35436,24.725307242159417,383.6693039545079,0.006365603412822215,62706.22130501509,64141.174380948185,61271.268229082,65576.12745688128,59836.31515314891,459.1849842985894,5739.812303732368,2,2024-04,bullish,0.9842836488958602,q4_high,"(-0.001, 30.0]"
114,v17,114,short,Short1,2024-04-20 16:00:00,64608.07,0.014485886787340977,1,0,,,10624,64808.35,64969.39,64456.54,64608.1,585.01985,68.4383081928068,300.55865528311193,0.004652027459143853,62926.946770885115,64384.30803055978,61469.58551121044,65841.66929023445,60012.224251535765,466.35560309589493,5829.445038698686,16,2024-04,bearish,0.30994565696870824,q4_high,"(60.0, 70.0]"
115,v17,115,short,Short1,2024-04-22 04:00:00,65596.86,0.02853185841857643,1,0,,,10768,65703.49,65878.17,65580.01,65596.89,613.42632,68.35019818567534,231.51778949663958,0.0035294019197653972,64209.748957815056,65738.80988682437,62680.68802880576,67267.87081583367,61151.62709979647,489.29949728297595,6116.243716037199,4,2024-04,bearish,0.16250770425245134,q2,"(60.0, 70.0]"
116,v17,116,short,Short1,2024-04-23 14:15:00,66733.43000000001,0.027961582814189947,1,0,,,10905,66801.05,66946.0,66720.0,66733.46,484.3323,65.25950874621161,205.7460269743653,0.0030831014452774555,65307.55863792227,66867.69242234602,63747.42485349855,68427.82620676977,62187.291069074825,499.24281101559524,6240.53513769494,14,2024-04,bearish,0.10128352403726182,q2,"(60.0, 70.0]"
117,v17,117,short,Short1,2024-04-24 05:00:00,66939.98,0.027882256071736982,1,0,,,10964,67008.0,67070.43,66881.82,66940.01,308.86858,62.092918296121525,188.1096947386531,0.002810123493238993,65745.40376745428,67263.23557419407,64227.571960714515,68781.06738093386,62709.740153974744,485.70617815672944,6071.327226959118,5,2024-04,bearish,0.10156855369457705,q1_low,"(60.0, 70.0]"
118,v17,118,long,Long1,2024-04-24 19:00:00,64246.45,0.01462642165360247,1,0,,,11020,64127.04,64303.58,63736.7,64246.42,1031.54726,29.277534833491856,227.349879677045,0.0035387167047914113,66011.97413273987,67516.33494962638,64507.61331585336,69020.69576651292,63003.25249896687,481.3954614036839,6017.443267546048,19,2024-04,bullish,0.18581580109832949,q2,"(-0.001, 30.0]"
119,v17,119,long,Long1,2024-04-25 10:30:00,63547.7,0.01478842844595614,1,0,,,11082,63447.45,63580.0,63337.25,63547.67,687.017,36.43829311516014,225.85372495971458,0.003554083492907208,65956.17298440954,67457.03141793728,64455.31455088181,68957.889851465,62954.45611735409,480.27469872887303,6003.433734110913,10,2024-04,bullish,0.15770837860774622,q2,"(30.0, 40.0]"
120,v17,120,long,Long1,2024-04-26 01:15:00,64152.79,0.029290343849010494,1,0,,,11141,64100.0,64162.5,63890.82,64152.76,444.96909,38.55934613358362,247.89058929612756,0.0038640674118483377,65617.96101975472,67120.57228840215,64115.34975110731,68623.1835570496,62612.7384824599,480.8356059671764,6010.445074589705,1,2024-04,bullish,0.08224120053447745,q3,"(30.0, 40.0]"
121,v17,121,long,Long1,2024-04-26 15:30:00,63568.78,0.014786395956988427,1,0,,,11198,63432.2,63568.75,63354.0,63568.75,545.8546,38.04449800178292,242.91992910047168,0.0038213733807959363,65217.83434269363,66708.75959403024,63726.90909135705,68199.68484536686,62235.98384002046,477.0960804277123,5963.701005346404,15,2024-04,bullish,0.21480680365746205,q3,"(30.0, 40.0]"
122,v17,122,long,Long1,2024-04-27 00:45:00,63182.02,0.014879890593348275,1,0,,,11235,63008.0,63187.76,62851.0,63181.99,706.52486,33.386893340602015,222.1474637600902,0.0035159934620623725,64923.046923772556,66410.73862018187,63435.355227363245,67898.43031659118,61947.663530953934,476.06134285098,5950.76678563725,0,2024-04,bullish,0.27537910724242454,q2,"(30.0, 40.0]"
123,v17,123,long,Long1,2024-04-29 03:15:00,62655.75,0.030016581407920594,1,0,,,11437,62550.0,62733.4,62517.77,62655.72,275.20293,28.93933398217601,163.50567671041097,0.00260958898422061,63694.861515859775,65183.97375033589,62205.74928138364,66673.08598481202,60716.637046907505,476.51591503236097,5956.448937904512,3,2024-04,bullish,0.16873160183938699,q1_low,"(-0.001, 30.0]"
124,v17,124,short,Short1,2024-04-30 01:00:00,64356.9,0.029231619578132,1,0,,,11524,64579.99,64614.0,64350.0,64356.93,338.12613,70.06749951897883,200.34417805626947,0.0031130163924268837,63264.90577893598,64743.75857267325,61786.05298519874,66222.61136641052,60307.2001914615,473.2328939959215,5915.4111749490185,1,2024-04,bearish,0.3465982606690494,q2,"(70.0, 100.0]"
125,v17,126,long,Long1,2024-04-30 12:15:00,61296.14,0.01545972681763394,1,0,,,11569,61151.79,61337.78,60881.92,61296.11,814.92261,24.641648204815695,228.17887685198502,0.0037225670087707853,63216.22961269334,64696.6058400179,61735.85338536883,66176.98206734245,60255.477158044305,473.720392743852,5921.50490929815,12,2024-04,bullish,0.23544724126865427,q3,"(-0.001, 30.0]"
126,v17,125,long,Long2,2024-04-30 16:30:00,60374.229999999996,0.06268649238598988,2,0,,,11586,60272.37,60538.66,60158.86,60374.2,826.05319,32.352029761422955,256.50441704968904,0.004248576661052056,63156.47783054523,64640.62856947322,61672.32709161725,66124.77930840121,60188.17635268927,474.92823645695523,5936.60295571194,16,2024-04,bullish,0.1686647607752889,q3,"(30.0, 40.0]"
127,v17,127,short,TrendShort,2024-05-01 07:45:00,57499.96,0.1638708950756807,0,-1,breakout_down,,11647,57714.53,57920.16,57355.6,57499.99,2025.42434,14.960104598907051,311.12607999343413,0.005410889288736122,62652.60645058594,64151.22216731233,61153.990733859566,65649.83788403872,59655.375017133185,479.5570293524425,5994.462866905531,7,2024-05,bearish,0.37311310836749867,q4_high,"(-0.001, 30.0]"
128,v17,128,long,RevLong,2024-05-01 08:00:00,57347.34,0.16468423009043784,0,2,breakout_short_tp,rev_long,11648,57500.0,57596.63,57000.0,57347.31,3553.79516,14.203756720522804,314.69487899351617,0.0054875264244044954,62640.07719682053,64139.87439113206,61140.280002509,65639.67158544359,59640.48280819747,479.9351021796896,5999.18877724612,8,2024-05,bearish,0.26625486007975324,q4_high,"(-0.001, 30.0]"
129,v17,129,short,Short1,2024-05-03 14:00:00,61587.97,0.01598502804015711,1,0,,,11864,61689.95,62115.64,61507.26,61588.0,1719.71729,79.6907704030774,280.9297471194623,0.004561436434361602,59205.447257283864,60618.559739112665,57792.33477545507,62031.672220941466,56379.22229362628,452.1959941852151,5652.449927315189,14,2024-05,bearish,0.16553549392738373,q4_high,"(70.0, 100.0]"
130,v17,130,short,Short2,2024-05-03 14:00:00,61587.97,0.06393780720313866,2,0,,,11864,61689.95,62115.64,61507.26,61588.0,1719.71729,79.6907704030774,280.9297471194623,0.004561436434361602,59205.447257283864,60618.559739112665,57792.33477545507,62031.672220941466,56379.22229362628,452.1959941852151,5652.449927315189,14,2024-05,bearish,0.16553549392738373,q4_high,"(70.0, 100.0]"
131,v17,131,short,Short1,2024-05-03 23:45:00,62881.98,0.015483623564122211,1,0,,,11903,62968.56,63000.0,62799.31,62882.01,274.8526,62.57185277676412,273.4464198501206,0.004348563601101819,59087.238592172645,60487.27338125529,57687.20380309,61887.308170337936,56287.16901400735,448.01113250644704,5600.139156330588,23,2024-05,bearish,0.13763873005967148,q3,"(60.0, 70.0]"
132,v17,132,long,TrendLong,2024-05-04 11:00:00,64185.27,0.1516657319780164,0,1,breakout_up,,11948,64420.9,64540.0,64181.81,64185.24,955.84372,70.38128825844625,256.5943358799953,0.003997715610006215,59382.613744280476,60780.82129342922,57984.40619513175,62179.02884257796,56586.19864598302,447.4264157275949,5592.830196594936,11,2024-05,bearish,0.3671560626711118,q3,"(70.0, 100.0]"
133,v17,133,short,Short1,2024-05-05 11:45:00,63859.6,0.015006603586742322,1,0,,,12047,63897.26,63937.17,63780.0,63859.63,129.37136,60.25638108211561,205.9424310264218,0.003224923649360665,61163.11430182619,62610.23498480995,59715.99361884242,64057.35566779371,58268.87293585865,463.07861855480473,5788.482731935059,11,2024-05,bearish,0.05892611654656417,q2,"(60.0, 70.0]"
134,v17,134,short,Short2,2024-05-05 11:45:00,63859.6,0.060024250577144916,2,0,,,12047,63897.26,63937.17,63780.0,63859.63,129.37136,60.25638108211561,205.9424310264218,0.003224923649360665,61163.11430182619,62610.23498480995,59715.99361884242,64057.35566779371,58268.87293585865,463.07861855480473,5788.482731935059,11,2024-05,bearish,0.05892611654656417,q2,"(60.0, 70.0]"
135,v17,135,long,Long1,2024-05-07 23:30:00,62484.04,0.030580279767399007,1,0,,,12286,62340.01,62516.12,62304.82,62484.01,155.28419,33.8846361382607,232.09446534945147,0.0037144617534862353,63747.43394698702,65220.85275774969,62274.01513622435,66694.27156851237,60800.59632546168,471.49401944405514,5893.6752430506895,23,2024-05,bullish,0.23045896062048513,q3,"(30.0, 40.0]"
136,v17,136,long,Long1,2024-05-08 21:15:00,61650.04,0.01549793388757838,1,0,,,12373,61504.34,61763.37,61382.0,61650.01,442.77661,36.62737577895171,242.131985705169,0.00392752548953632,63461.24793935361,64915.80969954128,62006.68617916595,66370.37145972894,60552.124418978274,465.459763260053,5818.247040750663,21,2024-05,bullish,0.23628544423594666,q3,"(30.0, 40.0]"
137,v17,137,long,Long1,2024-05-10 15:15:00,61200.04,0.03123089114090761,1,0,,,12541,60888.0,61326.01,60857.64,61200.01,967.43924,26.04075814909018,242.12566089288018,0.003956301002122061,62462.00195944107,63883.438725937754,61040.565192944385,65304.87549243443,59619.1284264477,454.8597652789386,5685.747065986732,15,2024-05,bullish,0.5098201781339611,q3,"(-0.001, 30.0]"
138,v17,138,short,Short1,2024-05-13 08:45:00,62767.15,0.03043518639847586,1,0,,,12803,62993.67,63055.53,62763.88,62767.18,450.1887,75.63854468014269,173.2768819820388,0.002760628755060189,61368.42428457534,62842.44962737772,59894.39894177299,64316.4749701801,58420.37359897064,471.6881096967566,5896.101371209457,8,2024-05,bearish,0.36084144611881236,q1_low,"(70.0, 100.0]"
139,v17,139,short,Short1,2024-05-15 13:00:00,63731.19,0.014994236586646215,1,0,,,13012,63757.57,63838.83,63535.89,63731.22,694.19884,78.90956266915471,203.93137424469802,0.0031998661604892864,61882.09068999321,63356.60728841296,60407.57409157346,64831.12388683271,58933.057493153705,471.84531149432064,5898.066393679008,13,2024-05,bearish,0.04134551323511231,q2,"(70.0, 100.0]"
140,v17,140,short,Short2,2024-05-15 16:15:00,64821.16,0.05886545539988917,2,0,,,13025,65042.54,65150.0,64758.01,64821.19,752.3899,71.01585636047513,232.4984082102287,0.003586765503845713,61960.329294445895,63450.86005042081,60469.798538470975,64941.39080639572,58979.26778249606,476.96984191197265,5962.123023899658,16,2024-05,bearish,0.34147784081100413,q2,"(70.0, 100.0]"
141,v17,141,short,Short1,2024-05-15 22:45:00,66116.27,0.01429097327988234,1,0,,,13051,66139.54,66169.0,66058.36,66116.3,199.15154,65.10911389452849,249.51225402840242,0.003773838736112009,62216.661679605684,63729.15125638828,60704.17210282308,65241.64083317087,59191.68252604048,483.99666457043145,6049.958307130393,22,2024-05,bearish,0.03515018233021311,q3,"(60.0, 70.0]"
142,v17,142,short,Short1,2024-05-16 07:45:00,66142.59,0.014279615689559612,1,0,,,13087,66160.6,66259.12,66112.87,66142.62,285.7977,62.211655318733776,215.44998917835665,0.0032573549275543767,62715.43733963182,64240.74999208847,61190.124687175165,65766.06264454512,59664.81203471851,488.10004878612875,6101.250609826609,7,2024-05,bearish,0.027183682775206785,q2,"(60.0, 70.0]"
143,v17,144,short,Short1,2024-05-17 10:00:00,66263.85,0.01425648959748812,1,0,,,13192,66344.43,66354.0,66182.77,66263.88,231.56484,60.91516811324278,210.40592720184256,0.003175273274095066,63894.25210047298,65412.62514838614,62375.87905255984,66930.9981962993,60857.5060046467,485.8793753322086,6073.492191652607,10,2024-05,bearish,0.12155943781135116,q2,"(60.0, 70.0]"
144,v17,143,short,Short2,2024-05-17 15:30:00,67197.98,0.05615193204923697,2,0,,,13214,67392.01,67451.2,67171.14,67198.01,1028.02882,68.59192485910272,225.02352484516186,0.0033486635221067094,64164.85853092828,65685.2568009204,62644.46026093616,67205.65507091251,61124.06199094404,486.5274463974778,6081.593079968472,15,2024-05,bearish,0.2886990254622124,q2,"(60.0, 70.0]"
145,v17,145,short,Short1,2024-05-18 11:15:00,67270.97,0.014034221247749527,1,0,,,13293,67301.23,67316.25,67238.29,67271.0,126.4604,61.427798461649104,171.22688520177104,0.002545329862820101,65452.86616686184,67004.36731144716,63901.365022276506,68555.86845603249,62349.863877691176,496.4803662673052,6206.004578341315,11,2024-05,bearish,0.04493764029075817,q1_low,"(60.0, 70.0]"
146,v17,147,short,Short1,2024-05-20 16:45:00,68190.03,0.027690587680337095,1,0,,,13507,68250.0,68250.0,68054.01,68190.06,744.11788,76.04422555047393,188.12451983646434,0.002758826137364659,66803.53989749365,68383.2631665071,65223.816628480214,69962.98643552055,63644.09335946677,505.5114460843022,6318.893076053777,16,2024-05,bearish,0.08790137448185606,q1_low,"(70.0, 100.0]"
147,v17,146,short,Short2,2024-05-20 20:00:00,69672.02,0.05396365637073434,2,0,,,13520,70000.0,70421.24,69672.04,69672.05,2038.61192,77.91309573750712,222.77477199211592,0.003197476922124667,66857.72702037946,68438.69333444352,65276.760706315385,70019.6596485076,63695.794392251315,505.90922050050284,6323.865256256286,20,2024-05,bearish,0.47070525411552705,q2,"(70.0, 100.0]"
148,v17,148,short,Short1,2024-05-21 02:45:00,71283.77,0.013125172895953954,1,0,,,13547,71301.8,71400.0,71180.0,71283.8,733.52092,67.3771002035308,275.5590030202257,0.0038656609639248427,67059.44097279961,68673.17874144587,65445.70320415335,70286.91651009212,63831.965435507096,516.3960859668022,6454.9510745850275,2,2024-05,bearish,0.025251179089779162,q3,"(60.0, 70.0]"
149,v17,149,short,Short1,2024-05-21 23:30:00,70317.39,0.013303433045266566,1,0,,,13630,70328.0,70362.8,70242.53,70317.42,160.11932,62.2595187420649,254.0033304137635,0.0036122390499219613,68049.69334570147,69718.10827585295,66381.27841554994,71386.52320600444,64712.86348539842,533.8927776484815,6673.659720606018,23,2024-05,bearish,0.015046058288261638,q3,"(60.0, 70.0]"
150,v17,150,short,Short1,2024-05-22 15:45:00,70455.87,0.013280265418625248,1,0,,,13695,70500.5,70591.0,70350.47,70455.9,364.94941,63.329722626299144,237.4291254441911,0.003369896991510876,68698.9536637175,70376.97586133215,67020.93146610292,72054.99805894679,65342.909268488336,536.9671032366762,6712.088790458452,15,2024-05,bearish,0.0633020087742912,q2,"(60.0, 70.0]"
151,v17,151,long,Long1,2024-05-23 17:00:00,67981.13,0.013810018763063247,1,0,,,13796,67822.78,68029.71,67790.0,67981.1,340.53557,35.77946316220526,240.0409609685071,0.0035309955409445724,69660.2121387781,71325.50340843118,67994.920869125,72990.79467808426,66329.6295994719,532.8932062889892,6661.165078612365,17,2024-05,bullish,0.23288825864836987,q2,"(30.0, 40.0]"
152,v17,152,short,Short1,2024-05-27 16:15:00,70448.65,0.026658672193765658,1,0,,,14177,70568.0,70687.56,70381.52,70448.68,506.35495,80.55125830007087,159.3492152896617,0.0022619191060735517,68763.88219675285,70476.48121808676,67051.28317541891,72189.08023942068,65338.68415408498,548.0316868268565,6850.396085335706,16,2024-05,bearish,0.16937151980705245,q1_low,"(70.0, 100.0]"
153,v17,153,long,Long1,2024-05-29 16:15:00,67350.04,0.028116283127276192,1,0,,,14369,67196.17,67520.85,67193.34,67350.01,304.89137,37.20869161824173,222.76013260517792,0.0033074996218289787,68705.23579315726,70363.01491790736,67047.45666840715,72020.79404265746,65389.67754365704,530.4893199200341,6631.116499000425,16,2024-05,bullish,0.22841867432535867,q2,"(30.0, 40.0]"
154,v17,154,long,Long1,2024-05-31 16:15:00,67000.04,0.028247140422294995,1,0,,,14561,66825.01,67040.66,66670.0,67000.01,703.43228,31.170695001518283,207.7730090643709,0.0031010892246787864,68161.81084587546,69741.01920596023,66582.60248579073,71320.227566045,65003.39412570599,505.3466752271203,6316.833440339004,16,2024-05,bullish,0.2611939908665685,q2,"(30.0, 40.0]"
155,v17,155,short,Short1,2024-06-03 13:00:00,69555.77,0.013694577807229751,1,0,,,14836,69746.23,69760.0,69555.79,69555.8,300.57404,63.727481111498385,154.8726906904702,0.002226596354156953,67893.51274700268,69535.58015790713,66251.44533609822,71177.64756881159,64609.377925193745,525.4615714894276,6568.269643617845,13,2024-06,bearish,0.27378018799293946,q1_low,"(60.0, 70.0]"
156,v17,156,short,Short1,2024-06-04 13:45:00,69527.96,0.02739579169532265,1,0,,,14935,69547.99,69830.75,69512.22,69527.99,950.48847,70.72737617741157,174.05730014467005,0.0025034133756012514,68296.770370982,69957.32187195506,66636.21887000898,71617.87337292812,64975.667369035946,531.3764803113742,6642.206003892177,13,2024-06,bearish,0.02876539362061236,q1_low,"(70.0, 100.0]"
157,v17,157,short,Short1,2024-06-05 16:30:00,71516.71,0.013268973836848977,1,0,,,15042,71646.29,71697.95,71458.22,71516.74,304.32748,62.12331663782454,212.75804524372384,0.00297494048587399,69225.45046426875,70900.92405825,67549.9768702875,72576.39765223124,65874.50327630625,536.1515500739997,6701.894375924996,16,2024-06,bearish,0.18114640012951982,q2,"(60.0, 70.0]"
158,v17,158,long,Long1,2024-06-07 18:15:00,69041.04,0.013746687809702472,1,0,,,15241,68649.99,69395.04,68528.02,69041.01,2400.82512,24.105966065559315,216.27620183462327,0.003132575868090911,70843.27905836038,72495.18331778026,69191.37479894052,74147.08757720016,67539.47053952067,528.6093630143592,6607.617037679491,18,2024-06,bullish,0.5663590379109309,q2,"(-0.001, 30.0]"
159,v17,159,long,Long1,2024-06-09 03:00:00,69196.04,0.027437256219018966,1,0,,,15372,69174.92,69210.0,69174.92,69196.01,50.74213,35.55671001926558,97.33228891978113,0.0014066170711256494,70440.6399728176,72155.69151262005,68725.58843301519,73870.74305242249,67010.53689321279,548.8164927367761,6860.206159209702,3,2024-06,bullish,0.030478635979150404,q1_low,"(30.0, 40.0]"
160,v17,160,long,Long1,2024-06-11 02:45:00,68268.65,0.02782179695275524,1,0,,,15563,68084.5,68333.0,68053.87,68268.62,688.39217,23.134394760067053,141.24217256509726,0.0020689179386531803,69508.35998941866,71310.5905818691,67706.12939696824,73112.82117431954,65903.89880451783,576.7137895841373,7208.922369801716,2,2024-06,bullish,0.26969931426766114,q1_low,"(-0.001, 30.0]"
161,v17,161,long,Long1,2024-06-13 16:00:00,66708.17,0.028397360425223995,1,0,,,15808,66470.01,66824.0,66251.78,66708.14,919.30402,34.81180694020712,250.21571307929446,0.003750902259893537,68207.47650798404,69944.00214750745,66470.95086846061,71680.52778703086,64734.42522893718,555.6882046474947,6946.102558093684,16,2024-06,bullish,0.35697292714203194,q3,"(30.0, 40.0]"
162,v17,162,long,Long1,2024-06-14 16:45:00,65293.43,0.014512138071957417,1,0,,,15907,65288.46,65592.0,65200.87,65293.4,813.23454,20.230461620529667,215.01040257707294,0.0032929883047455475,67531.27699007328,69168.94934607268,65893.60463407385,70806.6217020721,64255.932278074426,524.0551539198135,6550.689423997668,16,2024-06,bullish,0.007565848921946672,q2,"(-0.001, 30.0]"
163,v17,163,long,Long1,2024-06-18 01:45:00,65134.02,0.029101938550310305,1,0,,,16231,64641.71,65182.95,64600.0,65133.99,1368.47504,32.4945816425797,219.04376222146493,0.003362971656142437,66264.66826737409,67897.65237202754,64631.68416272062,69530.63647668099,62998.70005806716,522.5549134891061,6531.936418613826,1,2024-06,bullish,0.7557958601952665,q2,"(30.0, 40.0]"
164,v17,164,long,Long1,2024-06-18 14:00:00,64867.27,0.029233302555752644,1,0,,,16280,64844.01,64875.88,64359.92,64867.24,1809.13279,34.26556329151333,222.95041174668793,0.0034370263286473716,66204.08416206403,67855.5546842612,64552.61363986683,69507.02520645836,62901.14311766964,528.4705671030976,6605.88208878872,14,2024-06,bullish,0.035811605365043936,q2,"(30.0, 40.0]"
165,v17,165,long,Long1,2024-06-21 09:00:00,63694.049999999996,0.029746073408631342,1,0,,,16548,63639.64,63812.0,63564.37,63694.02,494.62051,23.75537547681695,174.70670701564254,0.002742905959078145,65206.64637952138,66742.34494931367,63670.947809729085,68278.04351910597,62135.24923993679,491.423542333534,6142.794279169175,9,2024-06,bullish,0.08537693177475277,q1_low,"(-0.001, 30.0]"
166,v17,166,long,Long1,2024-06-24 00:15:00,63108.24,0.03002093648556835,1,0,,,16801,63102.59,63210.35,63064.0,63108.21,261.1209,17.58978951610814,90.9046349027262,0.0014404565571219054,64356.482927247096,65945.5784692842,62767.38738521,67534.6740113213,61178.291843172905,508.5105734518718,6356.382168148397,0,2024-06,bullish,0.008905338940848773,q1_low,"(-0.001, 30.0]"
167,v17,167,long,Long2,2024-06-24 09:45:00,61402.31,0.061371931199853264,2,0,,,16839,61085.1,61497.71,61050.01,61402.28,950.09756,30.866254061972512,162.91976079772272,0.0026533177725277094,64145.61235641279,65746.10936040244,62545.115352423134,67346.60636439208,60944.61834843348,512.1590412766876,6401.9880159585955,9,2024-06,bullish,0.5165606228302927,q1_low,"(30.0, 40.0]"
168,v17,168,long,Long3,2024-06-24 17:00:00,60211.38,0.06185372222287419,3,0,,,16868,60168.01,60488.91,59859.0,60211.35,1689.21327,28.03573303978328,207.60402518782413,0.0034479217819866877,63914.5503329556,65539.66864970422,62289.43201620696,67164.78696645286,60664.31369945833,520.0378613595618,6500.473266994522,17,2024-06,bullish,0.07197978454227734,q2,"(-0.001, 30.0]"
169,v17,169,long,Long1,2024-06-26 19:15:00,60819.119999999995,0.029955966452997383,1,0,,,17069,60806.64,60874.86,60715.3,60819.09,263.45557,36.45515655596714,205.40802359182163,0.0033773610159543925,61915.182610056916,63522.60352444033,60307.761695673515,65130.02443882374,58700.340781290106,514.3746926026907,6429.683657533635,19,2024-06,bullish,0.020470546336679964,q2,"(30.0, 40.0]"
170,v17,170,long,Long1,2024-06-28 19:30:00,60446.32,0.030154450350676536,1,0,,,17262,60446.01,60477.75,60216.76,60446.29,475.98656,28.850460272020584,183.76336722063274,0.0030401099425726996,61446.8887083584,62899.5868988821,59994.19051783469,64352.285089405814,58541.49232731098,464.8634209675866,5810.792762094832,19,2024-06,bullish,0.00046322115054345904,q2,"(-0.001, 30.0]"
171,v17,171,short,Short1,2024-07-01 01:15:00,63487.97,0.014471326762728977,1,0,,,17477,63644.0,63650.0,63410.0,63488.0,471.96011,72.98917767764695,140.49323426826697,0.0022129100659694268,61222.86436488397,62684.51511707806,59761.2136126899,64146.165869272154,58299.562860495826,467.7282407021063,5846.603008776328,1,2024-07,bearish,0.24571572580645162,q1_low,"(70.0, 100.0]"
172,v17,173,long,Long1,2024-07-03 03:15:00,60996.03,0.030129973833730055,1,0,,,17677,60814.86,61041.34,60600.0,60996.0,650.56988,26.887987029850308,162.0216727087792,0.002656267176680097,62313.21877452618,63804.89866259547,60821.5388864569,65296.578550664766,59329.85899838762,477.3375641821715,5966.7195522771435,3,2024-07,bullish,0.29697029313397505,q1_low,"(-0.001, 30.0]"
173,v17,172,long,Long2,2024-07-03 20:00:00,59742.03,0.061267409310439225,2,0,,,17744,59671.11,59871.1,59671.1,59742.0,341.13295,31.28449677775943,186.1464051249842,0.0031158381896318203,62292.80115623364,63801.41473325895,60784.187579208345,65310.02831028425,59275.57400218304,482.75634464809673,6034.454308101209,20,2024-07,bullish,0.11866023902781864,q2,"(30.0, 40.0]"
174,v17,174,long,Long1,2024-07-04 04:30:00,58940.01,0.015464719795664893,1,0,,,17778,58804.23,58973.95,58736.0,58939.98,192.1923,37.00093522091053,213.52923867222432,0.003622825095499257,62109.64628622881,63626.55216221744,60592.74041024017,65143.45803820608,59075.83453425153,485.409880316364,6067.62350395455,4,2024-07,bullish,0.2303190465962153,q3,"(30.0, 40.0]"
175,v17,175,long,Long1,2024-07-04 11:45:00,57761.97,0.015745485894703228,1,0,,,17807,57716.0,57848.5,57691.81,57761.94,250.15689,38.71533764137228,240.18414416388072,0.004158173083588964,61760.895504791064,63284.700919061084,60237.090090521044,64808.5063333311,58713.28467625102,487.6177325664059,6095.221657080074,11,2024-07,bullish,0.07953333977356426,q3,"(30.0, 40.0]"
176,v17,176,long,Long1,2024-07-05 00:15:00,57050.03,0.01593404781359861,1,0,,,17857,56884.01,57294.02,56884.0,57050.0,699.62709,30.523222853076177,274.49125346824883,0.004811415485858875,60950.49941825317,62460.061965575434,59440.936870930906,63969.6245128977,57931.374323608645,483.06001514312464,6038.250189289058,0,2024-07,bullish,0.2909553023663417,q4_high,"(30.0, 40.0]"
177,v17,177,short,TrendShort,2024-07-05 03:00:00,55366.75,0.16421709794085815,0,-1,breakout_down,,17868,55766.32,55992.58,55000.0,55366.78,3839.14832,21.613817863368055,315.1809464612976,0.0056926002642974285,60755.104409717744,62262.90197934885,59247.30684008663,63770.69954897995,57739.50927045553,482.4952222819539,6031.190278524424,3,2024-07,bearish,0.7216240496557699,q4_high,"(-0.001, 30.0]"
178,v17,178,long,RevLong,2024-07-05 03:45:00,55228.02,0.1649831094399334,0,2,breakout_short_tp,rev_long,17871,55352.0,55371.1,55154.66,55227.99,902.08498,21.864190745737957,313.7090889693978,0.005680255409791263,60698.24014404479,62207.17090911126,59189.3093789783,63716.10167417773,57680.378613911824,482.8578448212723,6035.723060265904,3,2024-07,bearish,0.22454193969398856,q4_high,"(-0.001, 30.0]"
179,v17,179,long,Long1,2024-07-08 01:15:00,54794.03,0.01735354528011241,1,0,,,18149,54590.0,54843.38,54276.0,54794.0,1011.46704,26.272863288731315,234.6386219839641,0.0042821955320649,56831.950323195924,58211.123318534395,55452.777327857475,59590.29631387287,54073.60433251902,441.3353585083078,5516.691981353848,1,2024-07,bullish,0.3723035368836004,q3,"(-0.001, 30.0]"
180,v17,180,short,Short1,2024-07-10 04:30:00,59130.81,0.016170964997763618,1,0,,,18354,59260.01,59310.0,58976.44,59130.84,420.79747,75.61704665188569,270.7641121392826,0.004579067575215955,57023.832969831325,58376.15612014597,55671.50981951668,59728.479270460615,54319.18666920203,432.7434081006871,5409.292601258589,4,2024-07,bearish,0.21844776769618957,q4_high,"(70.0, 100.0]"
181,v17,181,short,Short1,2024-07-11 12:45:00,58816.32,0.01626113766661962,1,0,,,18483,58922.01,59212.0,58670.99,58816.35,721.89552,66.95324051424437,236.10216284925673,0.004014226704806686,57436.379018633794,58793.068047442204,56079.68998982538,60149.757076250615,54723.00096101697,434.14048921869136,5426.756115233642,12,2024-07,bearish,0.17964392554111824,q3,"(60.0, 70.0]"
182,v17,182,short,Short1,2024-07-13 12:45:00,58767.98,0.032556448110425455,1,0,,,18675,58774.0,58899.46,58670.0,58768.01,385.529,66.82499689157763,174.8522974005338,0.0029752972305942265,57796.010377492516,59128.81535365495,56463.20540133008,60461.620329817386,55130.40042516764,426.49759237197986,5331.219904649748,12,2024-07,bearish,0.01019262010062611,q2,"(60.0, 70.0]"
183,v17,183,short,Short1,2024-07-14 01:45:00,59705.96,0.016019747110157825,1,0,,,18727,59724.01,59753.01,59620.98,59705.99,139.75526,64.94372115959328,181.39936511379074,0.003038210489664282,57861.65164491598,59207.07281604373,56516.23047378822,60552.49398717148,55170.80930266046,430.5347747608816,5381.684684511019,1,2024-07,bearish,0.0301812263727711,q2,"(60.0, 70.0]"
184,v17,184,short,Short2,2024-07-14 22:00:00,60837.97,0.06276517493882558,2,0,,,18808,61276.36,61380.84,60764.9,60838.0,666.86683,65.76305025614124,185.93216773991065,0.0030561847486753452,58328.632599838005,59692.644241507514,56964.62095816852,61056.655883177016,55600.60931649903,436.48372533423884,5456.0465666779855,22,2024-07,bearish,0.7205365067885213,q2,"(60.0, 70.0]"
185,v17,185,short,Short1,2024-07-15 05:45:00,62799.96,0.015017670659385519,1,0,,,18839,62805.4,62968.15,62689.32,62799.99,327.32118,75.6571395420868,214.77845421873033,0.0034200396245083853,58639.22483789557,60018.76535169961,57259.68432409155,61398.30586550364,55880.14381028752,441.4529644172895,5518.1620552161185,5,2024-07,bearish,0.008614651053293947,q2,"(70.0, 100.0]"
186,v17,186,short,Short1,2024-07-15 16:45:00,63411.74,0.014867839772758447,1,0,,,18883,63454.0,63606.96,63369.16,63411.77,916.70974,66.55662119667501,219.88172938418552,0.003467522344577127,59367.14944004734,60763.64026946685,57970.658610627856,62160.13109888636,56574.167781208365,446.8770654142398,5585.963317677997,16,2024-07,bearish,0.06659646939362078,q2,"(60.0, 70.0]"
187,v17,187,short,Short1,2024-07-15 22:45:00,64343.57,0.014655027797075533,1,0,,,18907,64418.0,64639.99,64263.99,64343.6,426.81439,68.39983615278064,249.3842015722889,0.0038758198417913965,59801.08641417453,61200.17050095282,58402.00232739625,62599.25458773112,57002.91824061797,447.7069077690522,5596.336347113152,22,2024-07,bearish,0.11562921564848945,q3,"(60.0, 70.0]"
188,v17,188,long,TrendLong,2024-07-15 23:15:00,64514.03,0.14611393715139742,0,1,breakout_up,,18909,64536.61,64746.36,64484.42,64514.0,425.5922,70.43424223703207,250.53390500197736,0.003883403679852084,59838.605813679664,61238.888005797606,58438.32362156173,62639.17019791555,57038.041429443794,448.0903014777403,5601.128768471754,23,2024-07,bearish,0.03504665653966671,q3,"(70.0, 100.0]"
189,v17,189,short,Short1,2024-07-16 16:00:00,64741.98,0.014560183831053883,1,0,,,18976,64878.24,65200.0,64448.88,64742.01,1698.3817,68.26782856431612,293.2709243308746,0.004529839656366471,61165.29954507105,62608.19636589647,59722.40272424562,64051.093186721875,58279.50590342019,461.7269826641347,5771.587283301684,16,2024-07,bearish,0.2104197877081603,q4_high,"(60.0, 70.0]"
190,v17,190,short,Short1,2024-07-16 23:30:00,65190.380000000005,0.014461762619249965,1,0,,,19006,65227.9,65388.97,65000.36,65190.41,519.77345,63.01720257109802,293.86939724216217,0.004507862387154217,61739.2356505782,63204.695814604835,60273.77548655156,64670.15597863147,58808.31532252491,468.94725248852455,5861.840656106557,23,2024-07,bearish,0.05750845868280006,q4_high,"(60.0, 70.0]"
191,v17,191,short,Short1,2024-07-18 03:45:00,64865.05,0.02903314750545631,1,0,,,19119,64891.66,64959.99,64816.51,64865.08,166.29773,62.510302584772475,254.0689804200158,0.0039168837904773384,63768.92384585643,65254.43206085269,62283.41563086018,66739.94027584895,60797.907415863934,475.36262879880087,5942.032859985011,3,2024-07,bearish,0.04097736409174512,q3,"(60.0, 70.0]"
192,v17,192,short,Short1,2024-07-19 15:00:00,65589.99,0.02872534953100137,1,0,,,19260,65747.04,65849.65,65546.67,65590.02,781.23912,73.15009266588282,228.88755226403399,0.003489670414249515,64461.69324517328,65929.13137717756,62994.25511316903,67396.56950918185,61526.816981164775,469.5802022413659,5869.752528017074,15,2024-07,bearish,0.23939617643048364,q2,"(70.0, 100.0]"
193,v17,193,short,Short2,2024-07-19 21:15:00,67113.67,0.055881489916682396,2,0,,,19285,67197.65,67352.44,67088.68,67113.7,387.06526,68.51153049140879,244.22394849584447,0.0036389581932726772,64579.114370427116,66051.237203523,63106.99153733124,67523.36003661888,61634.86870423537,471.0793065906805,5888.491332383506,21,2024-07,bearish,0.12508623425619075,q3,"(60.0, 70.0]"
194,v17,194,short,Short1,2024-07-20 20:15:00,67317.95,0.013945140731726277,1,0,,,19377,67370.0,67400.0,67317.97,67317.98,63.89618,60.04057104638343,174.9435716410377,0.0025987644258047807,65057.23091840382,66555.91120087357,63558.55063593407,68054.59148334332,62059.87035346433,479.57769039031933,5994.721129878992,20,2024-07,bearish,0.07727504598326343,q1_low,"(60.0, 70.0]"
195,v17,195,short,Short1,2024-07-21 14:45:00,67290.73,0.013952263143695288,1,0,,,19451,67375.92,67392.68,67239.99,67290.76,268.16278,63.7331362114298,151.74174313783436,0.002255016039911488,65641.13377403414,67169.59594881907,64112.671599249166,68698.05812360402,62584.20942446419,489.1078959311859,6113.848699139824,14,2024-07,bearish,0.12655526553720525,q1_low,"(60.0, 70.0]"
196,v17,196,short,Short1,2024-07-21 22:15:00,68041.98,0.013796667010322318,1,0,,,19481,68078.0,68144.01,68016.0,68042.01,108.69992,61.245122075640424,219.1210973156794,0.0032203795466312565,65899.45283545447,67445.69356446475,64353.21210644425,68991.934293475,62806.97137743401,494.7970332832792,6184.9629160409895,22,2024-07,bearish,0.05289379311399714,q2,"(60.0, 70.0]"
197,v17,197,long,Long1,2024-07-23 17:00:00,65946.04,0.028473235635309718,1,0,,,19652,65858.0,66037.9,65744.94,65946.01,790.33436,37.45544948970423,247.34419852477527,0.003750707564032688,67204.15580490298,68789.46313973758,65618.84847006836,70374.77047457217,64033.541135233754,507.2983471470734,6341.229339338417,17,2024-07,bullish,0.133457657256284,q3,"(30.0, 40.0]"
198,v17,198,long,Long1,2024-07-24 20:00:00,65800.04,0.02854941456972165,1,0,,,19760,65652.01,65887.28,65648.0,65800.01,211.37327,39.18128251124799,223.310054742708,0.003393769313146123,66939.51103426932,68501.5723296674,65377.44973887125,70063.63362506547,63815.38844347317,499.8596145273838,6248.245181592298,20,2024-07,bullish,0.22492397797507935,q2,"(30.0, 40.0]"
199,v17,199,long,Long2,2024-07-25 03:45:00,64093.619999999995,0.058310757088022115,2,0,,,19791,63992.0,64150.0,63861.0,64093.59,359.71281,32.09234238793242,246.37606472093012,0.003844004754936182,66795.26279634063,68354.55247025215,65235.97312242907,69913.84214416366,63676.68344851752,498.9726956516912,6237.15869564614,3,2024-07,bullish,0.1585025897285462,q3,"(30.0, 40.0]"
200,v17,200,short,Short1,2024-07-29 00:30:00,68695.73,0.02808317805400633,1,0,,,20162,68844.0,68876.5,68694.0,68695.76,239.38327,68.39683804903916,193.9060724370119,0.0028226789024098707,67475.0918092616,69097.31491031985,65852.86870820333,70719.5380113781,64230.64560714506,519.1113923386432,6488.89240423304,0,2024-07,bearish,0.21579206635170098,q1_low,"(60.0, 70.0]"
201,v17,201,long,Long1,2024-07-29 23:15:00,67012.77,0.02894937584274286,1,0,,,20253,66728.0,67034.78,66600.0,67012.74,389.48409,39.88231786256529,241.92987463336723,0.003610207173044517,68187.04122761815,69829.73130671482,66544.35114852147,71472.4213858115,64901.66106942479,525.6608253109368,6570.76031638671,23,2024-07,bullish,0.4249042793952392,q3,"(30.0, 40.0]"
202,v17,204,long,Long1,2024-07-31 21:00:00,64960.03,0.014892749322108602,1,0,,,20436,64595.81,64976.01,64530.0,64960.0,572.19932,33.23592021341726,248.77062943681548,0.003829597128029795,67295.90556712593,68910.06793377412,65681.7432004778,70524.23030042229,64067.58083382965,516.5319573274115,6456.649466592644,21,2024-07,bullish,0.5606373152709395,q3,"(30.0, 40.0]"
203,v17,202,long,Long2,2024-08-01 02:30:00,64038.02,0.06034074444258729,2,0,,,20458,64016.0,64166.66,63950.0,64037.99,265.88425,26.551445070849,256.1191219239276,0.003999487209450634,67123.64737107247,68716.21209112438,65531.082651020566,70308.77681117631,63938.51793096866,509.62071041661255,6370.258880207657,2,2024-08,bullish,0.03433899158920816,q3,"(-0.001, 30.0]"
204,v17,203,long,Long3,2024-08-01 17:15:00,62684.04,0.06155539935820802,3,0,,,20517,62652.35,62756.0,62511.0,62684.01,517.65897,25.86270033287994,249.1672402396402,0.003974972887657318,66289.06993956729,67824.06936297458,64754.070516159976,69359.06878638189,63219.07109275266,491.1998154903384,6139.99769362923,17,2024-08,bullish,0.05050729843225328,q3,"(-0.001, 30.0]"
205,v17,205,long,Long1,2024-08-02 15:15:00,62856.02,0.015404158369090995,1,0,,,20605,62608.68,63009.62,62432.9,62855.99,1107.71749,32.28930247200721,316.2536135912865,0.005031399769398056,65305.31855478545,66817.0926666199,63793.544442950995,68328.86677845434,62281.77033111653,483.7677157870244,6047.096447337804,15,2024-08,bullish,0.3934549435940754,q4_high,"(30.0, 40.0]"
206,v17,207,long,Long1,2024-08-02 21:30:00,62065.88,0.015602463758269501,1,0,,,20630,61660.87,62190.0,61286.54,62065.85,923.61189,37.829051249606984,347.16765419652427,0.00559353741544705,65080.834351693025,66598.81515657726,63562.85354680878,68116.7959614615,62044.87274192454,485.7538575629564,6071.923219536955,21,2024-08,bullish,0.6525005296793582,q4_high,"(30.0, 40.0]"
207,v17,208,long,Long2,2024-08-02 21:30:00,62065.88,0.062407605260583074,2,0,,,20630,61660.87,62190.0,61286.54,62065.85,923.61189,37.829051249606984,347.16765419652427,0.00559353741544705,65080.834351693025,66598.81515657726,63562.85354680878,68116.7959614615,62044.87274192454,485.7538575629564,6071.923219536955,21,2024-08,bullish,0.6525005296793582,q4_high,"(30.0, 40.0]"
208,v17,206,long,Long3,2024-08-03 01:15:00,61193.26,0.06284344350440664,3,0,,,20645,60820.0,61193.24,60656.0,61193.23,619.11983,36.982899368134845,351.76178769388605,0.005748377519766256,64914.43734793577,66435.19901182585,63393.67568404567,67955.96067571595,61872.91402015558,486.64373244482965,6083.046655560371,1,2024-08,bullish,0.6099204111304521,q4_high,"(30.0, 40.0]"
209,v17,209,long,Long1,2024-08-04 16:00:00,59264.26,0.016116042813691018,1,0,,,20800,59086.01,59314.57,58901.01,59264.23,678.60008,24.20065393601395,243.1224199410135,0.004102346726533247,62656.55426710222,64126.93162657709,61186.176907627334,65597.30898605195,59715.79954815245,470.52075503196045,5881.509437899505,16,2024-08,bullish,0.30072102514451154,q3,"(-0.001, 30.0]"
210,v17,210,short,TrendShort,2024-08-05 00:15:00,57409.97,0.16605377480581515,0,-1,breakout_down,,20833,57471.99,58259.55,57306.11,57410.0,1043.58264,31.121171928800905,318.2442591411362,0.005543359330101658,62163.28388836994,63622.238008754095,60704.32976798578,65081.19212913825,59245.37564760161,466.8653185229312,5835.81648153664,0,2024-08,bearish,0.10797770423270853,q4_high,"(30.0, 40.0]"
211,v17,211,long,RevLong,2024-08-05 01:00:00,53928.03,0.18743342127762305,0,2,breakout_short_tp,rev_long,20836,56174.01,56294.0,52300.17,53928.0,8045.57136,14.289769863691959,384.8597893021224,0.007136548533268848,62112.89591541561,63575.00609604156,60650.785734789664,65037.116276667504,59188.67555416371,467.87525780030353,5848.440722503794,1,2024-08,bearish,4.164830885625282,q4_high,"(-0.001, 30.0]"
212,v17,212,short,Short1,2024-08-07 10:30:00,57420.98,0.03706703872317169,1,0,,,21066,57526.26,57736.05,57410.0,57421.01,364.47637,60.80667587630465,406.79041632469716,0.007084347982118342,56335.25888904813,57771.526192386154,54898.991585710086,59207.79349572419,53462.724282372044,459.60553706817154,5745.069213352144,10,2024-08,bearish,0.1832952781568976,q4_high,"(60.0, 70.0]"
213,v17,213,long,Long1,2024-08-07 18:45:00,54805.04,0.03884821133995363,1,0,,,21099,54782.12,54894.0,54676.35,54805.01,534.22077,21.23399845651919,396.4921670379011,0.007234597111430161,55904.141707586125,57316.67479105476,54491.60862411748,58729.207874523396,53079.07554064884,452.01058670996457,5650.132333874557,18,2024-08,bullish,0.041766254581468765,q4_high,"(-0.001, 30.0]"
214,v17,215,short,Short1,2024-08-08 01:45:00,56867.97,0.037453944821692876,1,0,,,21127,57346.54,57368.05,56572.39,56868.0,1113.75627,65.44363270130452,408.10459145446845,0.007176348587157425,55536.24786280621,56929.63095920076,54142.86476641166,58323.01405559532,52749.48167001711,445.88259084625696,5573.532385578212,1,2024-08,bearish,0.8414925793064656,q4_high,"(60.0, 70.0]"
215,v17,214,short,Short2,2024-08-08 12:45:00,57924.590000000004,0.07326288673156615,2,0,,,21171,58049.33,58130.5,57776.07,57924.62,790.84915,65.32604323729424,349.2719223487717,0.006029766312645153,55497.69075850072,56877.928531320125,54117.45298568131,58258.16630413953,52737.2152128619,441.67608730221053,5520.951091277631,12,2024-08,bearish,0.21529705330824633,q4_high,"(60.0, 70.0]"
216,v17,216,short,Short1,2024-08-08 19:15:00,59627.64,0.01763875993896994,1,0,,,21197,59636.17,59819.6,59627.38,59627.67,361.40246,64.5121048411983,360.22839042988966,0.006041295768053484,55890.31175622283,57267.74522421096,54512.87828823466,58645.178692199086,53135.44482024649,440.77870975620755,5509.733871952594,19,2024-08,bearish,0.014255126856373894,q4_high,"(60.0, 70.0]"
217,v17,217,long,TrendLong,2024-08-08 22:00:00,60708.5,0.1732909929104821,0,1,breakout_up,,21208,61170.44,61260.83,60646.13,60708.47,923.10543,67.7857225231974,368.40200245435176,0.006068378966795766,56083.4397240292,57462.04183314666,54704.83761491169,58840.64394226411,53326.235505794175,441.152674917595,5514.408436469937,22,2024-08,bearish,0.7609646561674197,q4_high,"(60.0, 70.0]"
218,v17,218,short,RevShort,2024-08-08 22:45:00,62331.97,0.17323014962328925,0,-2,breakout_long_tp,rev_short,21211,61138.51,62530.0,61137.87,62332.0,2325.54184,79.4619414257914,383.210399390803,0.006147891923743871,56140.11432828315,57519.38755258351,54760.84110398272,58898.66077688387,53381.56787968229,441.36743177612664,5517.092897201583,22,2024-08,bullish,1.914730796380668,q4_high,"(70.0, 100.0]"
219,v17,219,long,Long1,2024-08-11 20:30:00,58719.53,0.019006963547895266,1,0,,,21490,58620.41,58864.94,58286.73,58719.5,639.66975,23.327595373481742,226.10748966500924,0.0038506371761511805,60503.641250456596,61951.09144644439,59056.191054468785,63398.54164243218,57608.74085848098,463.1840627160959,5789.800783951199,20,2024-08,bullish,0.16875143691618033,q3,"(-0.001, 30.0]"
220,v17,220,long,Long1,2024-08-13 11:00:00,58716.04,0.03800702868237189,1,0,,,21644,58672.09,58799.91,58563.99,58716.01,183.39995,37.49140651865198,298.0146236521086,0.005075525800409608,59979.6673123385,61413.445666440544,58545.88895823645,62847.2240205426,57112.11060413441,458.8090733126551,5735.113416408189,11,2024-08,bullish,0.07480072300554061,q4_high,"(30.0, 40.0]"
221,v17,221,short,Short1,2024-08-13 17:15:00,61274.23,0.036435286537264265,1,0,,,21669,61373.9,61472.74,61111.86,61274.26,579.76447,81.98932313880658,308.1297494956702,0.005028698012765395,59854.56370048275,61283.4980147006,58425.62938626489,62712.43232891845,56996.695072047034,457.25898054971304,5715.737256871413,17,2024-08,bearish,0.1626131429412602,q4_high,"(70.0, 100.0]"
222,v17,222,short,Short1,2024-08-14 11:45:00,61296.840000000004,0.01821790544380784,1,0,,,21743,61345.64,61420.0,61186.74,61296.87,308.90282,61.13641816246629,241.85565570673222,0.003945644462869511,59744.92647609353,61165.45417130567,58324.398780881405,62585.981866517795,56903.87108566928,454.56886246788144,5682.110780848518,11,2024-08,bearish,0.07956360577627666,q3,"(60.0, 70.0]"
223,v17,223,long,Long1,2024-08-15 06:30:00,58143.869999999995,0.019301356167738527,1,0,,,21818,58101.99,58218.46,58005.98,58143.84,330.01649,37.96685862018566,262.0281832621089,0.004506551051016047,59595.03866947023,61011.94512374622,58178.13221519423,62428.851578022215,56761.225760918234,453.4100653683185,5667.625817103981,6,2024-08,bullish,0.07197667027151723,q4_high,"(30.0, 40.0]"
224,v17,224,long,Long1,2024-08-15 21:00:00,56956.64,0.019694245901669346,1,0,,,21876,56671.06,57044.1,56606.12,56956.61,675.35168,29.698938633742074,306.98203611651786,0.005389752587390961,59538.873724976555,60940.596660101684,58137.150789851396,62342.31959522681,56735.427854726244,448.5513392400451,5606.891740500563,21,2024-08,bullish,0.5013465513484789,q4_high,"(-0.001, 30.0]"
225,v17,225,long,Long2,2024-08-15 21:00:00,56956.64,0.07877414348445816,2,0,,,21876,56671.06,57044.1,56606.12,56956.61,675.35168,29.698938633742074,306.98203611651786,0.005389752587390961,59538.873724976555,60940.596660101684,58137.150789851396,62342.31959522681,56735.427854726244,448.5513392400451,5606.891740500563,21,2024-08,bullish,0.5013465513484789,q4_high,"(-0.001, 30.0]"
226,v17,226,short,Short1,2024-08-23 22:00:00,64350.14,0.01826166109223124,1,0,,,22648,64392.58,64476.11,64300.0,64350.17,352.81917,81.6516160263854,248.72835914040186,0.0038652323551033644,60369.03143853667,61799.252665360356,58938.81021171299,63229.47389218405,57508.58898488931,457.67079258357876,5720.884907294734,22,2024-08,bearish,0.06590503179712422,q3,"(70.0, 100.0]"
227,v17,227,short,Short1,2024-08-25 23:15:00,64746.880000000005,0.018155936212460734,1,0,,,22845,64828.0,65000.0,64513.0,64746.91,612.48913,65.39592588998423,145.29083918051282,0.0022439810514588696,62889.88936198193,64400.41713423851,61379.361589725355,65910.94490649509,59868.83381746878,483.36888712210464,6042.111089026308,23,2024-08,bearish,0.12524149801125103,q1_low,"(60.0, 70.0]"
228,v17,228,long,Long1,2024-08-27 13:45:00,62232.67,0.018954633486768215,1,0,,,22999,62195.01,62400.0,62128.24,62232.64,358.96244,37.93345962102729,183.06313454960673,0.0029415935841643026,63819.30219951325,65353.896511987536,62284.70788703898,66888.49082446183,60750.11357456472,491.07017999176867,6138.377249897108,13,2024-08,bullish,0.06046666186746598,q2,"(30.0, 40.0]"
229,v17,229,long,Long1,2024-08-28 01:30:00,59181.14,0.019830535302730833,1,0,,,23046,59029.01,59183.85,58918.0,59181.11,258.24315,35.074183645945766,265.46135113972576,0.004485575737591366,63494.49840705627,65038.113742393936,61950.8830717186,66581.72907773161,60407.26773638093,493.9569073080545,6174.461341350681,1,2024-08,bullish,0.2570076837017733,q4_high,"(30.0, 40.0]"
230,v17,230,long,Long1,2024-08-28 06:45:00,59186.94,0.019828075028396813,1,0,,,23067,59136.06,59229.22,59136.05,59186.91,158.04552,39.29174601590685,238.03384100940661,0.004021731173487628,63226.47552911137,64777.39098247077,61675.56007575197,66328.30643583018,60124.64462239257,496.2929450750089,6203.661813437611,6,2024-08,bullish,0.0859142671918602,q3,"(30.0, 40.0]"
231,v17,231,long,Long1,2024-08-28 15:30:00,58758.63,0.01995946616170705,1,0,,,23102,58737.91,58804.98,58501.41,58758.6,482.44038,33.44179507802207,262.3306452936149,0.0044645489391104435,62720.32596875632,64268.62993294494,61172.0220045677,65816.93389713357,59623.718040379084,495.45726854035865,6193.215856754483,15,2024-08,bullish,0.03521186685863015,q3,"(30.0, 40.0]"
232,v17,232,long,Long1,2024-08-29 19:15:00,59476.04,0.019714351143802572,1,0,,,23213,59142.01,59499.0,59142.01,59476.01,343.62439,37.76510605616014,254.40140066342,0.0042773784028790765,61026.140460370036,62531.16970631028,59521.11121442981,64036.19895225052,58016.081968489576,481.6093587008753,6020.116983760941,19,2024-08,bullish,0.5615709594507097,q3,"(30.0, 40.0]"
233,v17,233,long,Long1,2024-08-30 16:00:00,58341.11,0.020098540192449547,1,0,,,23296,58095.0,58364.84,58017.4,58341.08,449.01874,34.75271664324305,246.0033165691702,0.004216639742856495,59976.93194854731,61425.8816611911,58527.98223590352,62874.8313738349,57079.032523259724,463.6639080460143,5795.798850575178,16,2024-08,bullish,0.42179541414043376,q3,"(30.0, 40.0]"
234,v17,234,long,Long1,2024-09-01 06:00:00,58178.61,0.0403185378572478,1,0,,,23448,57986.0,58213.76,57952.0,58178.58,153.5512,34.444084370247396,144.72773273729837,0.002487646359490011,59279.679929392994,60720.99978289343,57838.36007589255,62162.31963639387,56397.04022239211,461.2223531201406,5765.279414001758,6,2024-09,bullish,0.3310152980701862,q1_low,"(30.0, 40.0]"
235,v17,235,long,Long1,2024-09-01 22:30:00,57545.03,0.020386868620560022,1,0,,,23514,57518.01,57545.0,57261.1,57545.0,516.62893,33.028650160861915,188.42089240933413,0.003274322572062458,59000.287950092934,60428.226730907685,57572.3491692782,61856.16551172243,56144.41038846347,456.9404098607169,5711.755123258961,22,2024-09,bullish,0.04690242418976099,q2,"(30.0, 40.0]"
236,v17,236,long,Long1,2024-09-04 01:15:00,56420.01,0.02087203828008554,1,0,,,23717,56202.01,56521.0,56043.9,56419.98,801.86923,26.77322359535323,215.68954138940643,0.003822928356043487,58428.12697287939,59811.7744756172,57044.479470141596,61195.421978355014,55660.8319674038,442.7672008760972,5534.590010951215,1,2024-09,bullish,0.38633477005841044,q3,"(-0.001, 30.0]"
237,v17,237,long,Long1,2024-09-05 06:30:00,56878.02,0.04141584659123562,1,0,,,23834,56852.0,56883.13,56739.0,56877.99,199.4012,29.219318398380466,208.5452486166769,0.0036665368909252405,58008.65109055722,59387.47166947687,56629.83051163757,60766.29224839652,55251.00993271791,441.22258525428884,5515.282315678611,6,2024-09,bullish,0.04569430108201426,q3,"(-0.001, 30.0]"
238,v17,238,long,Long1,2024-09-05 19:45:00,56060.04,0.020998775236284316,1,0,,,23887,55922.0,56120.0,55800.0,56060.01,463.12022,39.3636864285832,236.37443501628343,0.004216453671989773,57854.48024162174,59220.43832289045,56488.52216035302,60586.39640415915,55122.5640790843,437.10658600598805,5463.832325074851,19,2024-09,bullish,0.24618261752005047,q3,"(30.0, 40.0]"
239,v17,239,long,Long1,2024-09-06 15:30:00,54405.04,0.021641244537802917,1,0,,,23966,54205.59,54477.52,54164.53,54405.01,813.51273,28.136503199316792,267.4315570986018,0.004915568568016103,57211.316395018475,58567.59784099172,55855.034949045235,59923.87928696497,54498.75350307199,434.01006271143854,5425.125783892981,15,2024-09,bullish,0.36654712497986036,q4_high,"(-0.001, 30.0]"
240,v17,240,long,Long1,2024-09-07 18:00:00,54140.409999999996,0.021710662793611377,1,0,,,24072,54134.0,54210.0,54037.0,54140.38,178.65563,32.174201613332,195.03226932322127,0.0036023439311512273,56029.12390772588,57376.443819036846,54681.803996414936,58723.76373034781,53334.484085104,431.142371619505,5389.279645243812,18,2024-09,bullish,0.011784180310513854,q2,"(30.0, 40.0]"
241,v17,241,long,Long1,2024-09-08 13:15:00,54250.03,0.0433425936666528,1,0,,,24149,54161.1,54265.97,54153.12,54250.0,149.3915,39.15631173771057,147.90734707594714,0.002726402711077367,55213.602882074796,56541.56106294264,53885.644701206955,57869.519243810486,52557.68652033912,424.94661787770923,5311.832723471365,13,2024-09,bullish,0.16387096774193816,q1_low,"(30.0, 40.0]"
242,v17,243,short,Short1,2024-09-09 17:30:00,56410.81,0.020948527603497007,1,0,,,24262,56562.74,56775.24,56388.0,56410.84,409.90274,69.37029980283057,208.15922715353386,0.0036900572151298203,54510.73805471073,55831.90302934547,53189.57308007601,57153.06800398021,51868.40810544128,422.7727918831143,5284.659898538928,17,2024-09,bearish,0.2692744869603102,q3,"(60.0, 70.0]"
243,v17,242,short,Short2,2024-09-09 23:00:00,57095.98,0.08268501450257461,2,0,,,24284,57216.01,57227.99,57054.02,57096.01,240.13828,57.19928871808724,220.7266027702371,0.0038658848975652955,54551.5141371077,55871.3452641254,53231.68301009,57191.17639114309,51911.851883072304,422.34596064566284,5279.324508070786,23,2024-09,bearish,0.21017230450954455,q3,"(50.0, 60.0]"
244,v17,244,short,Short1,2024-09-10 18:45:00,57581.96,0.020503669778689813,1,0,,,24363,57835.1,57901.84,57500.0,57581.99,367.08486,60.4082921809103,221.57767964807712,0.0038480378960170903,55229.17724044844,56555.55305707932,53902.80142381757,57881.92887371019,52576.425607186684,424.44026132188037,5305.503266523505,18,2024-09,bearish,0.43956452356023223,q3,"(60.0, 70.0]"
245,v17,245,short,Short2,2024-09-10 18:45:00,57581.96,0.08201172231491548,2,0,,,24363,57835.1,57901.84,57500.0,57581.99,367.08486,60.4082921809103,221.57767964807712,0.0038480378960170903,55229.17724044844,56555.55305707932,53902.80142381757,57881.92887371019,52576.425607186684,424.44026132188037,5305.503266523505,18,2024-09,bearish,0.43956452356023223,q3,"(60.0, 70.0]"
246,v17,246,short,Short1,2024-09-11 20:00:00,57579.97,0.020485974180459523,1,0,,,24464,57585.5,57676.83,57512.0,57580.0,150.83231,60.3253477208131,254.76925901876876,0.004424613737734782,56123.446392121594,57433.16460469563,54813.72817954753,58742.882817269674,53504.00996697347,419.1098280236963,5238.872850296204,20,2024-09,bearish,0.009551927752691907,q3,"(60.0, 70.0]"
247,v17,247,short,Short1,2024-09-13 16:00:00,59584.26,0.01977500832167025,1,0,,,24640,59666.01,59796.7,59556.5,59584.29,1158.6188,77.37218593413596,196.75785380444998,0.0033021766946362873,57487.85790013478,58814.31180508448,56161.4039951851,60140.76571003417,54834.95009023542,424.4652495838999,5305.815619798748,16,2024-09,bearish,0.1371502454757809,q2,"(70.0, 100.0]"
248,v17,248,short,Short2,2024-09-13 19:30:00,59899.96,0.07863861454404444,2,0,,,24654,59976.91,59999.0,59796.0,59899.99,287.06292,70.4356553591785,200.9916885573594,0.0033554544592972286,57564.11603787143,58893.01233620512,56235.21973953776,60221.90863453881,54906.323441204084,425.24681546677834,5315.585193334729,19,2024-09,bearish,0.1284140448103673,q2,"(70.0, 100.0]"
249,v17,249,short,Short1,2024-09-15 01:30:00,60186.42,0.019577303339368232,1,0,,,24774,60189.0,60280.06,60173.9,60186.45,145.30172,65.05935620405619,127.82803092239695,0.0021238672645154675,58697.96460959717,60080.28790450928,57315.64131468507,61462.611199421386,55933.31801977297,442.3434543718735,5529.293179648419,1,2024-09,bearish,0.004236834038231048,q1_low,"(60.0, 70.0]"
250,v17,250,long,Long1,2024-09-16 03:00:00,58350.03,0.04039375288321632,1,0,,,24876,58263.99,58350.01,58218.0,58350.0,219.0786,28.964430594575887,156.91051504949155,0.002689126221927876,59437.983229796766,60871.9403467833,58004.02611281021,62305.89746376985,56570.06899582365,458.86627743569613,5735.828467946201,3,2024-09,bullish,0.14740359897172586,q1_low,"(-0.001, 30.0]"
251,v17,251,long,Long1,2024-09-16 16:45:00,57810.01,0.020364720554577633,1,0,,,24931,57751.94,57899.76,57676.93,57809.98,402.31651,38.66335202035255,176.6459310795877,0.0030556303786921863,59589.34417005221,61025.769281169705,58152.919058934705,62462.1943922872,56716.4939478172,459.6560355576,5745.70044447,16,2024-09,bullish,0.10039788977612665,q2,"(30.0, 40.0]"
252,v17,252,short,Short1,2024-09-17 15:30:00,60931.98,0.019313868513259936,1,0,,,25022,61154.0,61250.0,60922.1,60932.01,821.37538,75.95508357353494,204.2967627976172,0.0033528643285789714,59246.32123572968,60669.089703222446,57823.552768236936,62091.85817071521,56400.78430074419,455.2859095976816,5691.07386997102,15,2024-09,bearish,0.36432410485063266,q2,"(70.0, 100.0]"
253,v17,253,short,Short1,2024-09-18 18:30:00,60385.48,0.038986212370764925,1,0,,,25130,60520.0,61318.6,60252.81,60385.51,2817.7772,62.64757890873026,242.60587435248513,0.004017617377951848,59260.56849738812,60694.243084922404,57826.89390985384,62127.91767245668,56393.219322319565,458.77586801096913,5734.698350137114,18,2024-09,bearish,0.22271899334790407,q3,"(60.0, 70.0]"
254,v17,254,short,Short1,2024-09-19 00:45:00,62225.97,0.01892356693105069,1,0,,,25155,62318.01,62589.52,62152.22,62226.0,897.64815,77.58891515768623,271.01748208222045,0.004355373671491345,59268.19020850702,60720.48544153975,57815.894975474264,62172.78067457248,56363.59974244151,464.73447457047763,5809.18093213097,0,2024-09,bearish,0.1478642368141967,q3,"(70.0, 100.0]"
255,v17,255,short,Short1,2024-09-19 09:45:00,62271.98,0.01891245831555183,1,0,,,25191,62339.99,62349.0,62227.2,62272.01,223.44366,61.3849774571558,235.34320352766355,0.0037792774559174103,59498.14927898095,60953.08138627838,58043.21717168352,62408.013493575825,56588.285064386095,465.57827433517843,5819.72842918973,9,2024-09,bearish,0.10916622090726784,q3,"(60.0, 70.0]"
256,v17,256,short,Short2,2024-09-19 09:45:00,62271.98,0.0756471062250354,2,0,,,25191,62339.99,62349.0,62227.2,62272.01,223.44366,61.3849774571558,235.34320352766355,0.0037792774559174103,59498.14927898095,60953.08138627838,58043.21717168352,62408.013493575825,56588.285064386095,465.57827433517843,5819.72842918973,9,2024-09,bearish,0.10916622090726784,q3,"(60.0, 70.0]"
257,v17,257,short,Short3,2024-09-19 13:30:00,62909.98,0.0744855469994054,3,0,,,25206,63260.0,63279.98,62910.01,62910.01,676.47419,60.61001638982668,242.18598646940399,0.003849720997809474,59651.034007911716,61100.53686547931,58201.531150344126,62550.0397230469,56752.02829277654,463.8409144216293,5798.011430270366,13,2024-09,bearish,0.5563343576006393,q3,"(60.0, 70.0]"
258,v17,259,short,Short1,2024-09-20 04:15:00,63861.98,0.018197984018134848,1,0,,,25265,63948.02,64084.0,63728.14,63862.01,770.71556,72.82578618270855,235.48230381919254,0.0036873612938144685,60526.61525549782,61959.44393284479,59093.786578150844,63392.272610191765,57660.95790080388,458.50517675103094,5731.314709387887,4,2024-09,bearish,0.13468100988364562,q3,"(70.0, 100.0]"
259,v17,258,short,Short2,2024-09-20 09:45:00,63467.97,0.07328637825586587,2,0,,,25287,63520.0,63540.0,63441.91,63468.0,198.66999,50.44914881072904,221.78110394015795,0.003494376755847954,60909.576595178994,62343.28855276518,59475.86463759279,63777.000510351376,58042.152680006584,458.78782642758335,5734.847830344792,9,2024-09,bearish,0.08193105186865822,q2,"(50.0, 60.0]"
260,v17,260,short,Short1,2024-09-23 03:30:00,64499.97,0.03607652226829708,1,0,,,25550,64661.99,64732.5,64345.7,64500.0,796.74775,68.89715585679366,186.76505919406185,0.0028955823130862304,63088.51751157569,64623.022177086226,61554.01284606517,66157.52684259677,60019.50818055465,491.04149296336925,6138.0186620421155,3,2024-09,bearish,0.2511472868217023,q2,"(60.0, 70.0]"
261,v17,261,short,Short1,2024-09-24 22:15:00,64415.96,0.036140045952533804,1,0,,,25721,64457.99,64500.0,64280.0,64415.99,174.6799,65.72218401208353,196.26925553537103,0.0030469027260990795,63259.111889694286,64776.61421070824,61741.60956868033,66294.11653172219,60224.107247666376,485.6007427244651,6070.009284055814,22,2024-09,bearish,0.06520120237226812,q2,"(60.0, 70.0]"
262,v17,262,short,Short1,2024-09-26 14:15:00,64695.73,0.03600017179492382,1,0,,,25881,64797.96,65200.0,64539.9,64695.76,2213.95564,67.7457794642967,175.43107698098368,0.002711631751153146,63578.78078593189,65066.9206895447,62090.64088231907,66555.06059315751,60602.50097870626,476.2047691561002,5952.559614451253,14,2024-09,bearish,0.15797016682391102,q1_low,"(60.0, 70.0]"
263,v17,263,short,Short1,2024-09-27 14:45:00,66242.63,0.017491079380837018,1,0,,,25979,66284.7,66378.0,66186.0,66242.66,311.92885,68.17779152120195,196.37002469585474,0.002964404278086881,64089.809186745566,65558.58922054352,62621.02915294761,67027.36925434148,61152.249119149645,470.00961081534683,5875.120135191835,14,2024-09,bearish,0.06346363506536964,q2,"(60.0, 70.0]"
264,v17,264,long,Long1,2024-09-30 03:00:00,64430.03,0.03597355902232614,1,0,,,26220,64376.01,64471.99,64190.0,64430.0,643.26674,18.999189990287547,121.93228116197933,0.0018924768145581147,65622.61143082035,67190.42478877772,64054.798072863014,68758.23814673506,62486.98471490567,501.7002745463513,6271.253431829391,3,2024-09,bullish,0.08379636815147906,q1_low,"(-0.001, 30.0]"
265,v17,267,long,Long1,2024-10-01 13:45:00,62866.83,0.018385361309581048,1,0,,,26359,62790.02,62960.0,62523.0,62866.8,1064.9931,24.074339638141396,172.41012677893752,0.0027424670379109085,64957.17367351405,66498.17409158865,63416.173255439484,68039.17450966325,61875.17283736491,493.12013378386735,6164.001672298342,13,2024-10,bullish,0.12213123620099338,q1_low,"(-0.001, 30.0]"
266,v17,265,long,Long2,2024-10-01 17:30:00,61813.21,0.07466692695149896,2,0,,,26374,61554.0,61846.0,61508.0,61813.18,896.73732,34.02395121454421,224.83999669287783,0.003637411902977291,64838.46356221711,66395.41628216305,63281.51084227119,67952.36900210897,61724.558122325274,498.2248703826958,6227.810879783698,17,2024-10,bullish,0.4192956906601477,q3,"(30.0, 40.0]"
267,v17,266,long,Long3,2024-10-01 21:45:00,61142.04,0.07546942630596658,3,0,,,26391,60930.29,61214.73,60930.28,61142.01,244.57769,38.99020918390992,254.85269577777868,0.0041682093175834205,64666.63468754904,66246.41392051411,63086.85545458397,67826.19315347917,61507.0762216189,505.529354548821,6319.116931860262,21,2024-10,bullish,0.346275825737494,q3,"(30.0, 40.0]"
268,v17,268,long,Long1,2024-10-02 19:00:00,60849.72,0.01897416683800592,1,0,,,26476,60762.1,60926.0,60529.02,60849.69,883.05931,38.484754419864544,264.6070587775117,0.00434853585577037,63507.85284218619,65095.02378554951,61920.68189882286,66682.19472891281,60333.51095545954,507.894701876262,6348.683773453275,19,2024-10,bullish,0.14394485822360603,q3,"(30.0, 40.0]"
269,v17,269,long,Long2,2024-10-02 22:15:00,60566.03,0.07621386721400104,2,0,,,26489,60546.0,60651.98,60438.0,60566.0,170.67506,42.57939209489473,274.7703788320698,0.004536710016049761,63312.64782892329,64896.80819345924,61728.48746438733,66480.96855799519,60144.327099851376,506.9313166515052,6336.641458143815,22,2024-10,bullish,0.03302182742792986,q4_high,"(40.0, 50.0]"
270,v17,270,long,Long1,2024-10-03 15:00:00,60210.39,0.019167842524769316,1,0,,,26556,60172.01,60329.56,60044.0,60210.36,457.2316,39.613759148502716,260.0912965354186,0.0043197100388607315,62359.87348821643,63888.19703728369,60831.549939149176,65416.52058635095,59303.226390081916,489.0635357015225,6113.294196269031,15,2024-10,bullish,0.06369335775437739,q3,"(30.0, 40.0]"
271,v17,271,short,Short1,2024-10-04 20:00:00,62319.98,0.037035503140041955,1,0,,,26672,62368.0,62393.94,62280.0,62320.01,117.63391,60.5524241993765,223.23817859387685,0.0035821268095733113,61281.31956706994,62721.40605685891,59841.233077280966,64161.49254664788,58401.14658749198,460.827676732472,5760.3459591559,20,2024-10,bearish,0.07700576428020144,q2,"(60.0, 70.0]"
272,v17,272,short,Short1,2024-10-06 15:00:00,62638.67,0.036861936529504244,1,0,,,26844,62716.0,62766.22,62526.99,62638.7,310.72388,76.09186563315002,99.71487326832799,0.001591905216237374,61576.390869508075,63077.93439328759,60074.8473457286,64579.4779170671,58573.303821949135,480.4939276094374,6006.174095117967,15,2024-10,bearish,0.12340613710055111,q1_low,"(70.0, 100.0]"
273,v17,273,long,Long1,2024-10-09 19:30:00,61107.52,0.018821601498778547,1,0,,,27150,60949.99,61132.5,60904.94,61107.49,211.17647,30.476588408523412,177.56363924406278,0.002905759003422703,62696.396869936645,64199.93876784248,61192.85497203079,65703.48066574833,59689.31307412494,481.133407329871,6014.167591623387,19,2024-10,bullish,0.2577425451446296,q2,"(30.0, 40.0]"
274,v17,274,long,Long2,2024-10-10 18:30:00,59242.03,0.07741725214393533,2,0,,,27242,59081.1,59401.1,58981.0,59242.0,670.53838,23.908839054916868,197.97087447948155,0.003341731786223989,62139.954952199216,63603.32342307318,60676.58648132525,65066.69189394715,59213.21801045128,468.2779106796696,5853.47388349587,18,2024-10,bullish,0.27159785287465216,q2,"(-0.001, 30.0]"
275,v17,276,short,Short1,2024-10-15 14:00:00,67356.08,0.017743868675842878,1,0,,,27704,67658.0,67950.0,67332.0,67356.11,2157.04551,75.23053923348392,210.23319373502855,0.0031212193479556428,63794.0196009368,65304.533712206714,62283.50548966689,66815.04782347663,60772.99137839697,483.36451560637335,6042.056445079666,14,2024-10,bearish,0.44819987377537013,q2,"(70.0, 100.0]"
276,v17,275,short,Short2,2024-10-15 17:00:00,66845.95,0.07156870521931237,2,0,,,27716,66868.21,67059.33,66501.0,66845.98,711.30385,59.964611536846135,266.9004530082782,0.003992767448517894,63918.76070428166,65460.36835053329,62377.153058030046,67001.97599678491,60835.54541177844,493.3144468005176,6166.43058500647,17,2024-10,bearish,0.03325555254034795,q3,"(50.0, 60.0]"
277,v17,277,short,Short1,2024-10-16 10:30:00,67563.97,0.017681473564936035,1,0,,,27786,67660.0,67799.0,67519.7,67564.0,422.97085,63.29612151242614,239.1680463197071,0.0035398739908783835,64767.85452743009,66381.21741698083,63154.49163787938,67994.58030653156,61541.128748328665,516.2761246562312,6453.451558202891,10,2024-10,bearish,0.1420875022201172,q2,"(60.0, 70.0]"
278,v17,278,short,Short2,2024-10-16 10:30:00,67563.97,0.07072334498828581,2,0,,,27786,67660.0,67799.0,67519.7,67564.0,422.97085,63.29612151242614,239.1680463197071,0.0035398739908783835,64767.85452743009,66381.21741698083,63154.49163787938,67994.58030653156,61541.128748328665,516.2761246562312,6453.451558202891,10,2024-10,bearish,0.1420875022201172,q2,"(60.0, 70.0]"
279,v17,279,short,Short1,2024-10-18 06:30:00,68099.22,0.035124998726278334,1,0,,,27962,68178.1,68274.0,68065.85,68099.25,345.80195,62.036812203799485,203.26809926252014,0.0029848801457067462,66935.1352455164,68529.52713394832,65340.7433570845,70123.91902238023,63746.3514686526,510.20540429821006,6377.567553727626,6,2024-10,bearish,0.11578688458390632,q2,"(60.0, 70.0]"
280,v17,280,short,Short1,2024-10-21 01:30:00,69317.96,0.03447420141083272,1,0,,,28230,69419.99,69452.0,69290.26,69317.99,204.71652,63.46846127249252,112.46747240117986,0.0016224860588309018,68176.40945843564,69833.40010818873,66519.41880868249,71490.39075794182,64862.428158929346,530.2370079209976,6627.96259901247,1,2024-10,bearish,0.14714794817333854,q1_low,"(60.0, 70.0]"
281,v17,281,long,Long1,2024-10-21 16:30:00,67170.06,0.03559120098111877,1,0,,,28290,66986.0,67182.09,66894.0,67170.03,369.75608,37.071196782237436,163.31859514374034,0.00243142060743073,68401.45157001274,70071.53999818934,66731.36314183612,71741.62842636595,65061.274713659506,534.4282970165153,6680.353712706441,16,2024-10,bullish,0.27397635522866204,q1_low,"(30.0, 40.0]"
282,v17,282,long,Long1,2024-10-22 08:30:00,67124.97,0.03562254511393319,1,0,,,28354,67031.1,67179.98,66900.0,67124.94,531.90386,37.46220294534393,168.59575492447422,0.0025116708472957177,68271.92102908163,69928.37452353202,66615.46753463121,71584.82801798244,64959.014040180795,530.0651182241313,6625.813977801641,8,2024-10,bullish,0.1397990076415659,q1_low,"(30.0, 40.0]"
283,v17,283,long,Long1,2024-10-23 09:15:00,66352.04,0.036042087842930975,1,0,,,28453,66214.58,66382.0,66200.0,66352.01,280.95714,30.86872057673574,177.0884367180342,0.002668923469206648,67950.62374783024,69606.4392845153,66294.80821114517,71262.25482120036,64638.992674460096,529.8609717392211,6623.262146740264,9,2024-10,bullish,0.20712258754481291,q1_low,"(30.0, 40.0]"
284,v17,284,long,Long1,2024-10-23 18:15:00,65626.25,0.018227875249915353,1,0,,,28489,65535.48,65649.63,65260.0,65626.22,636.85756,36.25054108211828,202.1347060270363,0.0030800906410126364,67761.80967774394,69410.3157676395,66113.30358784835,71058.82185753508,64464.79749795276,527.5219487665855,6594.024359582319,18,2024-10,bullish,0.1382679057242638,q2,"(30.0, 40.0]"
285,v17,285,long,Long1,2024-10-25 23:15:00,65835.70999999999,0.036497658271218626,1,0,,,28701,65800.21,66332.42,65596.29,65835.68,1797.71718,26.64283623716014,251.41900135594827,0.0038188866790158206,67289.09693420108,68839.9097311328,65738.28413726934,70390.7225280645,64187.4713403376,496.2600950181525,6203.251187726906,23,2024-10,bullish,0.05387656055194784,q3,"(-0.001, 30.0]"
286,v17,286,short,Short1,2024-10-28 19:30:00,69765.72,0.017379804298315184,1,0,,,28974,69817.06,69895.0,69515.15,69765.75,682.30702,67.5164124958784,182.3749033306241,0.0026141036730863514,67467.9359086723,69121.65733471948,65814.21448262513,70775.37876076666,64160.493056577965,529.1908563350956,6614.885704188695,19,2024-10,bearish,0.07354611682666304,q1_low,"(60.0, 70.0]"
287,v17,287,short,Short2,2024-10-29 03:45:00,70938.11,0.06825291941319395,2,0,,,29007,71046.46,71068.99,70885.02,70938.14,388.64284,63.51716826364344,210.47966829798227,0.0029670874976138687,67661.67227500198,69325.02508283223,65998.3194671717,70988.37789066248,64334.96665934144,532.2728985056834,6653.411231321043,3,2024-10,bearish,0.15269641972570325,q2,"(60.0, 70.0]"
288,v17,288,long,Long1,2024-10-31 20:15:00,70193.78,0.034037496556968416,1,0,,,29265,70066.01,70299.44,70065.79,70193.75,391.33325,35.47957120815708,229.69859611849466,0.00327235111556933,71475.90517609351,73181.08493721543,69770.72541497156,74886.26469833734,68065.54565384962,545.6575235590176,6820.71904448772,20,2024-10,bullish,0.18198201406821155,q2,"(30.0, 40.0]"
289,v17,289,long,Long1,2024-11-01 19:15:00,69054.02,0.017284932728917353,1,0,,,29357,68880.0,69196.0,68850.0,69053.99,433.69683,35.860984379304455,293.2105910873719,0.0042461064319001965,71544.78293051566,73220.61910481431,69868.94675621702,74896.45527911295,68193.11058191839,536.2675757755653,6703.344697194567,19,2024-11,bullish,0.25196226894348206,q3,"(30.0, 40.0]"
290,v17,290,long,Long1,2024-11-02 23:30:00,69249.02,0.03447488485909334,1,0,,,29470,69174.01,69258.0,69166.0,69248.99,61.95843,39.400239041756976,165.11643495054463,0.0023843876271775893,70577.95590878357,72243.04487000883,68912.8669475583,73908.13383123411,67247.77798633304,532.828467592086,6660.355844901074,23,2024-11,bullish,0.10827594741816518,q1_low,"(30.0, 40.0]"
291,v17,291,long,Long1,2024-11-04 17:15:00,67798.03,0.03516167466786034,1,0,,,29637,67448.0,67880.0,67251.5,67798.0,896.92343,35.91182197968007,225.88695452701143,0.0033317642781057174,69163.03687657055,70800.09044803667,67525.98330510444,72437.14401950278,65888.92973363833,523.8571428691561,6548.214285864451,17,2024-11,bullish,0.5162394170919496,q2,"(30.0, 40.0]"
292,v17,292,short,Short1,2024-11-06 00:45:00,71096.01,0.01687885454225941,1,0,,,29763,71203.46,71455.0,71000.0,71096.04,1239.4344,70.39066886779729,287.601416085523,0.004045252254352324,68697.23660515706,70315.23757478045,67079.23563553367,71933.23854440382,65461.23466591028,517.7603102794836,6472.003878493546,0,2024-11,bearish,0.1510913969329555,q3,"(70.0, 100.0]"
293,v17,293,long,TrendLong,2024-11-06 03:45:00,74348.56,0.16072046024002506,0,1,breakout_up,,29775,74379.5,74416.74,74133.33,74348.53,1336.25225,84.27003610309248,348.03103822044073,0.0046810749078756595,68722.93539182228,70356.38155412395,67089.48922952061,71989.82771642563,65456.04306721894,522.7027719365351,6533.784649206689,3,2024-11,bearish,0.041655161171311884,q4_high,"(70.0, 100.0]"
294,v17,294,short,RevShort,2024-11-06 04:00:00,74385.08,0.16066256448460972,0,-2,breakout_long_tp,rev_short,29776,74348.53,74686.98,73912.0,74385.11,1658.59476,84.41374519134312,353.3679002426852,0.004750519294018456,68728.0024839928,70364.07669210446,67091.92827588113,72000.15090021612,65455.854067769484,523.5437465957308,6544.296832446635,4,2024-11,bullish,0.04917650857813042,q4_high,"(70.0, 100.0]"
295,v17,295,short,Short1,2024-11-07 18:00:00,76043.97,0.015620056833971602,1,0,,,29928,76257.9,76378.0,75671.09,76044.0,1182.30005,63.4652581185808,310.81828434985465,0.00408734790844583,71476.53317118519,73220.01685071876,69733.04949165162,74963.50053025234,67989.56581211806,557.914777450742,6973.934718134275,18,2024-11,bearish,0.28128451948870936,q3,"(60.0, 70.0]"
296,v17,296,short,Short1,2024-11-08 18:45:00,76811.97,0.015451373900147525,1,0,,,30027,76819.21,76968.0,76675.0,76812.0,516.61058,66.62713585311843,262.6448075356029,0.0034193199960371157,73964.49054971425,75739.06384977268,72189.91724965582,77513.63714983109,70415.34394959737,567.8634560186974,7098.293200233718,18,2024-11,bearish,0.009386554184250382,q2,"(60.0, 70.0]"
297,v17,299,short,Short1,2024-11-10 03:30:00,77347.57,0.030695419897469257,1,0,,,30158,77397.99,77398.0,77263.35,77347.6,168.9021,64.60676311624337,185.73269141227792,0.0024012728437893083,75896.61789934277,77747.01045977838,74046.22533890718,79597.40302021398,72195.83277847158,592.1256193393923,7401.570241742404,3,2024-11,bearish,0.06514746417471184,q1_low,"(60.0, 70.0]"
298,v17,297,short,Short2,2024-11-10 09:45:00,79367.97,0.05951120166955908,2,0,,,30183,79441.97,79494.67,79324.0,79368.0,323.09961,66.73933734365338,221.7868377600291,0.002794411321439738,76094.3065531237,77945.7392767433,74242.87382950407,79797.17200036292,72391.44110588443,592.4584715582791,7405.730894478489,9,2024-11,bearish,0.09319877028525497,q1_low,"(60.0, 70.0]"
299,v17,298,short,Short3,2024-11-10 18:30:00,80721.87,0.057899428645864406,3,0,,,30218,80839.99,80941.03,80700.0,80721.9,755.24615,72.33706746323936,248.24534333928804,0.0030753159098000425,76552.38499541882,78382.75069212393,74722.01929871371,80213.11638882903,72891.6536020086,585.7170229456341,7321.462786820426,18,2024-11,bearish,0.14629239400956998,q2,"(70.0, 100.0]"
300,v17,300,short,Short1,2024-11-11 04:00:00,81573.99,0.014367252628403425,1,0,,,30256,81612.23,81727.47,81500.52,81574.02,418.95065,63.64386005506914,324.4436754331627,0.003977291733730453,77097.22881214894,78926.5515183837,75267.90610591421,80755.87422461847,73438.58339967947,585.3832659951202,7317.290824939002,4,2024-11,bearish,0.04684089370609889,q3,"(60.0, 70.0]"
301,v17,301,short,Short1,2024-11-11 12:15:00,82117.96,0.014273386345891023,1,0,,,30289,82182.0,82240.0,81719.21,82117.99,990.64016,63.29190115802787,322.03003932459904,0.0039215528695307695,77641.79199113656,79484.5988829257,75798.98509934741,81327.40577471482,73956.17820755826,589.6982053725247,7371.2275671565585,12,2024-11,bearish,0.07794881486991433,q3,"(60.0, 70.0]"
302,v17,302,long,TrendLong,2024-11-11 16:00:00,84768.03,0.13830286216190527,0,1,breakout_up,,30304,84059.53,84866.8,84000.0,84768.0,2273.968998,83.34454146773186,362.5060390972117,0.004276449121097722,77921.55258536717,79775.14999396144,76067.9551767729,81628.7474025557,74214.35776817864,593.1511707501649,7414.389634377061,16,2024-11,bullish,0.8357752925632327,q3,"(70.0, 100.0]"
303,v17,303,short,RevShort,2024-11-11 20:00:00,87146.01,0.13825438414607527,0,-2,breakout_long_tp,rev_short,30320,86102.21,87174.42,86052.0,87146.04,1515.079443,79.89800299397336,414.2577463288364,0.004753603793457929,78280.53698764817,80156.24690513397,76404.8270701624,82031.95682261976,74529.11715267663,600.2271735954506,7502.839669943132,20,2024-11,bullish,1.197793955984675,q4_high,"(70.0, 100.0]"
304,v17,304,short,Short1,2024-11-13 15:00:00,91168.88,0.013224306921297424,1,0,,,30492,91508.0,91511.96,90432.23,91168.91,2170.39029,79.42522985767732,568.1759774058097,0.006232124277956265,84350.73559711793,86472.90337651181,82228.56781772408,88595.07115590568,80106.40003833022,679.0936894060369,8488.67111757546,15,2024-11,bearish,0.37193600318353753,q4_high,"(70.0, 100.0]"
305,v17,305,long,TrendLong,2024-11-13 15:30:00,92000.02,0.13091950557077364,0,1,breakout_up,,30494,91776.61,92000.0,91171.98,91999.99,1665.705158,82.83472566943752,574.5571679671342,0.00624518728716312,84415.23858811613,86537.06523163123,82293.41194460103,88658.89187514634,80171.58530108593,678.9845259248326,8487.306574060407,15,2024-11,bullish,0.24280437421787182,q4_high,"(70.0, 100.0]"
306,v17,306,short,RevShort,2024-11-13 15:45:00,92539.98,0.13087260712595725,0,-2,breakout_long_tp,rev_short,30495,92000.0,92690.0,91834.98,92540.01,2744.002331,84.70595028055526,578.0629533675451,0.006246627306043571,84448.07914642431,86569.72020328714,82326.43808956149,88691.36126014996,80204.79703269867,678.9251381961035,8486.564227451294,15,2024-11,bullish,0.5835421889407564,q4_high,"(70.0, 100.0]"
307,v17,307,short,Short1,2024-11-15 12:15:00,90284.16,0.02812315945131962,1,0,,,30673,90660.54,90709.74,90145.31,90284.19,792.59404,69.20786133863893,514.53929450983,0.005699107390893467,88740.65119329028,90792.77179390806,86688.53059267251,92844.89239452583,84636.40999205475,656.6785921976867,8208.482402471083,12,2024-11,bearish,0.41685039207860336,q4_high,"(60.0, 70.0]"
308,v17,308,short,Short1,2024-11-15 19:45:00,90377.86,0.028098432052004005,1,0,,,30703,90585.0,90844.9,90025.89,90377.89,1269.85316,61.16996119789408,549.8932402888275,0.006084377941206942,88885.85793596462,90918.82015796099,86852.89571396825,92951.78237995734,84819.93349197187,650.5479110388377,8131.84888798547,19,2024-11,bearish,0.22916003017994843,q4_high,"(60.0, 70.0]"
309,v17,309,short,Short1,2024-11-18 07:00:00,91926.9,0.027576795368273635,1,0,,,30940,92061.84,92300.0,91680.38,91926.93,1086.84318,74.7364129217153,303.20577777678324,0.0032983346422727623,90180.74704315266,92324.78942318496,88036.70466312036,94468.83180321728,85892.66228308804,686.0935616103396,8576.169520129246,7,2024-11,bearish,0.14675786518706052,q2,"(70.0, 100.0]"
310,v17,310,short,Short1,2024-11-19 12:30:00,92263.98,0.027474413963810115,1,0,,,31058,92400.0,92500.0,92156.0,92264.01,801.36008,62.145349034587134,361.6160971769375,0.003919362459716823,90798.98871380377,92922.18171189216,88675.79571571539,95045.37470998055,86552.60271762699,679.421759388285,8492.771992353562,12,2024-11,bearish,0.14739224969736872,q3,"(60.0, 70.0]"
311,v17,311,short,Short1,2024-11-19 18:30:00,93648.45,0.013538906925477507,1,0,,,31082,93663.48,93750.0,93317.4,93648.48,1100.50131,68.99658647341572,408.4248308968495,0.004361254244562747,90853.1732877261,92973.74531184621,88732.60126360602,95094.31733596633,86612.02923948594,678.5830477184313,8482.288096480392,18,2024-11,bearish,0.016017344862404602,q3,"(60.0, 70.0]"
312,v17,312,short,Short1,2024-11-20 12:30:00,93503.97,0.01356152171742314,1,0,,,31154,93645.68,93750.0,93479.51,93504.0,424.18026,60.15839539976458,352.6642070336757,0.0037716483469549507,91232.65516737584,93330.88279964353,89134.42753510815,95429.11043191123,87036.19990284045,671.4328423256625,8392.910529070781,12,2024-11,bearish,0.15152292950033475,q3,"(60.0, 70.0]"
313,v17,313,short,Short2,2024-11-21 03:30:00,95598.48,0.05293682345784755,2,0,,,31214,95692.0,95895.93,95450.14,95598.51,1213.92671,67.15683005245668,389.5362865759151,0.004074710856643217,91868.79861768005,93979.40341732971,89758.19381803033,96090.00821697939,87647.58901838062,675.3935358879016,8442.41919859877,3,2024-11,bearish,0.09779441123089182,q3,"(60.0, 70.0]"
314,v17,314,short,Short1,2024-11-21 10:00:00,97429.98,0.012840663242317894,1,0,,,31240,97613.24,97692.31,97400.0,97430.01,438.95302,62.53957503781961,399.3815247016625,0.0040991633348047745,92317.51869898406,94438.69318411444,90196.34421385365,96559.86766924482,88075.16972872322,678.7758352417278,8484.697940521597,10,2024-11,bearish,0.18806320557701933,q3,"(60.0, 70.0]"
315,v17,315,short,Short1,2024-11-21 18:00:00,97987.97,0.012758888314252863,1,0,,,31272,98048.65,98149.05,97668.0,97988.0,903.86695,63.206128586196506,429.97666004133947,0.004388054251962888,92945.06039589316,95076.79888381984,90813.32190796651,97208.5373717465,88681.58342003985,682.1563161365316,8526.953951706644,18,2024-11,bearish,0.061895334122539676,q3,"(60.0, 70.0]"
316,v17,316,short,Short2,2024-11-22 12:00:00,98735.96,0.05060843771115166,2,0,,,31344,98870.39,98949.0,98695.56,98735.99,309.59176,51.23773794185863,370.5224504004915,0.0037526584824894293,94615.4139484312,96766.35470083886,92464.47319602357,98917.29545324651,90313.53244361593,688.3010407704464,8603.76300963058,12,2024-11,bearish,0.13612057771436148,q3,"(50.0, 60.0]"
317,v17,317,short,Short1,2024-11-23 13:15:00,98749.87,0.02531617334913775,1,0,,,31445,98799.99,98847.68,98738.06,98749.9,238.23758,61.292537111139616,271.2340360307938,0.002746676564034939,96824.23080578951,99013.72955603807,94634.73205554092,101203.22830628662,92445.23330529233,700.6396000795428,8757.995000994284,13,2024-11,bearish,0.05072410199910184,q1_low,"(60.0, 70.0]"
318,v17,318,long,Long1,2024-11-24 16:00:00,96130.04,0.026016776234449264,1,0,,,31552,95901.52,96310.63,95734.77,96130.01,1087.02235,33.732503881030866,277.61548481887286,0.002887916945175319,98164.0384306485,100444.25244525821,95883.82441603883,102724.46645986792,93603.61040142915,729.6684846751019,9120.856058438774,16,2024-11,bullish,0.23768852203384844,q2,"(30.0, 40.0]"
319,v17,320,long,Long1,2024-11-25 17:45:00,95238.12,0.013107990180138002,1,0,,,31655,94951.99,95351.57,94850.0,95238.09,456.809,31.465551269475668,356.5069605121,0.0037433232912598316,98004.30838123761,100290.70394590689,95717.91281656837,102577.09951057617,93431.51725189912,731.6465806941642,9145.582258677052,17,2024-11,bullish,0.30040501652226675,q3,"(30.0, 40.0]"
320,v17,319,long,Long2,2024-11-26 00:00:00,93384.04,0.053366936855057195,2,0,,,31680,93010.01,93512.21,92727.9,93384.01,1179.75245,37.77777560453672,433.1461710515618,0.004638333383322924,97801.5197749669,100090.05130750274,95512.98824243108,102378.58284003858,93224.45670989527,732.3300904114649,9154.126130143311,0,2024-11,bullish,0.40049683023892424,q4_high,"(30.0, 40.0]"
321,v17,321,long,Long1,2024-11-26 20:30:00,91416.01,0.01361791188210191,1,0,,,31762,91301.66,91420.0,90791.1,91415.98,1341.57669,34.49418968032289,493.36419303977436,0.0053969141176386706,96539.3216212415,98834.13578486111,94244.50745762189,101128.94994848073,91949.6932940023,734.3405323582748,9179.256654478435,20,2024-11,bullish,0.1250547223800395,q4_high,"(30.0, 40.0]"
322,v17,322,short,Short1,2024-11-27 20:30:00,96657.96,0.02576438848839329,1,0,,,31858,97208.21,97208.21,96620.01,96657.99,661.60743,65.22977326057384,408.3992714420033,0.004225199297461113,94983.99886802571,97236.9669628492,92731.03077320219,99489.93505767267,90478.06267837867,720.94979034352,9011.872379294,20,2024-11,bearish,0.5692441980223271,q3,"(60.0, 70.0]"
323,v17,323,short,Short1,2024-11-29 02:15:00,96422.33,0.025829292979066096,1,0,,,31977,96451.98,96511.99,96232.0,96422.36,243.44636,70.02940623270091,324.1514518404528,0.003361787160576165,94301.53411492858,96473.38492042238,92129.68330943474,98645.23572591618,89957.8325039409,694.9922577580228,8687.403221975284,2,2024-11,bearish,0.03071901579674605,q2,"(70.0, 100.0]"
324,v17,324,short,Short1,2024-11-29 12:15:00,97212.99,0.01281539077610043,1,0,,,32017,97400.01,97500.0,97170.27,97213.02,717.20593,65.27167002974954,291.1644075123156,0.0029951173979814185,94452.41125212926,96627.94296027634,92276.87954398217,98803.47466842343,90101.34783583508,696.1701466070674,8702.126832588343,12,2024-11,bearish,0.19235077770445838,q2,"(60.0, 70.0]"
325,v17,325,long,Long1,2024-12-02 10:15:00,95195.76,0.02617501816805946,1,0,,,32297,95127.99,95200.46,95013.34,95195.73,200.51337,35.79223694318948,257.05086192254015,0.0027002352093160077,96793.68758155384,99029.91681564915,94557.45834745854,101266.14604974446,92321.22911336324,715.5933549104981,8944.916936381225,10,2024-12,bullish,0.07115865385977994,q1_low,"(30.0, 40.0]"
326,v17,326,long,Long1,2024-12-03 11:00:00,94868.08,0.026271406424456023,1,0,,,32396,94697.9,95000.0,94595.38,94868.05,388.66655,35.00521917100484,295.7723541224189,0.0031177235552161016,96496.37272309785,98762.92452450952,94229.82092168616,101029.47632592119,91963.26912027448,725.2965764517372,9066.207205646715,11,2024-12,bullish,0.17935437694778034,q2,"(30.0, 40.0]"
327,v17,327,short,Short1,2024-12-04 20:45:00,98747.94,0.0126242555153516,1,0,,,32531,98806.32,99000.0,98436.56,98747.97,1798.77993,81.38397866866336,355.8017323554822,0.003603129586921961,96064.90411730406,98356.90489566998,93772.90333893811,100648.90567403592,91480.90256057217,733.4402490771004,9168.003113463754,20,2024-12,bearish,0.05908982230217575,q2,"(70.0, 100.0]"
328,v17,328,short,Short1,2024-12-05 02:45:00,101248.16,0.012311475073971106,1,0,,,32555,101312.02,101600.0,100528.71,101248.19,3465.84044,76.70818679380582,416.0873915564332,0.004109578566850757,96065.69231754303,98358.28835825963,93773.09627682646,100650.88439897621,91480.50023610987,733.6307330293068,9170.384162866336,2,2024-12,bearish,0.06304310230138607,q3,"(70.0, 100.0]"
329,v17,329,short,Short1,2024-12-06 18:30:00,100831.97,0.012337298145263608,1,0,,,32714,101529.41,101549.78,100796.0,100832.0,1154.99807,65.64035795599995,555.7287732727559,0.005511432613384203,97981.93939442039,100565.4153100053,95398.46347883547,103148.8912255902,92814.98756325054,826.7122929871723,10333.903662339653,18,2024-12,bearish,0.691655426848623,q4_high,"(60.0, 70.0]"
330,v17,330,long,Long1,2024-12-09 20:30:00,96886.12,0.01284269122269928,1,0,,,33010,96588.0,97159.09,96588.0,96886.09,990.14706,38.18989811363342,393.2752371440651,0.004059150670071061,99595.89547496628,102235.72501259724,96956.06593733528,104875.55455022819,94316.2363997043,844.7454520419112,10559.31815052389,20,2024-12,bullish,0.30767058511701373,q3,"(30.0, 40.0]"
331,v17,331,long,Long1,2024-12-10 16:00:00,95810.63,0.012982887379105804,1,0,,,33088,95658.79,96101.43,95282.63,95810.6,2005.40433,29.14242162705318,469.5060146241409,0.004900355645660719,99005.85804364744,101410.79708641037,96600.91900088446,103815.73612917328,94195.97995812149,769.5804936841433,9619.756171051791,16,2024-12,bullish,0.1584480214089174,q4_high,"(-0.001, 30.0]"
332,v17,332,short,Short1,2024-12-11 15:30:00,100228.99,0.024821852967425614,1,0,,,33182,100486.09,100570.0,100073.27,100229.02,1159.25768,77.00268297671099,425.37357092009614,0.004244016063612077,98134.16558594504,100508.751413533,95759.5797583571,102883.33724112097,93384.99393076915,759.8674648281454,9498.343310351818,15,2024-12,bearish,0.256482603541362,q3,"(70.0, 100.0]"
333,v17,333,short,Short1,2024-12-13 15:15:00,101159.48,0.024518170427466922,1,0,,,33373,101220.62,101366.44,101111.11,101159.51,426.01458,71.95298978161057,320.677093199526,0.003170014299194668,99104.79722701904,101444.39682469293,96765.19762934514,103783.99642236682,94425.59803167124,748.6718712556467,9358.398390695584,15,2024-12,bearish,0.060409545281506986,q2,"(70.0, 100.0]"
334,v17,334,short,Short1,2024-12-13 20:45:00,101679.97,0.024401812787396938,1,0,,,33395,101819.66,101879.98,101539.82,101680.0,305.06399,60.53389744196181,342.6298494207067,0.0033696877401721745,99345.55857355258,101691.80253663499,96999.31461047017,104038.0464997174,94653.07064738777,750.7980681863706,9384.975852329633,20,2024-12,bearish,0.13735247836349676,q2,"(60.0, 70.0]"
335,v17,336,short,Short1,2024-12-15 12:45:00,102946.51,0.02411040214308852,1,0,,,33555,103258.43,103359.97,102850.0,102946.54,660.92491,66.76519747295674,236.5866856614458,0.0022981509204820856,101023.88318314652,103389.26008633702,98658.50627995603,105754.63698952753,96293.12937676553,756.9206090209599,9461.507612761998,12,2024-12,bearish,0.30296307190120175,q1_low,"(60.0, 70.0]"
336,v17,335,short,Short2,2024-12-16 00:45:00,105444.92,0.04684636087602278,2,0,,,33603,105897.99,105977.28,105203.48,105444.95,962.4906,71.37209588739317,304.10917103607267,0.002884056287532714,101316.84540058597,103695.51122479161,98938.17957638038,106074.17704899724,96559.51375217481,761.1730637457944,9514.66329682243,0,2024-12,bearish,0.42964599063303477,q2,"(70.0, 100.0]"
337,v17,337,short,Short1,2024-12-16 15:45:00,106331.98,0.011661228859893085,1,0,,,33663,106427.07,106491.94,106008.71,106332.01,575.8074,73.9294647349615,340.10646060984703,0.0031985331661636704,102135.67226946558,104552.71656751628,99718.62797141488,106969.76086556699,97301.58367336419,773.4541753762239,9668.177192202798,15,2024-12,bearish,0.08939923170831834,q2,"(70.0, 100.0]"
338,v17,338,short,Short2,2024-12-16 15:45:00,106331.98,0.046643234907073144,2,0,,,33663,106427.07,106491.94,106008.71,106332.01,575.8074,73.9294647349615,340.10646060984703,0.0031985331661636704,102135.67226946558,104552.71656751628,99718.62797141488,106969.76086556699,97301.58367336419,773.4541753762239,9668.177192202798,15,2024-12,bearish,0.08939923170831834,q2,"(70.0, 100.0]"
339,v17,339,short,Short1,2024-12-17 03:45:00,106866.46,0.011613645276122408,1,0,,,33711,106920.72,106972.1,106768.0,106866.49,192.79465,63.0523600931032,350.9067225909435,0.0032835992142246227,102940.34807252901,105366.64894667213,100514.04719838584,107792.94982081522,98087.74632424267,776.4162797258037,9705.203496572547,3,2024-12,bearish,0.05074556112023135,q2,"(60.0, 70.0]"
340,v17,340,long,Long1,2024-12-18 20:45:00,100846.7,0.012304056792792764,1,0,,,33875,100373.22,101883.51,100303.72,100846.67,1935.59078,25.51333697170577,473.3244739775229,0.004693506230572839,105253.54036193545,107747.88553900365,102759.19518486722,110242.23071607185,100264.85000779899,798.1904566618288,9977.38070827286,20,2024-12,bullish,0.469475095211371,q4_high,"(-0.001, 30.0]"
341,v17,341,long,Long2,2024-12-18 20:45:00,100846.7,0.04921445392237502,2,0,,,33875,100373.22,101883.51,100303.72,100846.67,1935.59078,25.51333697170577,473.3244739775229,0.004693506230572839,105253.54036193545,107747.88553900365,102759.19518486722,110242.23071607185,100264.85000779899,798.1904566618288,9977.38070827286,20,2024-12,bullish,0.469475095211371,q4_high,"(-0.001, 30.0]"
342,v17,342,long,Long1,2024-12-19 01:15:00,100568.72,0.01234364199122721,1,0,,,33893,100565.94,100903.28,100556.42,100568.69,288.09079,39.84477492540733,489.73381267424,0.004869644942916528,105267.66476790803,107785.15014647553,102750.17938934057,110302.63552504302,100232.69401077312,805.595321141592,10069.9415142699,1,2024-12,bullish,0.0027344494593695115,q4_high,"(30.0, 40.0]"
343,v17,343,long,Long2,2024-12-19 01:15:00,100568.72,0.049372789007070844,2,0,,,33893,100565.94,100903.28,100556.42,100568.69,288.09079,39.84477492540733,489.73381267424,0.004869644942916528,105267.66476790803,107785.15014647553,102750.17938934057,110302.63552504302,100232.69401077312,805.595321141592,10069.9415142699,1,2024-12,bullish,0.0027344494593695115,q4_high,"(30.0, 40.0]"
344,v17,344,long,Long1,2024-12-19 18:15:00,98459.88,0.012621106276986597,1,0,,,33961,98036.01,98472.72,96900.0,98459.85,2009.48557,31.720470943577453,517.3190785633907,0.00525411199147054,104696.76953323695,107196.068263844,102197.47080262989,109695.36699445106,99698.17207202285,799.7755937942571,9997.194922428214,18,2024-12,bullish,0.43046988188587637,q4_high,"(30.0, 40.0]"
345,v17,345,short,TrendShort,2024-12-20 09:15:00,95174.1,0.1303918230538135,0,-1,breakout_down,,34021,95080.16,95665.88,95057.01,95174.13,968.74483,31.722565433458428,591.1609511873471,0.006211361755419745,103278.3077974814,105757.85706715468,100798.7585278081,108237.40633682796,98319.2092581348,793.455766295453,9918.197078693163,9,2024-12,bullish,0.09873481375663866,q4_high,"(30.0, 40.0]"
346,v17,346,long,Long1,2024-12-21 13:00:00,97408.2,0.025379888335888695,1,0,,,34132,97132.0,97500.48,97099.43,97408.17,417.0731,38.371233936376264,465.2538314927037,0.004776332739776383,99750.31132740556,102117.36368954107,97383.2589652701,104484.41605167658,95016.20660313462,757.4567558833572,9468.209448541966,13,2024-12,bullish,0.2835183126836263,q4_high,"(30.0, 40.0]"
347,v17,347,long,Long1,2024-12-22 15:00:00,95533.91,0.02585636987627494,1,0,,,34236,95363.44,95660.8,95166.16,95533.88,406.19538,29.734730532437425,374.00405998831667,0.003914884017987301,97731.74109230725,100031.56078471459,95431.92139989989,102331.38047712194,93132.10170749253,735.9423015703529,9199.27876962941,15,2024-12,bullish,0.17840791141320997,q3,"(-0.001, 30.0]"
348,v17,348,long,Long1,2024-12-23 14:45:00,94389.7,0.026175242026669796,1,0,,,34331,94290.41,94535.34,93700.01,94389.67,1737.10041,34.64465818577446,421.18859392380193,0.004462231872659391,96622.74018819528,98886.67346217568,94358.80691421487,101150.60673615607,92094.87364023447,724.4586476737285,9055.733095921605,14,2024-12,bullish,0.10515981250913872,q3,"(30.0, 40.0]"
349,v17,349,short,Short1,2024-12-24 15:15:00,97542.04000000001,0.02532884422455936,1,0,,,34429,97568.86,97611.77,97275.43,97542.07,453.10644,86.42803407931687,388.82335145137614,0.0039862118104667665,95845.37520783277,98056.73354666945,93634.01686899608,100268.09188550613,91422.65853015942,707.6346684277372,8845.433355346715,15,2024-12,bearish,0.02746507225035679,q3,"(70.0, 100.0]"
350,v17,350,long,Long1,2024-12-27 07:45:00,95104.79,0.025933263694895573,1,0,,,34687,94900.01,95526.32,94858.3,95104.76,789.55837,34.476327881351565,354.5949870311791,0.0037284672926063754,96984.98623970294,99174.52502739831,94795.44745200757,101364.06381509369,92605.90866431221,700.6524120625179,8758.155150781473,7,2024-12,bullish,0.2152889087780675,q3,"(30.0, 40.0]"
351,v17,351,long,Long1,2024-12-27 17:30:00,94240.02,0.01309132576149145,1,0,,,34726,93766.37,94287.65,93752.55,94239.99,576.73427,37.224815684139344,399.81255753035094,0.004242493632802284,97228.0096662937,99439.80799270487,95016.2113398825,101651.60631911604,92804.4130134713,707.7754644515785,8847.19330564473,17,2024-12,bullish,0.5025679650433005,q3,"(30.0, 40.0]"
352,v17,352,long,Long1,2024-12-29 19:00:00,93697.2,0.026338229585491108,1,0,,,34924,93652.0,93783.25,93616.67,93697.17,124.0677,33.76870027508593,208.60385613084173,0.002226362398467763,95300.28906895092,97544.11751570029,93056.4606222016,99787.94596244964,90812.63217545228,718.0251029597887,8975.313786997358,19,2024-12,bullish,0.048208499787131515,q1_low,"(30.0, 40.0]"
353,v17,353,long,Long1,2024-12-30 22:00:00,92580.52,0.026668059876088633,1,0,,,35032,92076.0,92652.61,91948.0,92580.49,520.419,38.69501454065608,350.59036477124454,0.0037868709138528488,94460.81166387215,96720.5118177054,92201.11151003893,98980.21197153864,89941.41135620572,723.1040492266335,9038.800615332919,22,2024-12,bullish,0.5449204254589766,q3,"(30.0, 40.0]"
354,v17,354,short,Short1,2025-01-02 07:45:00,95821.97,0.025942057467521755,1,0,,,35263,95839.99,95850.49,95692.46,95822.0,158.20914,63.30224640043002,267.54757706878763,0.002792131004036522,93808.0934687208,96057.26576451577,91558.92117292582,98306.43806031074,89309.74887713084,719.735134654392,8996.6891831799,7,2025-01,bearish,0.01877439418923132,q1_low,"(60.0, 70.0]"
355,v17,355,short,Short1,2025-01-03 16:45:00,97868.17,0.012685222813230111,1,0,,,35395,98147.34,98151.52,97720.31,97868.2,319.51302,67.56069413595326,280.5326549922954,0.002866433172289829,95186.1537120087,97433.55101652897,92938.75640748844,99680.94832104923,90691.35910296818,719.1671374464838,8989.589218081048,16,2025-01,bearish,0.2852203269294821,q1_low,"(60.0, 70.0]"
356,v17,356,short,Short1,2025-01-04 19:30:00,98140.94,0.02530233939240795,1,0,,,35502,98167.17,98264.24,98119.58,98140.97,51.46608,61.0044549217365,188.6709739084242,0.0019224486359613543,96566.3759149791,98830.93345796369,94301.81837199454,101095.49100094827,92037.26082900999,724.6584137550625,9058.230171938281,19,2025-01,bearish,0.02669629207862638,q1_low,"(60.0, 70.0]"
357,v17,357,short,Short1,2025-01-06 05:00:00,99413.37,0.024989444145377848,1,0,,,35636,99466.09,99609.99,99400.0,99413.4,157.48651,67.59611333436084,196.34949367731943,0.0019750807605143717,97765.49429609058,100091.63147557969,95439.3571166015,102417.76865506882,93113.21993711243,744.3638974365115,9304.548717956393,5,2025-01,bearish,0.053000903298752816,q1_low,"(60.0, 70.0]"
358,v17,358,long,Long1,2025-01-07 17:45:00,97277.34,0.025416745531674074,1,0,,,35783,97229.98,97380.0,96577.0,97277.31,779.96132,21.933814132829554,322.59239390584116,0.003316214170661598,99289.73693505788,101704.20748447374,96875.26638564207,104118.67803388959,94460.79583622626,772.6305758130667,9657.882197663333,17,2025-01,bullish,0.04865471711748788,q2,"(-0.001, 30.0]"
359,v17,359,long,Long1,2025-01-09 08:15:00,92990.03,0.013203673471719548,1,0,,,35937,92924.26,93177.22,92800.0,92990.0,301.80845,26.388148103064708,388.6767946236037,0.004179769809910783,98361.7821792459,100810.98301672505,95912.58134176675,103260.18385420421,93463.38050428762,783.7442679933273,9796.80334991659,8,2025-01,bullish,0.07069577373911737,q3,"(-0.001, 30.0]"
360,v17,360,long,Long1,2025-01-09 14:00:00,92399.99,0.013290369815968829,1,0,,,35960,91986.41,92560.0,91800.0,92399.96,987.98981,35.501657098162866,395.3534356203002,0.004278718687976707,97983.33254725722,100400.99714136179,95565.66795315265,102818.66173546636,93148.00335904806,773.6526701134642,9670.658376418301,14,2025-01,bullish,0.44756512881607624,q3,"(30.0, 40.0]"
361,v17,361,long,Long2,2025-01-09 18:30:00,93014.95999999999,0.052843246059565675,2,0,,,35978,92756.01,93239.51,92615.38,93014.93,297.19819,44.72273990037274,423.8555355362031,0.004556854856916015,97649.19981142165,100039.92893481225,95258.47068803106,102430.65805820287,92867.74156464046,765.0333194849932,9562.916493562414,18,2025-01,bullish,0.27836391426623475,q4_high,"(40.0, 50.0]"
362,v17,362,long,Long1,2025-01-13 10:45:00,91644.99,0.013360971781178859,1,0,,,36331,91610.01,91790.0,91372.17,91644.96,915.85145,16.639176330294845,268.67846328168923,0.002931732015396037,94401.25116686625,96742.27373924051,92060.22859449199,99083.29631161479,89719.20602211772,749.1272231597651,9364.090289497064,10,2025-01,bullish,0.038136303403931475,q2,"(-0.001, 30.0]"
363,v17,363,short,Short1,2025-01-14 10:00:00,96737.54000000001,0.012659063158092,1,0,,,36424,97159.43,97194.26,96663.74,96737.57,530.44665,68.79226376477817,373.0529450360798,0.0038563398381423037,94076.1405024233,96440.78637877206,91711.49462607453,98805.4322551208,89346.84874972576,756.6866804316035,9458.583505395043,10,2025-01,bearish,0.4360870342308433,q3,"(60.0, 70.0]"
364,v17,364,short,Short1,2025-01-15 14:00:00,98942.92,0.012375314756998077,1,0,,,36536,98963.99,99451.0,98800.35,98942.95,1052.97501,76.5834353258393,343.3271851188373,0.003469950967894502,94792.55729545542,97117.49690802001,92467.61768289082,99442.4365205846,90142.67807032623,743.9806760206691,9299.758450258363,14,2025-01,bearish,0.021264779350128684,q2,"(70.0, 100.0]"
365,v17,365,short,Short2,2025-01-15 14:00:00,98942.92,0.049499475482304565,2,0,,,36536,98963.99,99451.0,98800.35,98942.95,1052.97501,76.5834353258393,343.3271851188373,0.003469950967894502,94792.55729545542,97117.49690802001,92467.61768289082,99442.4365205846,90142.67807032623,743.9806760206691,9299.758450258363,14,2025-01,bearish,0.021264779350128684,q2,"(70.0, 100.0]"
366,v17,366,short,Short3,2025-01-15 20:15:00,100179.6,0.048575848700782555,3,0,,,36561,100245.7,100681.94,100123.54,100179.63,616.05975,69.39234788343002,361.29138381992533,0.003606435597934683,95085.17378966295,97413.02536896589,92757.32221036003,99740.87694826882,90429.4706310571,744.9125053769374,9311.406317211717,20,2025-01,bearish,0.06595153126438222,q2,"(60.0, 70.0]"
367,v17,367,short,Short1,2025-01-16 20:30:00,100501.87,0.012172545246536366,1,0,,,36658,100615.64,100641.99,100464.0,100501.9,271.83741,64.90395063819412,365.75969862696945,0.003639331183061907,96793.87521547593,99098.18806112956,94489.56236982232,101402.5009067832,92185.24952416871,737.3801106091589,9217.251382614486,20,2025-01,bearish,0.11317198978328295,q3,"(60.0, 70.0]"
368,v17,368,short,Short1,2025-01-17 05:15:00,101624.96,0.012039840346524949,1,0,,,36693,101668.52,101782.02,101603.67,101624.99,174.62589,65.83674544137406,359.4256778009286,0.003536784385424575,97637.22850832617,99931.29797336753,95343.15904328483,102225.36743840888,93049.08957824351,734.1022288132297,9176.27786016537,5,2025-01,bearish,0.042833952554385324,q2,"(60.0, 70.0]"
369,v17,369,short,Short2,2025-01-17 05:15:00,101624.96,0.04815762622792299,2,0,,,36693,101668.52,101782.02,101603.67,101624.99,174.62589,65.83674544137406,359.4256778009286,0.003536784385424575,97637.22850832617,99931.29797336753,95343.15904328483,102225.36743840888,93049.08957824351,734.1022288132297,9176.27786016537,5,2025-01,bearish,0.042833952554385324,q2,"(60.0, 70.0]"
370,v17,370,short,Short3,2025-01-17 15:15:00,103963.29000000001,0.04652610507931119,3,0,,,36733,104055.17,104254.19,103508.54,103963.32,1041.29414,73.82139062538279,353.8720447954001,0.003403816315171544,98541.57966721876,100841.38521127048,96241.77412316698,103141.1907553222,93941.96857911522,735.9377740965585,9199.222176206982,15,2025-01,bearish,0.08834846751718901,q2,"(70.0, 100.0]"
371,v17,371,short,Short1,2025-01-17 20:00:00,105449.96,0.011376368947531412,1,0,,,36752,105834.93,105847.02,105286.94,105449.99,504.27356,67.09577805142001,378.16251504322634,0.0035861787662874725,98994.51416118589,101295.19236512044,96693.83595725134,103595.870569055,94393.15775331679,736.2170252590569,9202.71281573821,20,2025-01,bearish,0.36504507966286937,q2,"(60.0, 70.0]"
372,v17,372,short,Short1,2025-01-19 02:30:00,105116.51,0.011415059614008485,1,0,,,36874,105190.61,105458.55,105110.0,105116.54,335.60229,67.1762423151138,341.03795764927577,0.0032443795966769435,101734.66938839434,104058.80414134086,99410.53463544785,106382.93889428738,97086.39988250137,743.7231209428807,9296.539011786008,2,2025-01,bearish,0.07046464809439788,q2,"(60.0, 70.0]"
373,v17,373,short,Short1,2025-01-19 20:00:00,106074.29000000001,0.011314463815202947,1,0,,,36944,106200.0,106361.39,106000.04,106074.32,578.1395,65.45724534388934,372.5852650985353,0.0035124926098846097,102976.5263790862,105325.7160310903,100627.3367270821,107674.9056830944,98278.14707507801,751.7406886413112,9396.75860801639,20,2025-01,bearish,0.11848296552831356,q2,"(60.0, 70.0]"
374,v17,374,short,Short1,2025-01-20 07:15:00,108706.12,0.011097380259381414,1,0,,,36989,108975.43,109081.13,107701.01,108706.15,1807.37669,82.972839209577,664.261563971635,0.006110616225224011,103571.83394315113,106050.05785360455,101093.61003269769,108528.28176405799,98615.38612224425,793.0316513450991,9912.895641813739,7,2025-01,bearish,0.2477136758131889,q4_high,"(70.0, 100.0]"
375,v17,375,long,Long1,2025-01-21 00:00:00,102403.59,0.023557980414100253,1,0,,,37056,102260.0,102580.0,101720.49,102403.56,533.08465,39.74679620447988,869.1307144919627,0.008487309567088906,104363.93934988632,107094.14123282974,101633.7374669429,109824.34311577317,98903.53558399949,873.6646025418944,10920.80753177368,0,2025-01,bullish,0.14019043869177758,q4_high,"(30.0, 40.0]"
376,v17,376,long,Long1,2025-01-23 02:30:00,102460.02,0.02374522084616775,1,0,,,37258,102391.09,102500.66,102100.0,102459.99,418.17814,28.903715951665447,478.7931627489802,0.004672976863934694,104477.71404631644,107138.06524092203,101817.36285171086,109798.41643552763,99157.01165710528,851.3123822737881,10641.404778422351,2,2025-01,bullish,0.06724576100388915,q4_high,"(-0.001, 30.0]"
377,v17,377,short,Short1,2025-01-24 17:30:00,106319.97,0.02289207373947012,1,0,,,37414,106478.22,106498.2,106224.13,106320.0,220.62428,62.19758199137183,499.30019274151124,0.0046962019633324985,104329.38479953656,106944.17838725462,101714.5912118185,109558.9719749727,99099.79762410042,836.7339480697818,10459.174350872272,17,2025-01,bearish,0.14881489841986564,q4_high,"(60.0, 70.0]"
378,v17,378,long,Long1,2025-01-27 05:00:00,100581.63,0.012184287785079715,1,0,,,37652,100410.04,100690.99,100360.0,100581.6,327.81033,29.402055152829448,287.3887582804196,0.002857269702216107,104748.86938389443,107452.64000895279,102045.09875883607,110156.41063401115,99341.32813377773,865.2066000186734,10815.082500233417,5,2025-01,bullish,0.17056797664782844,q1_low,"(-0.001, 30.0]"
379,v17,379,long,Long2,2025-01-27 09:00:00,99300.49,0.049301283290195584,2,0,,,37668,99043.78,99486.14,98942.85,99300.46,466.25032,40.67133782806869,349.31950511387464,0.003517803493698565,104642.80127550165,107352.61105646365,101932.99149453966,110062.42083742566,99223.18171357768,867.1391299078381,10839.239123847976,9,2025-01,bullish,0.25848822855403447,q2,"(40.0, 50.0]"
380,v17,380,long,Long1,2025-01-28 22:00:00,100877.5,0.024323523569891543,1,0,,,37816,100334.0,100877.47,100274.96,100877.47,280.63227,36.75696045114829,443.1281277644886,0.004392736334133763,102929.23557814024,105434.6606361033,100423.81052017721,107940.08569406635,97918.38546221418,801.7360185481737,10021.70023185217,22,2025-01,bullish,0.5387426944787584,q3,"(30.0, 40.0]"
381,v17,381,short,Short1,2025-01-30 01:30:00,104335.97,0.023676387798170412,1,0,,,37926,104372.23,104555.0,104148.79,104336.0,329.26541,62.25426035848002,417.9691881234945,0.0040059920652842215,101974.17005982554,104463.38105149777,99484.95906815336,106952.59204317,96995.74807648118,796.5475173351064,9956.84396668883,1,2025-01,bearish,0.03472435209323333,q3,"(60.0, 70.0]"
382,v17,382,short,Short1,2025-01-31 15:45:00,105463.98,0.02340519239256825,1,0,,,38079,105641.99,106012.0,105381.53,105464.01,670.29617,66.75125552422776,308.9912747367031,0.0029298267222790325,103538.64464984658,105974.28185627653,101103.00744341663,108409.91906270647,98667.3702369867,779.4039060575818,9742.548825719772,15,2025-01,bearish,0.16875899181152934,q2,"(60.0, 70.0]"
383,v17,384,long,Long1,2025-02-01 08:30:00,102011.08,0.024370156807323875,1,0,,,38146,102009.27,102051.98,101911.78,102011.05,126.38383,36.24371000753337,281.97126447077864,0.0027641247146341363,103811.17324136397,106234.71216085037,101387.63432187759,108658.25108033676,98964.09540239122,775.5324542356434,9694.155677945542,8,2025-02,bullish,0.0017449090074054094,q1_low,"(30.0, 40.0]"
384,v17,383,long,Long2,2025-02-02 04:00:00,99277.02,0.049810540192678276,2,0,,,38224,99206.85,99555.23,99031.19,99276.99,367.47517,21.554257959787122,286.1624170830058,0.002882464678703552,103696.78945439101,106142.43969271373,101251.13921606829,108588.08993103645,98805.48897774555,782.6080762632715,9782.600953290894,4,2025-02,bullish,0.07065081243901473,q2,"(-0.001, 30.0]"
385,v17,386,long,Long1,2025-02-02 11:45:00,98864.63,0.012524745695053255,1,0,,,38255,98828.0,99041.67,98645.0,98864.6,509.06777,32.67498019907514,304.15049633355875,0.003076434804101354,103341.42549478107,105779.46770235484,100903.38328720733,108217.50990992862,98465.34107963358,780.1735064236028,9752.168830295035,11,2025-02,bullish,0.037020328813352626,q2,"(30.0, 40.0]"
386,v17,387,long,Long2,2025-02-02 11:45:00,98864.63,0.05009717769605547,2,0,,,38255,98828.0,99041.67,98645.0,98864.6,509.06777,32.67498019907514,304.15049633355875,0.003076434804101354,103341.42549478107,105779.46770235484,100903.38328720733,108217.50990992862,98465.34107963358,780.1735064236028,9752.168830295035,11,2025-02,bullish,0.037020328813352626,q2,"(30.0, 40.0]"
387,v17,385,long,Long3,2025-02-02 18:00:00,97473.61,0.05044731387650058,3,0,,,38280,97228.86,97534.76,97019.0,97473.58,578.85576,31.03528511716887,341.3589077960977,0.0035020659731190514,102904.6211043465,105331.68564625375,100477.55656243932,107758.75018816102,98050.49202053214,776.6606534103106,9708.258167628883,18,2025-02,bullish,0.2510629034041852,q2,"(30.0, 40.0]"
388,v17,388,short,TrendShort,2025-02-03 01:45:00,93435.79000000001,0.12932915088878807,0,-1,breakout_down,,38311,94153.52,94164.75,92000.0,93435.82,5615.04058,26.15793025539628,523.5384240618356,0.00560318755763941,102197.38715597214,104615.79506900998,99778.97924293432,107034.20298204782,97360.5713298965,773.8905321721057,9673.631652151322,1,2025-02,bearish,0.7681208341725871,q4_high,"(-0.001, 30.0]"
389,v17,389,short,Short1,2025-02-03 22:00:00,101799.31,0.023570415758211845,1,0,,,38392,101802.56,102500.01,101699.99,101799.34,870.72833,72.35122793685909,632.5788284652521,0.006213977698335295,99861.422624946,102364.88014489907,97357.96510499294,104868.33766485214,94854.50758503989,801.1064063849801,10013.830079812251,22,2025-02,bearish,0.0031630853402400886,q4_high,"(70.0, 100.0]"
390,v17,390,long,Long1,2025-02-04 22:00:00,96557.78,0.02485896090832763,1,0,,,38488,96514.47,96627.91,96150.0,96557.75,781.79092,29.735917797738722,590.986368414057,0.006120548256499939,98834.39093545434,101283.54039036369,96385.241480545,103732.68984527304,93936.09202563563,783.7278255709924,9796.597819637405,22,2025-02,bullish,0.04482291685545576,q4_high,"(-0.001, 30.0]"
391,v17,391,long,Long1,2025-02-06 16:45:00,96586.99,0.02485639842664357,1,0,,,38659,96586.01,96790.31,96400.0,96586.96,479.61538,27.25230490408738,393.9095246597097,0.004078288877294716,98307.86276057409,100630.08084358845,95985.64467755976,102952.29892660282,93663.42659454542,743.1097865645913,9288.872332057392,16,2025-02,bullish,0.0009835696247315802,q3,"(-0.001, 30.0]"
392,v17,392,short,Short1,2025-02-07 14:45:00,99710.89,0.02408562458609492,1,0,,,38747,99923.34,100137.99,99629.96,99710.92,945.53094,77.43625580279502,369.7246571617558,0.0037079655584539364,97894.07553605128,100176.52528444183,95611.62578766076,102458.97503283237,93329.17603927023,730.3839194849716,9129.798993562144,14,2025-02,bearish,0.21303584401788514,q3,"(70.0, 100.0]"
393,v17,393,long,Long1,2025-02-09 21:45:00,95173.81,0.025430027306888377,1,0,,,38967,95036.26,95292.69,94713.0,95173.78,889.56114,29.695074447163805,229.48048667687988,0.0024111733996157333,96818.18710433802,99107.53509899869,94528.83910967736,101396.88309365937,92239.49111501669,732.5913582914148,9157.391978642685,21,2025-02,bullish,0.14449357795813517,q1_low,"(-0.001, 30.0]"
394,v17,394,long,Long1,2025-02-11 19:30:00,95056.64,0.02547297489688119,1,0,,,39150,95036.38,95224.0,94876.88,95056.61,507.50241,19.108323562280617,265.57013716800236,0.0027938103112240416,96940.16899603147,99244.59507133944,94635.74292072351,101549.02114664741,92331.31684541554,737.4163440985501,9217.704301231875,19,2025-02,bullish,0.021282054977550667,q1_low,"(-0.001, 30.0]"
395,v17,395,long,Long1,2025-02-12 13:45:00,94975.41,0.025504098704894115,1,0,,,39223,94520.36,95231.2,94450.0,94975.38,806.98857,36.55956499785845,285.95654203440114,0.003010849148846797,96850.56255773606,99084.94414269054,94616.18097278161,101319.32572764502,92381.79938782718,715.0021071854269,8937.526339817836,13,2025-02,bullish,0.4790925816774874,q2,"(30.0, 40.0]"
396,v17,396,short,Short1,2025-02-14 18:00:00,98487.96,0.02460569241006631,1,0,,,39432,98525.99,98738.57,98409.18,98487.99,515.46639,69.81774404942695,295.79822704109,0.0030033938863113156,96478.05381973874,98762.38175622509,94193.7258832524,101046.70969271145,91909.39794676605,730.9849396756315,9137.311745945393,18,2025-02,bearish,0.03858338463400461,q2,"(60.0, 70.0]"
397,v17,397,long,Long1,2025-02-18 19:30:00,94021.8,0.01298530849632588,1,0,,,39822,93679.62,94037.9,93601.41,94021.77,310.09473,36.45599150914796,257.3459309851654,0.0027370887719425554,96634.88134303426,98954.57931908485,94315.18336698368,101274.27729513543,91995.4853909331,742.3033523361862,9278.791904202328,19,2025-02,bullish,0.36390508283348494,q1_low,"(30.0, 40.0]"
398,v17,398,short,Short1,2025-02-20 19:30:00,98369.71,0.012462216491897578,1,0,,,40014,98466.79,98466.79,98241.99,98369.74,131.71448,65.25007108306002,230.85822509561336,0.0023468418753126046,96016.66143280819,98267.61182890079,93765.7110367156,100518.5622249934,91514.76064062302,720.3041267496301,9003.801584370376,19,2025-02,bearish,0.0986583882401116,q1_low,"(60.0, 70.0]"
399,v17,399,long,Long1,2025-02-21 21:30:00,95176.5,0.025762844678357624,1,0,,,40118,95076.01,95300.0,95006.13,95176.47,310.3686,29.0414257444791,309.40047853525493,0.003250808509028071,96789.92524649254,99075.07442162867,94504.77607135638,101360.22359676482,92219.62689622023,731.2477360435669,9140.596700544585,21,2025-02,bullish,0.10555129855100362,q2,"(-0.001, 30.0]"
400,v17,401,long,Long1,2025-02-24 15:00:00,94855.38,0.025861840101063998,1,0,,,40380,94674.45,94960.0,94188.0,94855.35,1238.30157,32.01664297662366,214.13594974286826,0.002257499969615507,96513.61448785533,98892.33460098182,94134.89437472884,101271.05471410831,91756.17426160235,761.1904362004763,9514.880452505953,15,2025-02,bullish,0.19071143588633507,q1_low,"(30.0, 40.0]"
401,v17,400,long,Long2,2025-02-25 00:15:00,91662.19,0.05316132108876109,2,0,,,40417,91006.61,92128.33,90959.97,91662.16,976.38271,31.832687377389064,337.10441026180405,0.0036776834656940664,96106.94277859098,98493.39594855453,93720.48960862745,100879.84911851808,91334.03643866393,763.6650143883319,9545.812679854149,0,2025-02,bullish,0.7151806154251688,q3,"(30.0, 40.0]"
402,v17,402,long,Long1,2025-02-25 10:45:00,88213.8,0.01375060529141581,1,0,,,40459,88020.01,88350.01,87757.01,88213.77,731.32599,30.05465619943412,441.8773558891876,0.005009165302528025,95545.01357582607,97983.10769011642,93106.9194615357,100421.20180440677,90668.82534724534,780.1901165729145,9752.37645716143,10,2025-02,bullish,0.21964824766021146,q4_high,"(30.0, 40.0]"
403,v17,403,short,TrendShort,2025-02-25 15:00:00,86828.12,0.13979087281779315,0,-1,breakout_down,,40476,87157.25,87537.01,86565.0,86828.15,2935.6513,27.776805113384896,481.164894192109,0.005541577175053355,95192.86498501599,97648.82777923504,92736.90219079694,100104.7905734541,90280.9393965779,785.9080941500957,9823.851176876196,15,2025-02,bearish,0.3790245444593785,q4_high,"(-0.001, 30.0]"
404,v17,404,long,Long1,2025-02-26 13:15:00,87828.03,0.013420982901091413,1,0,,,40565,87728.05,87924.52,87518.47,87828.0,544.43801,31.41207661382424,409.2266395888455,0.00465940975074971,92848.72474292113,95282.8707749616,90414.57871088064,97717.01680700207,87980.43267884015,778.9267302529537,9736.584128161921,13,2025-02,bullish,0.11380197659060562,q4_high,"(30.0, 40.0]"
405,v17,405,short,TrendShort,2025-02-26 19:30:00,84031.87,0.1396927633025327,0,-1,breakout_down,,40590,84320.75,84667.99,83985.63,84031.9,1115.60229,28.229653071623332,543.1162068560618,0.006463214646533779,92159.60513099936,94570.37545526422,89748.83480673452,96981.14577952908,87338.0644824697,771.4465037647507,9643.081297059383,19,2025-02,bearish,0.34373850882820195,q4_high,"(-0.001, 30.0]"
406,v17,406,long,Long1,2025-02-27 15:00:00,85295.05,0.013657634959718319,1,0,,,40668,84969.99,85579.48,84640.75,85295.02,1857.05917,38.43407575029945,507.82384666264835,0.005953733836543427,89527.61709277793,91800.13140630152,87255.10277925432,94072.64571982512,84982.5884657307,727.204580327553,9090.057254094412,15,2025-02,bullish,0.3810656237609169,q4_high,"(30.0, 40.0]"
407,v17,407,long,Long2,2025-02-27 15:00:00,85295.05,0.054628571217279716,2,0,,,40668,84969.99,85579.48,84640.75,85295.02,1857.05917,38.43407575029945,507.82384666264835,0.005953733836543427,89527.61709277793,91800.13140630152,87255.10277925432,94072.64571982512,84982.5884657307,727.204580327553,9090.057254094412,15,2025-02,bullish,0.3810656237609169,q4_high,"(30.0, 40.0]"
408,v17,408,long,Long1,2025-02-27 19:45:00,84114.01,0.013861113645710334,1,0,,,40687,83937.33,84203.53,83722.23,84113.98,446.61424,36.176994460731514,497.30846708821446,0.005912316443571146,88897.91807820195,91123.43553128195,86672.40062512193,93348.95298436195,84446.8831720419,712.1655849856045,8902.069812320056,19,2025-02,bullish,0.21001265188021562,q4_high,"(30.0, 40.0]"
409,v17,409,short,TrendShort,2025-02-28 02:45:00,80805.47,0.14430080422492325,0,-1,breakout_down,,40715,80074.41,80836.48,79532.0,80805.5,3642.26768,30.1418307051203,570.8924562790135,0.007065019785522192,87947.53731610188,90107.16929314095,85787.90533906278,92266.80127018002,83628.27336202368,691.0822326525068,8638.527908156335,2,2025-02,bullish,0.9047527705416049,q4_high,"(30.0, 40.0]"
410,v17,410,short,Short1,2025-03-01 22:00:00,86003.68000000001,0.027159648561645326,1,0,,,40888,86076.86,86205.35,85900.33,86003.71,220.99288,70.5970256745845,376.1346262720331,0.004373469775571694,84271.68312750437,86243.00573653112,82300.36051847761,88214.32834555788,80329.03790945085,630.8232348885621,7885.290436107025,22,2025-03,bearish,0.08505447032458736,q3,"(70.0, 100.0]"
411,v17,411,long,TrendLong,2025-03-02 16:45:00,91200.03,0.12791511117885124,0,1,breakout_up,,40963,91584.99,91959.99,90667.73,91200.0,2765.07419,80.0272748118492,422.1588476264776,0.004628934732746465,84277.64088673785,86290.28321571724,82264.99855775846,88302.92554469661,80252.35622877906,644.0455452734046,8050.569315917557,16,2025-03,bearish,0.4221381578947426,q4_high,"(70.0, 100.0]"
412,v17,412,short,RevShort,2025-03-02 17:00:00,91629.61,0.1278692357638104,0,-2,breakout_long_tp,rev_short,40964,91200.0,91921.42,90636.0,91629.64,2106.59323,81.20366639556667,432.94961203114667,0.004724995231140782,84279.69135734718,86293.55247334392,82265.83024135043,88307.41358934066,80251.96912535369,644.4355571189581,8055.444463986976,17,2025-03,bullish,0.46888757829889915,q4_high,"(70.0, 100.0]"
413,v17,413,long,Long1,2025-03-04 07:15:00,83500.04,0.01519524428511862,1,0,,,41117,83461.75,83715.12,83342.37,83500.01,329.80856,38.17467479809716,650.587424112822,0.0077914652239301765,87855.65482271751,90004.01807282191,85707.2915726131,92152.38132292632,83558.9283225087,687.4762400334096,8593.45300041762,7,2025-03,bullish,0.045820353793963334,q4_high,"(30.0, 40.0]"
414,v17,414,long,Long2,2025-03-04 10:30:00,83860.02,0.06054397696215742,2,0,,,41130,83639.88,84040.98,83610.78,83859.99,219.99211,48.15180892069117,616.2191429382607,0.007348190036014322,87869.97638519401,90014.9015003439,85725.05127004409,92159.82661549379,83580.12615489415,686.3760368479707,8579.700460599634,10,2025-03,bullish,0.2624732008673034,q4_high,"(40.0, 50.0]"
415,v17,415,short,Short1,2025-03-05 10:45:00,89926.04000000001,0.028244834236782358,1,0,,,41227,89975.0,90126.87,89576.87,89926.07,602.22135,80.91579835317782,574.6490532441301,0.006390238706574523,88006.65634357448,90171.91599090754,85841.39669624141,92337.1756382406,83676.13704890835,692.8830871465802,8661.038589332253,10,2025-03,bearish,0.05441136257816339,q4_high,"(70.0, 100.0]"
416,v17,416,short,Short1,2025-03-05 21:00:00,90310.22,0.028130017927856077,1,0,,,41268,90499.64,90700.0,90118.96,90310.25,192.65964,60.00053304530326,619.8863838676217,0.006863964875167787,88351.76379096373,90516.37797551486,86187.1496064126,92680.99216006599,84022.53542186147,692.6765390563617,8658.45673820452,21,2025-03,bearish,0.20971041493075196,q4_high,"(60.0, 70.0]"
417,v17,417,short,Short2,2025-03-06 05:00:00,92149.96,0.054908209716111434,2,0,,,41300,92287.45,92416.0,92124.0,92149.99,198.93216,66.44687623145809,553.3662914171725,0.006005060786411073,88284.7954052964,90430.07347682686,86139.51733376592,92575.3515483573,83994.23926223545,686.4889828897477,8581.112286121846,5,2025-03,bearish,0.14916984798369684,q4_high,"(60.0, 70.0]"
418,v17,418,long,Long1,2025-03-07 21:45:00,86314.66,0.015095251481390097,1,0,,,41463,86293.47,86625.01,85680.0,86314.63,547.11855,36.10472327897308,706.4422488947646,0.008184501849741632,88781.76871780769,90872.21700020811,86691.32043540722,92962.66528260853,84600.87215300676,668.9434503681422,8361.793129601778,21,2025-03,bullish,0.024514963454055808,q4_high,"(30.0, 40.0]"
419,v17,420,long,Long1,2025-03-09 09:00:00,85799.02,0.015183356615235689,1,0,,,41604,85792.0,85822.45,85669.26,85798.99,91.01383,38.252770057378335,289.2415236936781,0.0033711530134990877,88117.18767816338,90233.11885552414,86001.25650080261,92349.0500328849,83885.32532344187,677.0979767554428,8463.724709443035,9,2025-03,bullish,0.008146949049173234,q2,"(30.0, 40.0]"
420,v17,421,long,Long2,2025-03-09 14:45:00,83602.6,0.0621672188410975,2,0,,,41627,83394.97,83659.0,83259.2,83602.57,268.14088,30.4544609101886,310.74875030010816,0.0037169760487041023,87697.58010899369,89823.83340344025,85571.32681454711,91950.0866978868,83445.07352010053,680.4010542229016,8505.01317778627,14,2025-03,bullish,0.24831772516084827,q3,"(30.0, 40.0]"
421,v17,419,long,Long3,2025-03-09 17:45:00,82366.03,0.0626269375871358,3,0,,,41639,82320.88,82749.99,82223.0,82366.0,303.19656,29.53511774508297,346.702198074362,0.004209287789553481,87443.5037576533,89570.6522037352,85316.35531157142,91697.80064981709,83189.20686548951,680.6875027462061,8508.593784327575,17,2025-03,bullish,0.054779884903959575,q3,"(-0.001, 30.0]"
422,v17,422,long,Long1,2025-03-10 14:45:00,79847.11,0.016028497931464,1,0,,,41723,79717.11,80028.31,79177.03,79847.08,1290.9432,29.963286632456175,519.7129830723882,0.0065088539627546575,85585.07905611554,87679.60816236112,83490.54994986992,89774.1372686067,81396.02084362431,670.2493139985914,8378.116424982392,14,2025-03,bullish,0.16277364181633336,q4_high,"(-0.001, 30.0]"
423,v17,423,short,TrendShort,2025-03-10 19:00:00,78006.14,0.16409622366851018,0,-1,breakout_down,,41740,77655.25,78172.0,77459.91,78006.17,1142.43931,31.483747169068494,561.4567096205552,0.00719759359574448,85160.25504770756,87245.27112736322,83075.23896805188,89330.28720701888,80990.22288839622,667.2051454898121,8340.064318622652,19,2025-03,bullish,0.4498618506715536,q4_high,"(30.0, 40.0]"
424,v17,424,long,Long1,2025-03-11 14:45:00,79773.06999999999,0.015840998649110115,1,0,,,41819,79469.61,80538.71,79274.68,79773.04,1237.18887,36.7367785402467,556.2263856710357,0.006972611118631504,83201.85298274961,85207.58480233651,81196.12116316272,87213.31662192341,79190.38934357582,641.8341822678073,8022.92727834759,14,2025-03,bullish,0.380366600044317,q4_high,"(30.0, 40.0]"
425,v17,425,long,Long2,2025-03-11 14:45:00,79773.06999999999,0.06336171110886703,2,0,,,41819,79469.61,80538.71,79274.68,79773.04,1237.18887,36.7367785402467,556.2263856710357,0.006972611118631504,83201.85298274961,85207.58480233651,81196.12116316272,87213.31662192341,79190.38934357582,641.8341822678073,8022.92727834759,14,2025-03,bullish,0.380366600044317,q4_high,"(30.0, 40.0]"
426,v17,426,long,Long1,2025-03-13 20:00:00,80424.65,0.031603619538343265,1,0,,,42032,80210.4,80579.01,80189.89,80424.62,176.98797,37.04310251477462,410.3292128491486,0.005102034835217731,81749.31004244887,83646.57099904542,79852.04908585231,85543.83195564196,77954.78812925574,607.1235061108973,7589.043826386216,20,2025-03,bullish,0.2663612212280284,q4_high,"(30.0, 40.0]"
427,v17,427,short,Short1,2025-03-14 18:45:00,84570.51,0.015168197087181756,1,0,,,42123,84625.71,84632.08,84481.56,84570.54,161.94295,60.007681133190964,348.15455176764925,0.004116735588629909,82335.6894776808,84263.172730336,80408.20622502558,86190.65598299119,78480.72297237035,616.794640849667,7709.933010620836,18,2025-03,bearish,0.0652354827106612,q3,"(60.0, 70.0]"
428,v17,428,short,Short1,2025-03-15 13:45:00,84459.97,0.03038247722816412,1,0,,,42199,84460.79,84499.74,84362.15,84460.0,217.91395,65.99378209660026,239.21531880714647,0.002832291248012627,82866.04937771788,84822.70331997162,80909.39543546415,86779.35726222536,78952.74149321041,626.1292615211953,7826.615769014941,13,2025-03,bearish,0.0009353540137267312,q1_low,"(60.0, 70.0]"
429,v17,429,long,Long1,2025-03-18 14:15:00,81624.14,0.01572529082410024,1,0,,,42489,81272.33,81628.38,81150.28,81624.11,383.99303,29.949339586926186,268.86893501270805,0.0032939891781081357,83672.9528598176,85659.07773252038,81686.82798711484,87645.20260522315,79700.70311441208,635.5599592648854,7944.4994908110675,14,2025-03,bullish,0.4309756026742574,q2,"(-0.001, 30.0]"
430,v17,430,short,Short1,2025-03-19 22:15:00,85811.35,0.015029936187216904,1,0,,,42617,85867.93,85950.0,85732.72,85811.38,136.67708,63.912936153620734,305.2188382169687,0.003556857356413202,83201.01979006098,85174.05479565656,81227.98478446541,87147.08980125212,79254.94977886985,631.3712017905817,7892.140022382271,22,2025-03,bearish,0.06590035027986772,q2,"(60.0, 70.0]"
431,v17,431,short,Short1,2025-03-24 00:00:00,85967.37,0.030009769575903872,1,0,,,43008,86082.5,86087.74,85865.64,85967.4,229.26991,68.91666706182804,145.79082543126296,0.0016958850149156885,84316.79670342062,86423.90751072596,82209.68589611533,88531.01831803129,80102.57508881004,674.2754583376995,8428.443229221244,0,2025-03,bearish,0.1338879621810196,q1_low,"(60.0, 70.0]"
432,v17,432,short,Short2,2025-03-24 14:15:00,88311.61,0.05810345985071403,2,0,,,43065,88354.21,88765.43,88273.66,88311.64,1453.25727,71.243254014921,206.21551254558406,0.002335088698902931,84622.19872270424,86711.56485769257,82532.83258771591,88800.93099268092,80443.46645272757,668.5971631962678,8357.464539953347,14,2025-03,bearish,0.04820429107647303,q1_low,"(70.0, 100.0]"
433,v17,433,short,Short1,2025-03-25 14:45:00,88022.37,0.01461904727257507,1,0,,,43163,88152.47,88200.0,87836.0,88022.4,407.73798,65.6921022231077,255.506265069387,0.002902741405248971,85678.49448448104,87744.40876454819,83612.58020441385,89810.32304461535,81546.66592434666,661.0925696214953,8263.65712026869,14,2025-03,bearish,0.14776920420257456,q2,"(60.0, 70.0]"
434,v17,434,short,Short1,2025-03-26 07:00:00,87841.09,0.029302353927723082,1,0,,,43228,87909.07,87953.63,87754.35,87841.12,212.87304,60.715403006401175,239.8137525863849,0.0027300853243490625,86414.40810510515,88495.39633498585,84333.41987522441,90576.38456486657,82252.43164534366,665.9162335618329,8323.952919522912,7,2025-03,bearish,0.07735557105830577,q1_low,"(60.0, 70.0]"
435,v17,436,long,Long1,2025-03-28 08:00:00,85281.72,0.015097097942623127,1,0,,,43424,85212.98,85441.25,85161.7,85281.69,473.677,23.56068945333533,238.71276606901708,0.0027991092351595877,87283.5288386152,89275.72247381165,85291.33520341878,91267.9161090081,83299.14156822237,637.5019632628583,7968.774540785729,8,2025-03,bullish,0.08056829080193698,q1_low,"(-0.001, 30.0]"
436,v17,435,long,Long2,2025-03-28 17:15:00,83751.24,0.06137936636244148,2,0,,,43461,83658.31,83952.2,83612.0,83751.21,299.09241,28.74678216814648,266.27328482114945,0.0031793365710316235,87125.25455572114,89106.96559634156,85143.54351510073,91088.67663696197,83161.83247448031,634.147532998533,7926.844162481662,17,2025-03,bullish,0.11092377053419135,q2,"(-0.001, 30.0]"
437,v17,437,long,Long1,2025-03-29 09:45:00,83544.83,0.015385687694538295,1,0,,,43527,83495.73,83636.89,83318.51,83544.8,285.74343,36.645473720922304,221.20996157276548,0.002647800480374188,86424.12789612131,88387.50151555886,84460.75427668371,90350.87513499643,82497.38065724612,628.2795582200249,7853.4944777503115,9,2025-03,bullish,0.058734954180280505,q1_low,"(30.0, 40.0]"
438,v17,438,long,Long2,2025-03-29 12:45:00,82462.73,0.06226732792752653,2,0,,,43539,82319.71,82471.05,82288.29,82462.7,123.98162,33.32454821250013,234.75779550279773,0.002846836151409034,86269.03285381614,88231.24049311763,84306.82521451465,90193.4481324191,82344.61757521318,627.9064445764734,7848.830557205918,12,2025-03,bullish,0.1733996097629482,q1_low,"(30.0, 40.0]"
439,v17,439,long,Long1,2025-03-30 14:15:00,82749.02,0.0155458817862402,1,0,,,43641,82673.45,82879.98,82637.28,82748.99,121.63963,39.27974999007118,200.81976020007426,0.002426854517500144,84779.23826005383,86715.99966834742,82842.47685176022,88652.76107664099,80905.71544346662,619.7636506539502,7747.045633174377,14,2025-03,bullish,0.09128812327498878,q1_low,"(30.0, 40.0]"
440,v17,440,short,Short1,2025-04-01 10:00:00,84284.85,0.030525717598977625,1,0,,,43816,84362.01,84394.48,84162.42,84284.88,234.35193,74.46739874804149,253.44173718131537,0.003006965628726236,82801.24322656161,84713.54675759614,80888.93969552708,86625.85028863068,78976.63616449253,611.9371299310518,7649.214124138147,10,2025-04,bearish,0.0915110752960556,q2,"(70.0, 100.0]"
441,v17,441,short,Short1,2025-04-01 18:45:00,85126.65,0.01511294047997331,1,0,,,43851,85136.29,85156.05,84921.99,85126.68,219.95912,61.40644243402934,293.29382594196375,0.0034453807659592006,82807.6032373084,84728.71468079327,80886.49179382349,86649.82612427814,78965.38035033859,614.7556619151646,7684.445773939558,18,2025-04,bearish,0.011289057672636337,q2,"(60.0, 70.0]"
442,v17,442,short,Short1,2025-04-02 14:30:00,85575.44,0.015029327872048697,1,0,,,43930,85736.25,85891.82,85445.6,85575.47,316.72392,60.7527524998256,287.1076424464052,0.003355022677017201,83290.20511054287,85228.00207967986,81352.40814140582,87165.79904881684,79414.61117226875,620.0950301238476,7751.187876548094,14,2025-04,bearish,0.18788094298517885,q2,"(60.0, 70.0]"
443,v17,443,long,Long1,2025-04-04 11:30:00,81934.02,0.03152541006799205,1,0,,,44110,81776.01,82279.74,81659.0,81933.99,557.63549,29.15554981965782,341.48140711392125,0.004167762452602653,83970.56920408181,86012.76724526132,81928.37116290232,88054.96528644083,79886.17312172282,653.5033731774404,8168.792164718005,11,2025-04,bullish,0.19281375165546125,q3,"(-0.001, 30.0]"
444,v17,445,long,Long1,2025-04-06 19:00:00,79401.62,0.01627284507919826,1,0,,,44332,79107.29,79440.0,78839.89,79401.59,561.62832,17.57860426915576,251.27249775029458,0.003164577658335237,83151.8144396581,85214.27983829334,81089.34904102286,87276.74523692857,79026.88364238762,659.9889275632764,8249.861594540955,19,2025-04,bullish,0.37064748955279475,q2,"(-0.001, 30.0]"
445,v17,446,long,Long2,2025-04-06 19:00:00,79401.62,0.06508903456689348,2,0,,,44332,79107.29,79440.0,78839.89,79401.59,561.62832,17.57860426915576,251.27249775029458,0.003164577658335237,83151.8144396581,85214.27983829334,81089.34904102286,87276.74523692857,79026.88364238762,659.9889275632764,8249.861594540955,19,2025-04,bullish,0.37064748955279475,q2,"(-0.001, 30.0]"
446,v17,444,long,Long3,2025-04-06 23:30:00,78328.74,0.0655252872741606,3,0,,,44350,77428.17,78408.0,77355.79,78328.71,800.02483,36.236063190757534,333.22128003127295,0.0042541397660101,83065.7720121135,85129.48346353305,81002.060560694,87193.19491495258,78938.3491092745,660.3876644542464,8254.84580567808,23,2025-04,bullish,1.1496933882863742,q3,"(30.0, 40.0]"
447,v17,447,short,TrendShort,2025-04-07 06:30:00,75047.97,0.170054920484412,0,-1,breakout_down,,44378,75817.99,75885.53,75000.0,75048.0,3025.85947,22.988601387630084,419.4852321691615,0.005589559111091056,82770.26900815705,84785.00037636075,80755.53763995331,86799.73174456447,78740.80627174959,644.7140378251905,8058.925472814881,6,2025-04,bearish,1.0259966954482533,q4_high,"(-0.001, 30.0]"
448,v17,448,long,RevLong,2025-04-07 06:45:00,74810.04,0.17107541519947816,0,2,breakout_short_tp,rev_long,44379,75048.0,75400.0,74555.0,74810.01,3640.37937,21.854760526099284,424.80416676704704,0.005678440181561894,82755.38494796015,84769.22441441598,80741.54548150432,86783.06388087179,78727.70601504849,644.4286292658642,8055.357865823302,6,2025-04,bearish,0.3181258764702815,q4_high,"(-0.001, 30.0]"
449,v17,449,long,Long1,2025-04-09 11:45:00,76230.04,0.016770755719418644,1,0,,,44591,75952.72,76549.32,75812.55,76230.01,1029.32597,39.41887927020182,492.6639717917015,0.0064628611722824325,79071.74236190431,81070.25565866535,77073.22906514324,83068.7689554264,75074.71576838216,639.52425496354,7994.05318704425,11,2025-04,bullish,0.363754379672774,q4_high,"(30.0, 40.0]"
450,v17,450,short,Short1,2025-04-09 20:15:00,82065.66,0.01567084641152038,1,0,,,44625,82170.48,82332.92,82016.62,82065.69,1188.10839,70.94059747521555,561.7570853585689,0.00684521247988738,78446.50986089201,80417.90978831053,76475.10993347346,82389.30971572903,74503.71000605493,630.8479767739284,7885.599709674105,20,2025-04,bearish,0.12769039046645878,q4_high,"(70.0, 100.0]"
451,v17,451,short,Short2,2025-04-09 20:15:00,82065.66,0.06268112675356427,2,0,,,44625,82170.48,82332.92,82016.62,82065.69,1188.10839,70.94059747521555,561.7570853585689,0.00684521247988738,78446.50986089201,80417.90978831053,76475.10993347346,82389.30971572903,74503.71000605493,630.8479767739284,7885.599709674105,20,2025-04,bearish,0.12769039046645878,q4_high,"(70.0, 100.0]"
452,v17,452,short,Short3,2025-04-09 23:15:00,82773.49,0.061868149168619956,3,0,,,44637,83018.3,83018.31,82710.52,82773.52,275.63682,62.047427383528095,540.5289121299194,0.0065302153651302895,78366.72814076376,80331.83626857692,76401.62001295062,82296.94439639008,74436.51188513746,628.8346009002103,7860.432511252628,23,2025-04,bearish,0.2957225934090985,q4_high,"(60.0, 70.0]"
453,v17,453,short,Short1,2025-04-11 10:30:00,82635.97,0.015573966778056687,1,0,,,44778,82744.06,82985.71,82623.45,82636.0,500.51564,72.48281472525427,388.4811034467673,0.004701112147814116,79430.0045344325,81327.29242408159,77532.71664478345,83224.58031373068,75635.42875513437,607.1321246877045,7589.151558596306,10,2025-04,bearish,0.13076625199670563,q4_high,"(70.0, 100.0]"
454,v17,454,short,Short2,2025-04-11 10:30:00,82635.97,0.062293622200248804,2,0,,,44778,82744.06,82985.71,82623.45,82636.0,500.51564,72.48281472525427,388.4811034467673,0.004701112147814116,79430.0045344325,81327.29242408159,77532.71664478345,83224.58031373068,75635.42875513437,607.1321246877045,7589.151558596306,10,2025-04,bearish,0.13076625199670563,q4_high,"(70.0, 100.0]"
455,v17,456,short,Short1,2025-04-11 17:45:00,83929.97,0.015301510324439818,1,0,,,44807,83944.0,84073.0,83666.69,83930.0,787.58876,69.57689680411082,417.6403263504147,0.004976055359828604,79645.03241375479,81553.21407059388,77736.85075691572,83461.39572743296,75828.66910007666,610.618130188504,7632.7266273563,17,2025-04,bearish,0.016680567139282735,q4_high,"(60.0, 70.0]"
456,v17,455,short,Short2,2025-04-11 22:00:00,83567.97,0.06149547181258655,2,0,,,44824,83674.01,83716.99,83532.52,83568.0,147.91254,52.86506567552196,389.00215362436376,0.004654917595543315,79850.17874050867,81736.2911756853,77964.06630533205,83622.40361086193,76077.95387015543,603.5559792565206,7544.449740706506,22,2025-04,bearish,0.12685477694810784,q4_high,"(50.0, 60.0]"
457,v17,458,short,Short1,2025-04-12 12:45:00,83829.83,0.015335238473101307,1,0,,,44883,83833.99,83858.5,83660.67,83829.86,191.09546,60.90674062409191,287.58844729318815,0.003430620631994234,81027.53509210552,82939.14981986632,79115.9203643447,84850.76454762711,77204.30563658386,611.7167128834606,7646.458911043257,12,2025-04,bearish,0.004926645469770148,q2,"(60.0, 70.0]"
458,v17,457,short,Short2,2025-04-12 15:45:00,85008.37,0.060403313049079414,2,0,,,44895,85288.82,85357.31,84972.09,85008.4,361.57305,68.05506807717045,311.6076644011815,0.0036656102738221344,81297.2168439355,83220.51099331108,79373.92269455991,85143.80514268666,77450.62854518431,615.4541278001876,7693.1765975023445,15,2025-04,bearish,0.3298732831108606,q3,"(60.0, 70.0]"
459,v17,459,short,Short1,2025-04-13 17:45:00,84754.82,0.0303365637499137,1,0,,,44999,84843.75,84923.99,84754.84,84754.85,180.69134,60.86790515213116,282.1347202727001,0.0033288327484822413,82840.30006645521,84836.13199033428,80844.46814257614,86831.96391421337,78848.63621869707,638.6662156413041,7983.327695516302,17,2025-04,bearish,0.10489075256459562,q2,"(60.0, 70.0]"
460,v17,460,short,Short1,2025-04-14 14:45:00,85423.57,0.030094047885228153,1,0,,,45083,85506.95,85799.99,85393.74,85423.6,727.25902,61.96224970029559,343.0948176273097,0.004016393802500827,83921.09409832639,85872.82034502337,81969.36785162939,87824.54659172035,80017.64160493239,624.5523989430372,7806.904986787966,14,2025-04,bearish,0.09757256776814752,q3,"(60.0, 70.0]"
461,v17,461,short,Short1,2025-04-15 08:15:00,85843.91,0.02995575439131892,1,0,,,45153,85863.86,85990.0,85833.54,85843.94,238.53549,64.0627977506023,296.7785492893098,0.003457186952151891,84449.50456613331,86399.81233461587,82499.19679765077,88350.12010309842,80548.88902916825,624.098485914414,7801.231073930176,8,2025-04,bearish,0.023204899495524383,q2,"(60.0, 70.0]"
462,v17,462,short,Short1,2025-04-21 00:45:00,86625.65,0.029698962152036875,1,0,,,45699,86680.09,87010.0,86542.85,86625.68,852.86497,83.14356295951244,159.2537950186521,0.0018384132167118586,84837.27428777004,86907.42321723353,82767.12535830654,88977.57214669703,80696.97642884303,662.4476574283198,8280.595717853997,0,2025-04,bearish,0.06281047375328366,q1_low,"(70.0, 100.0]"
463,v17,463,short,Short1,2025-04-22 01:45:00,88399.98,0.014512893745699333,1,0,,,45799,88466.38,88525.11,88300.01,88400.01,149.83955,70.5454224527379,259.0798693127894,0.0029307674208723443,85539.51958737613,87628.26032364042,83450.77885111189,89717.00105990474,81362.03811484763,668.3970356045687,8354.962945057108,1,2025-04,bearish,0.07507917702725361,q2,"(70.0, 100.0]"
464,v17,464,short,Short2,2025-04-22 13:15:00,89617.11,0.05718224505048921,2,0,,,45845,89690.02,89888.0,89478.26,89617.14,1032.09941,74.75132784720329,249.3683966399563,0.0027825971308608633,86033.46127029306,88161.77427355325,83905.14826703284,90290.08727681346,81776.83526377263,681.0601610432658,8513.252013040823,13,2025-04,bearish,0.08132372892061124,q1_low,"(70.0, 100.0]"
465,v17,465,short,Short3,2025-04-22 18:00:00,91206.63,0.055677801403130965,3,0,,,45864,91396.14,91666.0,91193.76,91206.66,729.78448,65.3735448222837,288.4342388614428,0.0031624251876062864,86288.15178286152,88440.11680278336,84136.18676293973,90592.08182270522,81984.22174301793,688.6288063749834,8607.860079687292,18,2025-04,bearish,0.20774798682464188,q2,"(60.0, 70.0]"
466,v17,466,short,Short1,2025-04-23 05:00:00,93452.42,0.013345453176255108,1,0,,,45908,93665.99,93665.99,93371.48,93452.45,326.58107,61.48118254952211,331.51824751405775,0.003547453785471197,87162.20914612577,89392.67870877897,84931.73958347253,91623.14827143218,82701.2700208193,713.7502600490302,8921.878250612877,5,2025-04,bearish,0.22850123244495799,q2,"(60.0, 70.0]"
467,v17,467,short,Short1,2025-04-23 09:15:00,94147.41,0.013245615059618016,1,0,,,45925,94316.58,94316.58,94147.44,94147.44,187.64646,63.54018347129823,320.43236031950136,0.0034035164452639534,87590.06081022948,89833.07773253956,85347.0438879194,92076.09465484963,83104.02696560933,717.7654151392239,8972.067689240299,9,2025-04,bearish,0.17965438040588189,q2,"(60.0, 70.0]"
468,v17,468,short,Short1,2025-04-24 14:45:00,93101.8,0.013403765673422038,1,0,,,46043,93138.58,93400.0,92969.2,93101.83,292.85471,67.08853486022193,302.76071982606027,0.00325193092150885,90692.1327514363,92924.43698738882,88459.8285154838,95156.74122334136,86227.52427953128,714.3373555048066,8929.216943810083,14,2025-04,bearish,0.0394729083198472,q2,"(60.0, 70.0]"
469,v17,469,short,Short1,2025-04-25 15:15:00,95304.0,0.013061216488985875,1,0,,,46141,95523.18,95541.45,95223.29,95304.03,398.54075,62.574659526671844,305.0512290134567,0.003200821927608483,92598.31265578789,94783.90807179041,90412.71723978536,96969.50348779294,88227.12182378283,699.3905331208091,8742.381664010114,15,2025-04,bearish,0.2299483033403668,q2,"(60.0, 70.0]"
470,v17,470,short,Short1,2025-05-01 10:30:00,96139.95,0.025896393740499922,1,0,,,46698,96318.76,96391.31,96074.36,96139.98,356.33225,76.54625086893732,221.66197171868913,0.0023056169942898795,94608.1850488297,96802.37487413737,92413.99522352204,98996.56469944504,90219.80539821439,702.1407440984517,8776.759301230646,10,2025-05,bearish,0.18595801663366152,q1_low,"(70.0, 100.0]"
471,v17,471,short,Short1,2025-05-02 15:00:00,97557.78,0.012738288815759244,1,0,,,46812,97748.41,97891.19,97527.87,97557.81,287.51553,63.61525384319864,243.80937295311227,0.0024991271631980287,95303.265583217,97489.21666104152,93117.31450539253,99675.16773886602,90931.36342756805,699.5043449038373,8743.804311297965,15,2025-05,bearish,0.19537133931153827,q1_low,"(60.0, 70.0]"
472,v17,472,long,Long1,2025-05-05 02:15:00,94264.03,0.026449443067615614,1,0,,,47049,94059.43,94321.17,94059.42,94264.0,431.54174,38.6888441648395,180.1489244513107,0.0019111105453970838,96329.858085916,98586.24914037483,94073.4670314572,100842.64019483367,91817.07597699841,722.0451374268206,9025.564217835257,2,2025-05,bullish,0.217018161758473,q1_low,"(30.0, 40.0]"
473,v17,473,long,Long1,2025-05-06 13:15:00,93741.03,0.02660431759485285,1,0,,,47189,93735.54,93872.19,93735.53,93741.0,116.14917,35.61097769473872,180.38601112223597,0.0019243021849802752,95257.65960234667,97468.72328047035,93046.59592422299,99679.78695859405,90835.53224609932,707.5403769995785,8844.25471249473,13,2025-05,bullish,0.005824559157685968,q1_low,"(30.0, 40.0]"
474,v17,474,short,Short1,2025-05-08 01:30:00,97831.14,0.012829239327789248,1,0,,,47334,97982.52,98024.54,97800.0,97831.17,158.8455,64.49103599115136,256.6303786754064,0.0026231964585050594,95182.12812670447,97424.03419275593,92940.22206065297,99665.94025880742,90698.31599460146,717.4099411364762,8967.624264205951,1,2025-05,bearish,0.15470529484621906,q1_low,"(60.0, 70.0]"
475,v17,475,short,Short2,2025-05-08 04:30:00,99149.97,0.050564288977175395,2,0,,,47346,99350.51,99350.52,99144.0,99150.0,303.32361,74.01707898631842,261.70366958685105,0.00263947220965054,95262.99691281558,97510.40880378237,93015.58502184876,99757.82069474916,90768.17313088196,719.1718051093759,8989.647563867198,4,2025-05,bearish,0.20222894604134622,q1_low,"(70.0, 100.0]"
476,v17,476,short,Short3,2025-05-08 16:15:00,100864.86,0.04926631593748479,3,0,,,47393,100964.87,101153.83,100794.01,100864.89,316.72896,66.81037762756367,274.2213120765019,0.002718699361854277,95881.7358126214,98143.45402151998,93620.01760372276,100405.17223041857,91358.29939482413,723.7498268475547,9046.872835594433,16,2025-05,bearish,0.09912269769985962,q1_low,"(60.0, 70.0]"
477,v17,477,short,Short1,2025-05-09 00:00:00,103054.21,0.011869025519702975,1,0,,,47424,103261.61,103268.44,103017.09,103054.24,243.37528,63.720071152800436,331.4053473783416,0.003215834179926431,96515.45253658596,98823.95766562689,94206.94740754503,101132.46279466784,91898.44227850408,738.7216412931006,9234.020516163757,0,2025-05,bearish,0.20122413206870027,q2,"(60.0, 70.0]"
478,v17,478,short,Short1,2025-05-09 07:45:00,103628.74,0.011805055549296908,1,0,,,47455,103897.5,104361.3,103622.22,103628.77,1428.04641,64.78722865155649,312.30148848118716,0.003013656231577265,97301.18785833978,99639.92902430148,94962.44669237806,101978.67019026319,92623.70552641635,748.3971731077472,9354.96466384684,7,2025-05,bearish,0.2593198780608859,q2,"(60.0, 70.0]"
479,v17,479,short,Short1,2025-05-10 06:30:00,103640.84,0.011805756737466871,1,0,,,47546,103715.92,103872.81,103622.63,103640.87,229.22541,70.54490257559573,256.77379505842356,0.002477534152872545,99827.13322821123,102234.98548175595,97419.28097466653,104642.8377353007,95011.42872112182,770.5127211343101,9631.409014178877,6,2025-05,bearish,0.07241351794905129,q1_low,"(70.0, 100.0]"
480,v17,480,short,Short1,2025-05-12 07:15:00,105452.2,0.023201466703910774,1,0,,,47741,105600.0,105747.61,105235.74,105452.23,894.79787,74.32461933843419,280.9357269425987,0.00266410418198457,103480.18225557506,105934.1669136853,101026.19759746478,108388.15157179553,98572.21293935452,785.2750905952812,9815.938632441015,7,2025-05,bearish,0.14012980095347824,q1_low,"(70.0, 100.0]"
481,v17,481,short,Short1,2025-05-18 15:00:00,105161.14,0.02344989720210504,1,0,,,48348,105270.98,105334.09,104970.03,105161.17,459.43553,76.60191533593395,172.53352883053304,0.0016406581329452025,103357.26957653144,105749.91302675079,100964.62612631213,108142.55647697015,98571.98267609283,765.6459040701856,9570.573800877319,15,2025-05,bearish,0.10442067162242269,q1_low,"(70.0, 100.0]"
482,v17,482,short,Short1,2025-05-19 20:00:00,105397.29000000001,0.023398849585229572,1,0,,,48464,105517.64,105788.87,105375.23,105397.32,324.05662,63.72083048705495,333.5569556218281,0.003164757468423562,103692.92777874602,106157.93026249637,101227.92529499567,108622.93274624672,98762.92281124533,788.8007948001114,9860.009935001392,20,2025-05,bearish,0.11415850042486131,q2,"(60.0, 70.0]"
483,v17,483,short,Short1,2025-05-20 20:00:00,106621.37,0.0231390596544825,1,0,,,48560,107026.47,107096.62,106590.9,106621.4,451.19998,62.429920198782135,333.2673171002576,0.003125707569964919,104247.11703232976,106730.7680230753,101763.46604158421,109214.41901382085,99279.81505083865,794.7683170385764,9934.603962982204,20,2025-05,bearish,0.37991435115277705,q2,"(60.0, 70.0]"
484,v17,484,short,Short1,2025-05-21 23:30:00,109586.65,0.01122039362436716,1,0,,,48670,109752.66,110120.31,109400.0,109586.68,723.3837,65.57586788531181,453.0919197465985,0.004134552846628792,105434.6020804495,107982.74172804986,102886.46243284915,110530.88137565022,100338.32278524879,815.4046872321144,10192.55859040143,23,2025-05,bearish,0.1514600132059941,q3,"(60.0, 70.0]"
485,v17,485,short,Short2,2025-05-22 05:45:00,110879.96,0.04430412525852455,2,0,,,48695,111426.48,111519.53,110832.38,110879.99,1110.89362,55.35076970827586,459.89118813486874,0.004147648174705542,105789.16886920604,108349.86725068616,103228.47048772594,110910.56563216628,100667.77210624583,819.4234820736363,10242.793525920453,5,2025-05,bearish,0.4928662060665686,q3,"(50.0, 60.0]"
486,v17,486,long,Long1,2025-05-23 23:45:00,107318.33,0.022871612361390837,1,0,,,48863,107101.05,107427.05,106800.0,107318.3,446.90169,31.40812323727546,389.65811050656947,0.0036308636132567273,109071.55654567022,111616.6690895152,106526.44400182524,114161.78163336018,103981.33145798024,814.4360140303953,10180.450175379941,23,2025-05,bullish,0.20243518579776237,q3,"(30.0, 40.0]"
487,v17,487,long,Long1,2025-05-24 23:45:00,107761.94,0.022785610757712422,1,0,,,48959,107743.99,107881.03,107500.0,107761.91,726.54071,20.64732349536277,290.816545993395,0.0026986951696883897,109652.38349211524,112216.86985650184,107087.89712772865,114781.35622088845,104523.41076334206,820.6356366037112,10257.94545754639,23,2025-05,bullish,0.01662925239539486,q1_low,"(-0.001, 30.0]"
488,v17,488,long,Long1,2025-05-28 20:00:00,107035.20999999999,0.022950770054444687,1,0,,,49328,106946.0,107077.51,106769.43,107035.18,183.36889,37.79759108298291,279.0335462616436,0.0026069330313794365,109009.30280967445,111507.57403162637,106511.03158772255,114005.84525357829,104012.76036577065,799.4467910246109,9993.084887807636,20,2025-05,bullish,0.08331840054829918,q1_low,"(30.0, 40.0]"
489,v17,489,long,Long1,2025-05-29 17:45:00,106303.63,0.01155291737731007,1,0,,,49415,106156.43,106788.56,106117.51,106303.6,450.5282,25.733455147042818,296.366782617031,0.0027879279969542986,108835.0453018624,111331.01201977566,106339.07858394916,113826.97873768894,103843.1118660359,798.709349732243,9983.866871653037,17,2025-05,bullish,0.13844310070403335,q1_low,"(-0.001, 30.0]"
490,v17,490,long,Long1,2025-05-30 17:45:00,104183.18,0.011763700344352222,1,0,,,49511,104094.46,104292.69,104037.96,104183.15,135.40477,34.58625092149495,328.48482828701486,0.0031529554278884337,107844.81535418649,110318.06796116752,105371.56274720543,112791.32056814854,102898.31014022438,791.4408342339332,9893.010427924164,17,2025-05,bullish,0.08512892919823194,q2,"(30.0, 40.0]"
491,v17,491,long,Long1,2025-05-30 23:00:00,104037.53,0.01178229242934811,1,0,,,49532,103966.32,104260.0,103753.79,104037.5,229.34503,35.67042365884963,321.1504641529019,0.0030868721773677946,107520.71211698842,109985.14386487716,105056.28036909967,112449.5756127659,102591.8486212109,788.6181593243999,9857.726991554999,23,2025-05,bullish,0.06841763787095329,q2,"(30.0, 40.0]"
492,v17,492,long,Long1,2025-06-01 02:15:00,104164.61,0.023541186020382375,1,0,,,49641,103946.23,104200.07,103946.22,104164.58,63.49539,38.98959562465732,217.7192949085984,0.0020901471009492707,105826.47639635895,108246.03003130847,103406.92276140944,110665.58366625798,100987.36912645993,774.257163183844,9678.21453979805,2,2025-06,bullish,0.20962019911183422,q1_low,"(30.0, 40.0]"
493,v17,493,short,Short1,2025-06-03 01:00:00,106151.41,0.023107566919161705,1,0,,,49828,106285.72,106375.23,106123.58,106151.44,160.0833,68.01703156219918,253.6209443391007,0.002389236965029402,104490.74618469007,106930.14252128522,102051.34984809492,109369.53885788037,99611.95351149977,780.6068277104479,9757.585346380598,1,2025-06,bearish,0.12649851947368668,q1_low,"(60.0, 70.0]"
494,v17,494,long,Long1,2025-06-05 17:00:00,103410.38,0.023708407412366902,1,0,,,50084,103262.54,103565.01,103140.0,103410.35,451.0215,31.682993151439263,233.33198928504072,0.0022563697858583856,105192.3683216416,107597.22244672892,102787.51419655423,110002.07657181624,100382.66007146686,769.5533200279507,9619.416500349384,17,2025-06,bullish,0.14293540250082531,q1_low,"(30.0, 40.0]"
495,v17,495,long,Long2,2025-06-05 21:00:00,100489.27,0.04851598182928888,2,0,,,50100,100483.92,101139.54,100428.0,100489.24,880.1048,17.043113780035483,292.18778081121536,0.0029076524094640913,105170.28399408534,107592.87690433758,102747.69108383308,110015.46981458981,100325.09817358082,775.2297312807199,9690.371641008998,21,2025-06,bullish,0.005294099149328808,q2,"(-0.001, 30.0]"
496,v17,496,short,Short1,2025-06-10 00:30:00,110133.91,0.011571285193449538,1,0,,,50498,110277.53,110306.8,110052.06,110133.94,309.58091,62.538831498894034,247.33383182514896,0.0022457548674382206,105683.59621137634,108252.20030922265,103114.99211352998,110820.80440706898,100546.38801568362,821.9533113108284,10274.416391385355,0,2025-06,bearish,0.1303776111160615,q1_low,"(60.0, 70.0]"
497,v17,497,short,Short2,2025-06-10 00:30:00,110133.91,0.04628347324839734,2,0,,,50498,110277.53,110306.8,110052.06,110133.94,309.58091,62.538831498894034,247.33383182514896,0.0022457548674382206,105683.59621137634,108252.20030922265,103114.99211352998,110820.80440706898,100546.38801568362,821.9533113108284,10274.416391385355,0,2025-06,bearish,0.1303776111160615,q1_low,"(60.0, 70.0]"
498,v17,498,short,Short1,2025-06-10 22:15:00,109955.38,0.011592085372251442,1,0,,,50585,110018.51,110100.0,109901.4,109955.41,76.69973,60.61592744472687,270.47403619732376,0.0024598520090764408,107001.07920029249,109558.2898840158,104443.86851656911,112115.50056773913,101886.65783284575,818.3074187914701,10228.842734893376,22,2025-06,bearish,0.057386898925656564,q1_low,"(60.0, 70.0]"
499,v17,499,long,Long1,2025-06-12 12:00:00,106916.69,0.023844161310921378,1,0,,,50736,106900.95,107035.65,106870.0,106916.66,187.47565,28.182369155429697,228.70009839004217,0.002139050157291129,108757.86162642206,111339.69882628744,106176.02442655672,113921.5360261528,103594.18722669139,826.1879039569129,10327.348799461412,12,2025-06,bullish,0.014693687588076921,q1_low,"(-0.001, 30.0]"
500,v17,501,long,Long1,2025-06-12 21:00:00,106208.73,0.012006433218876074,1,0,,,50772,105973.61,106267.98,105860.9,106208.7,316.06399,35.35257629228579,289.9134535637523,0.002729658244228131,108887.99242288126,111451.88014895999,106324.10469680256,114015.76787503871,103760.21697072386,820.4440723451879,10255.550904314849,21,2025-06,bullish,0.22134721543526711,q1_low,"(30.0, 40.0]"
501,v17,500,long,Long2,2025-06-13 00:30:00,103918.86,0.048976394514910856,2,0,,,50786,103721.52,104130.7,103213.87,103918.83,1251.06421,24.86121730510071,329.0222571475572,0.0031661466660811827,108859.89657942666,111425.78335504801,106294.00980380531,113991.67013066937,103728.12302818397,821.0837681988324,10263.547102485405,0,2025-06,bullish,0.18986934321719912,q2,"(-0.001, 30.0]"
502,v17,502,long,Long1,2025-06-14 06:30:00,105185.31,0.02424197524387153,1,0,,,50906,105161.42,105216.97,105118.93,105185.28,42.30602,39.90533151507299,281.55613056605984,0.0026767636171720973,107252.21746348706,109781.55040399198,104722.88452298215,112310.8833444969,102193.55158247722,809.3865409615753,10117.33176201969,6,2025-06,bullish,0.022683782369548842,q1_low,"(30.0, 40.0]"
503,v17,503,short,Short1,2025-06-16 07:45:00,107061.77,0.023827928038018618,1,0,,,51103,107181.35,107188.0,106982.43,107061.8,142.52688,72.31126484205274,201.13101203855666,0.0018786440358611255,105207.3694323615,107745.41174073651,102669.32712398648,110283.45404911152,100131.28481561146,812.1735386800044,10152.169233500055,7,2025-06,bearish,0.11166447789968308,q1_low,"(70.0, 100.0]"
504,v17,504,long,Long1,2025-06-17 17:00:00,103653.52,0.024619866724104485,1,0,,,51236,103630.67,103820.84,103371.02,103653.49,508.9959,24.157609153823714,289.2540527518498,0.002790586720735113,106014.98618620679,108527.24327212197,103502.72910029162,111039.50035803716,100990.47201437646,803.9222674928559,10049.028343660699,17,2025-06,bullish,0.02201566006123574,q1_low,"(-0.001, 30.0]"
505,v17,505,long,Long1,2025-06-20 19:15:00,103118.08,0.024756858319358536,1,0,,,51533,103075.99,103198.1,103010.41,103118.05,74.87828,29.606701313892785,265.73790370509914,0.002577026075503747,104806.86567717712,107252.41417445248,102361.31717990174,109697.96267172784,99915.76868262637,782.5755191281182,9782.193989101477,19,2025-06,bullish,0.04078820342316177,q1_low,"(-0.001, 30.0]"
506,v17,506,long,Long1,2025-06-21 20:00:00,102464.53,0.0249247536598378,1,0,,,51632,102245.11,102497.6,102206.0,102464.5,145.11136,29.9947490470593,190.29335402748305,0.0018571637399048748,104395.51278155093,106852.37967330168,101938.64588980022,109309.24656505242,99481.77899804951,786.1974053602328,9827.46756700291,20,2025-06,bullish,0.21411318066257037,q1_low,"(-0.001, 30.0]"
507,v17,507,long,Long1,2025-06-22 13:45:00,100865.69,0.012660574817454782,1,0,,,51703,100343.92,101000.0,100297.64,100865.66,543.01468,29.746215156898614,283.8872863160091,0.002814508786399743,103921.75950022289,106413.55707749353,101429.96192295224,108905.35465476417,98938.16434568158,797.3752247266076,9967.190309082594,13,2025-06,bullish,0.5172622674555495,q1_low,"(-0.001, 30.0]"
508,v17,508,long,Long2,2025-06-22 19:30:00,99100.95,0.05145207378683325,2,0,,,51726,99093.13,99293.3,98992.84,99100.92,159.2438,36.111659578717905,336.36340037516413,0.003394150128729018,103659.54904557564,106171.79577501983,101147.30231613148,108684.042504464,98635.0555866873,803.9189534221357,10048.986917776696,19,2025-06,bullish,0.007860673745504681,q2,"(30.0, 40.0]"
509,v17,509,short,Short1,2025-07-11 00:15:00,115499.98,0.01179582164811115,1,0,,,53473,115890.47,115890.47,115222.22,115500.01,341.39009,62.05849230115899,297.7816210879422,0.0025781956303548566,109530.9856341369,112250.26947627691,106811.70179199697,114969.5533184169,104092.41794985703,870.1708294847899,10877.135368559873,0,2025-07,bearish,0.33806057679129764,q1_low,"(60.0, 70.0]"
510,v17,510,short,Short1,2025-07-11 08:45:00,117964.73,0.01152858409487947,1,0,,,53507,117999.98,118078.11,117930.86,117964.76,183.99849,63.674298854602974,306.17478789670236,0.0025954767160692935,110324.21634494206,113140.57586892243,107507.8568209617,115956.93539290279,104691.49729698132,901.235047673717,11265.438095921461,8,2025-07,bearish,0.029856374056117407,q1_low,"(60.0, 70.0]"
511,v17,511,short,Short1,2025-07-13 03:30:00,117749.98,0.02308542761063079,1,0,,,53678,117765.91,117824.76,117750.0,117750.01,42.654,62.80149992813625,196.59691572696423,0.001669612730622819,115282.43937593678,118183.31973378237,112381.55901809118,121084.20009162795,109480.67866024557,928.2817145105905,11603.521431382382,3,2025-07,bearish,0.01350318356661603,q1_low,"(60.0, 70.0]"
512,v17,512,short,Short1,2025-07-14 03:45:00,120750.21,0.01118889489353083,1,0,,,53775,121169.58,121214.57,120657.39,120750.24,683.81207,69.95199103047611,256.52616607619166,0.0021244360762859905,117467.54707097518,120401.00980836002,114534.08433359035,123334.47254574484,111600.6215962055,938.708075963147,11733.850949539337,3,2025-07,bearish,0.347278812861984,q1_low,"(60.0, 70.0]"
513,v17,513,short,Short2,2025-07-14 07:45:00,122736.01,0.04395746127065171,2,0,,,53791,122846.01,122950.97,122672.0,122736.04,393.99131,73.49404574546512,287.7822691202689,0.0023447250629910245,117747.5081161758,120695.44424726733,114799.5719850843,123643.38037835884,111851.63585399279,943.3395619492838,11791.744524366048,7,2025-07,bearish,0.08959878451349837,q1_low,"(70.0, 100.0]"
514,v17,514,short,Short1,2025-07-17 21:30:00,120605.54000000001,0.022891810912006393,1,0,,,54134,120899.36,120915.75,120058.18,120605.57,335.65568,66.82618568828397,363.1328534456769,0.003010912791554129,118422.89611861827,121198.73449946776,115647.0577377688,123974.57288031724,112871.21935691933,888.2682818718324,11103.353523397906,21,2025-07,bearish,0.24359571452628065,q2,"(60.0, 70.0]"
515,v17,515,short,Short1,2025-07-18 05:15:00,120540.84,0.022913471341575283,1,0,,,54165,120550.33,120611.13,120387.98,120540.87,215.7339,60.374220130806954,367.1519428670108,0.0030458710217290685,118326.04216404683,121074.15586011371,115577.92846797997,123822.26955618057,112829.81477191314,879.396382741395,10992.454784267436,5,2025-07,bearish,0.007847960612866326,q2,"(60.0, 70.0]"
516,v17,516,short,Short1,2025-07-22 23:15:00,120134.44,0.023001471337254265,1,0,,,54621,120199.99,120247.8,120126.57,120134.47,124.69037,63.263415912919086,334.17347466434325,0.0027816618716039057,118079.60518136011,120865.10850449598,115294.10185822427,123650.61182763184,112508.59853508843,891.3610634034733,11142.013292543415,23,2025-07,bearish,0.05453888463486298,q1_low,"(60.0, 70.0]"
517,v17,517,long,Long1,2025-07-25 06:30:00,115379.74,0.012054924259817934,1,0,,,54842,115287.86,115464.09,115200.0,115379.71,567.67609,32.012884730848526,309.41587380495974,0.0026817182484247856,118425.74622631872,121122.03538079007,115729.4570718474,123818.32453526142,113033.16791737608,862.8125294308271,10785.156617885339,6,2025-07,bullish,0.07960671768026269,q1_low,"(30.0, 40.0]"
518,v17,518,short,Short1,2025-07-27 22:15:00,119682.65,0.023247249388515714,1,0,,,55097,119701.25,119736.11,119555.34,119682.68,124.7384,71.04419493052684,172.64039690887944,0.001442484383779503,117541.38307653405,120358.39983092246,114724.3663221457,123175.41658531086,111907.34956775734,901.4453614042816,11268.06701755352,22,2025-07,bearish,0.015516029554156865,q1_low,"(70.0, 100.0]"
519,v17,519,long,Long1,2025-08-01 06:45:00,115156.54,0.012158294053708791,1,0,,,55515,115084.17,115203.13,115065.55,115156.51,166.13786,38.457279348751136,296.9308739969137,0.0025784983757923346,117911.89571805717,120644.08448666692,115179.7069494474,123376.27325527668,112447.51818083761,874.300405955126,10928.755074439076,6,2025-08,bullish,0.06281885409691255,q1_low,"(30.0, 40.0]"
520,v17,520,long,Long1,2025-08-02 13:30:00,113350.85,0.012335446597377042,1,0,,,55638,113284.65,113471.74,113218.0,113350.82,156.42387,39.28341676818008,267.59047622581664,0.0023607281908134114,116464.55043635366,119195.53893648395,113733.56193622343,121926.52743661424,111002.5734360932,873.9163200416835,10923.954000521044,13,2025-08,bullish,0.05837628699996418,q1_low,"(30.0, 40.0]"
521,v17,521,short,Short1,2025-08-07 10:45:00,116347.19,0.024040996578655924,1,0,,,56107,116384.48,116430.01,116249.49,116347.22,366.07341,81.70777249767372,199.53452450101693,0.0017149917677535993,114427.29890873896,117075.8201624664,111778.77765501148,119724.34141619384,109130.25640128402,847.5268011927861,10594.085014909826,10,2025-08,bearish,0.03202483050303631,q1_low,"(70.0, 100.0]"
522,v17,522,short,Short1,2025-08-10 03:30:00,118217.28,0.02364925807112633,1,0,,,56366,118362.97,118494.32,118172.0,118217.31,457.26916,80.57941551072668,178.69657928467765,0.0015115940236220707,116335.69275131795,119041.50051268798,113629.8849899479,121747.30827405801,110924.07722857782,865.8584836384154,10823.231045480192,3,2025-08,bearish,0.12321376624117356,q1_low,"(70.0, 100.0]"
523,v17,523,short,Short1,2025-08-11 03:30:00,121588.23,0.011429553179969115,1,0,,,56462,121751.53,121776.57,121559.11,121588.26,356.8974,75.86921151745447,245.7252446183604,0.0020209619301926056,117175.426243459,119908.79784565659,114442.0546412614,122642.16944785418,111708.6830390638,874.6789127032296,10933.48640879037,3,2025-08,bearish,0.13428105641120622,q1_low,"(70.0, 100.0]"
524,v17,524,short,Short2,2025-08-11 07:00:00,121985.97,0.04555259853504505,2,0,,,56476,122300.64,122313.0,121986.0,121986.0,217.41277,64.24701235476897,250.2537120711438,0.0020514953525088437,117328.37069934637,120079.86091796879,114576.88048072392,122831.35113659121,111825.39026210149,880.4768699591782,11005.960874489727,7,2025-08,bearish,0.2579312380109188,q1_low,"(60.0, 70.0]"
525,v17,525,short,Short1,2025-08-13 14:15:00,121706.6,0.022852677045431532,1,0,,,56697,122070.75,122155.76,121429.36,121706.63,872.37727,68.0468283035017,290.78318302294514,0.0023892139895989655,119427.89766526723,122244.29471382144,116611.50061671305,125060.69176237565,113795.10356815885,901.2470555373433,11265.58819421679,14,2025-08,bearish,0.29917844245625347,q1_low,"(60.0, 70.0]"
526,v17,526,short,Short1,2025-08-13 20:15:00,122613.36,0.011343894704771092,1,0,,,56721,122802.28,122802.28,122559.0,122613.39,162.50747,65.22403669829365,323.58019459054185,0.002639028205569896,119635.25082533654,122473.97521985965,116796.52643081345,125312.69961438277,113957.80203629036,908.3918062473927,11354.897578092408,20,2025-08,bearish,0.1540533215825771,q1_low,"(60.0, 70.0]"
527,v17,527,long,Long1,2025-08-15 14:00:00,118025.27,0.0236635772137605,1,0,,,56888,117770.47,118159.62,117644.41,118025.24,370.99874,34.00538536788076,314.7905002581815,0.002667145605958365,120072.12905107424,122964.91041831367,117179.34768383481,125857.6917855531,114286.56631659537,925.6900375166186,11571.125468957733,14,2025-08,bullish,0.21586060744295377,q1_low,"(30.0, 40.0]"
528,v17,528,long,Long1,2025-08-18 02:30:00,115896.18,0.02407988679901363,1,0,,,57130,115791.94,116070.75,115678.02,115896.15,272.71583,21.160070706974366,180.80377511144275,0.0015600498818247436,117949.6749472605,120961.33663166543,114938.01326285559,123972.99831607036,111926.35157845066,963.7317390095757,12046.646737619696,2,2025-08,bullish,0.08991670560237924,q1_low,"(-0.001, 30.0]"
529,v17,529,long,Long1,2025-08-19 04:15:00,114892.03,0.024300185953797262,1,0,,,57233,114766.42,115033.18,114648.99,114892.0,161.49379,29.710810211914648,260.8099594815299,0.0022700445590774806,117147.95932643868,119976.48977702588,114319.42887585147,122805.02022761307,111490.89842526427,905.1297441879043,11314.121802348804,4,2025-08,bullish,0.1093026494446974,q1_low,"(-0.001, 30.0]"
530,v17,530,long,Long1,2025-08-19 17:15:00,113422.27,0.012310737218718663,1,0,,,57285,113302.3,113479.99,113166.79,113422.24,210.13925,28.949856437394487,277.42345914084444,0.0024459352869494063,116774.67078474039,119563.09560048551,113986.24596899524,122351.52041623065,111197.8211532501,892.2959410384437,11153.699262980546,17,2025-08,bullish,0.10574645677955427,q1_low,"(-0.001, 30.0]"
531,v17,531,long,Long1,2025-08-21 17:15:00,112250.5,0.02487520508463392,1,0,,,57477,112241.55,112422.29,112213.98,112250.47,211.84883,30.931666155523345,279.9283720623872,0.002493783518789607,114471.5744165817,117149.95974431018,111793.18908885322,119828.34507203865,109114.80376112473,857.0833048731135,10713.541310913919,17,2025-08,bullish,0.007946514611474012,q1_low,"(30.0, 40.0]"
532,v17,532,short,Short1,2025-08-22 15:45:00,116370.72,0.012002590235599415,1,0,,,57567,116949.62,117296.12,116370.74,116370.75,504.22469,76.43010288293911,332.9189769487414,0.0028608475664953724,113604.07912730676,116224.88941500883,110983.26883960472,118845.69970271089,108362.45855190267,838.6592920646572,10483.241150808215,15,2025-08,bearish,0.49743599658848586,q1_low,"(70.0, 100.0]"
533,v17,533,long,Long1,2025-08-25 00:45:00,112645.13,0.024887270211809417,1,0,,,57795,112265.72,112662.53,112173.11,112645.1,191.20334,39.599942039312126,291.8115960681071,0.0025905396334870057,114657.36547230736,117537.07871887219,111777.6522257425,120416.79196543703,108897.93897917765,921.5082389007509,11518.852986259386,0,2025-08,bullish,0.3367922794688847,q1_low,"(30.0, 40.0]"
534,v17,535,long,Long1,2025-08-25 07:00:00,112049.13,0.025028109424726316,1,0,,,57820,111929.87,112065.91,111803.99,112049.1,233.23847,32.01452449853842,288.16144886523483,0.0025717426455476645,114711.41286034734,117636.36248865107,111786.46323204364,120561.31211695481,108861.51360373994,935.98388105719,11699.798513214875,7,2025-08,bullish,0.10640870832519893,q1_low,"(30.0, 40.0]"
535,v17,534,long,Long2,2025-08-25 21:15:00,109513.43,0.050979739738734355,2,0,,,57877,109487.52,109899.74,109477.92,109513.4,245.92323,25.743087796286247,366.6302062799448,0.0033478113754110894,114528.30412387406,117464.17039575306,111592.43785199508,120400.03666763206,108656.5715801161,939.4772070012766,11743.465087515957,21,2025-08,bullish,0.02363181126692268,q2,"(-0.001, 30.0]"
536,v17,536,short,Short1,2025-08-28 07:15:00,113158.21,0.02469111374445093,1,0,,,58109,113323.26,113360.0,113120.64,113158.24,170.63425,69.41780874084552,295.875578464893,0.002614706436445927,111279.85803850101,114040.65123218307,108519.06484481896,116801.44442586512,105758.27165113692,883.4538219782559,11043.172774728198,7,2025-08,bearish,0.14583118295228834,q1_low,"(60.0, 70.0]"
537,v17,537,long,Long1,2025-08-29 17:15:00,108398.24,0.012978155812272912,1,0,,,58245,108228.0,108545.46,108155.73,108398.21,193.6762,35.98461174232456,312.7506445950801,0.00288520119100749,111500.03006198883,114099.5186452393,108900.54147873836,116699.00722848978,106301.0528954879,831.8363466401503,10397.954333001879,17,2025-08,bullish,0.1570228881085826,q2,"(30.0, 40.0]"
538,v17,538,long,Long1,2025-09-01 04:45:00,107409.13,0.02620130662610663,1,0,,,58483,107309.9,107459.03,107279.51,107409.1,110.74458,33.03125484218273,202.42207388396545,0.0018845896100420304,109200.38617019012,111791.57427790183,106609.19806247842,114382.76238561355,104018.0099547667,829.1801944677474,10364.752430846842,4,2025-09,bullish,0.09235716526813056,q1_low,"(30.0, 40.0]"
539,v17,539,short,Short1,2025-09-02 14:00:00,111026.96,0.025352666568102276,1,0,,,58616,111149.99,111500.0,110780.61,111026.99,550.25045,65.14795784060985,307.83394862564245,0.002772604648884406,108819.82517107663,111400.88485783321,106238.7654843201,113981.9445445898,103657.70579756357,825.9390997620986,10324.238747026233,14,2025-09,bearish,0.11078387336268414,q1_low,"(60.0, 70.0]"
540,v17,540,short,Short1,2025-09-03 14:45:00,112261.34,0.012530731356015422,1,0,,,58715,112476.0,112498.0,112067.99,112261.37,369.72919,64.89677303217866,287.5387823720551,0.002561333274055493,109511.31665720501,112108.15847272112,106914.4748416889,114705.00028823722,104317.63302617279,830.9893809651549,10387.367262064436,14,2025-09,bearish,0.1911877612040586,q1_low,"(60.0, 70.0]"
541,v17,541,short,Short1,2025-09-05 08:00:00,112778.89,0.024952143137406627,1,0,,,58880,112954.32,112985.0,112766.33,112778.92,257.91426,76.81399376189844,249.80316044525395,0.0022149809596088877,110843.75780344874,113401.85779620652,108285.65781069096,115959.95778896431,105727.55781793318,818.5919976824906,10232.399971031133,8,2025-09,bearish,0.15552551842135812,q1_low,"(70.0, 100.0]"
542,v17,542,short,Short1,2025-09-09 07:00:00,113001.88,0.024914262791495556,1,0,,,59260,113022.62,113163.64,112966.82,113001.91,337.35054,76.10966472314684,197.4052856576014,0.0017469199030140411,111125.49458254446,113864.66003579894,108386.32912928998,116603.8254890534,105647.16367603549,876.532945041433,10956.661813017912,7,2025-09,bearish,0.018327123851262204,q1_low,"(70.0, 100.0]"
543,v17,543,short,Short1,2025-09-10 13:15:00,113666.4,0.024779905506487954,1,0,,,59381,113728.59,113809.27,113437.99,113666.43,312.87309,78.30809538495409,225.41588457440557,0.0019831350784431743,111632.15502882365,114268.36083418533,108995.94922346198,116904.56663954699,106359.74341810032,843.5858577157336,10544.82322144667,13,2025-09,bearish,0.054686330871835685,q1_low,"(70.0, 100.0]"
544,v17,544,short,Short1,2025-09-11 22:45:00,115083.97,0.024468870414292427,1,0,,,59515,115140.0,115266.45,115084.0,115084.0,125.59523,70.60099341104694,217.8633142770575,0.001893080830324437,112713.38807842588,115361.1780886206,110065.59806823116,118008.9680988153,107417.80805803643,847.2928032623092,10591.160040778865,22,2025-09,bearish,0.04866010913767335,q1_low,"(70.0, 100.0]"
545,v17,545,short,Short1,2025-09-18 03:30:00,117686.1,0.023885150666585937,1,0,,,60110,117767.66,117896.0,117613.51,117686.13,271.55751,70.90292470359894,267.8572992238688,0.002276031162073804,115776.68186642193,118568.30296956385,112985.06076328002,121359.92407270578,110193.43966013813,893.3187530054117,11166.484412567646,3,2025-09,bearish,0.06927749259831964,q1_low,"(70.0, 100.0]"
546,v17,546,long,Long1,2025-09-22 06:30:00,112947.77,0.012448104846293646,1,0,,,60506,112791.59,113015.3,112677.55,112947.74,816.75647,24.27680106662652,169.34585015640423,0.0014993292486985947,115881.74863611293,118755.04957767024,113008.4476945556,121628.35051922756,110135.14675299828,919.4563012983429,11493.203766229286,6,2025-09,bullish,0.13824977817175335,q1_low,"(-0.001, 30.0]"
547,v17,547,long,Long1,2025-09-23 18:00:00,112109.13,0.02508011792432241,1,0,,,60648,111957.76,112200.0,111900.0,112109.1,219.79486,37.2303989024048,226.93478218229436,0.002024231593887511,114353.208903226,117260.53490753082,111445.88289892115,120167.86091183563,108538.55689461631,930.3443213775452,11629.304017219314,18,2025-09,bullish,0.1349935018656033,q1_low,"(30.0, 40.0]"
548,v17,548,long,Long1,2025-09-25 18:00:00,109222.16,0.012877384279209089,1,0,,,60840,108833.63,109255.31,108631.51,109222.13,605.65994,29.934384842133127,292.92502833750086,0.002681920123124323,112618.81647053323,115346.96897687986,109890.66396418656,118075.12148322648,107162.5114578399,873.0088020309271,10912.610025386588,18,2025-09,bullish,0.35569714672292146,q1_low,"(-0.001, 30.0]"
549,v17,549,short,Short1,2025-09-28 23:15:00,112107.82,0.02509754297447332,1,0,,,61149,112111.03,112248.26,111980.38,112107.85,166.38524,83.08327407635018,146.99751211886948,0.0013112151568232687,109563.39468060774,112242.517970516,106884.27139069945,114921.64126042425,104205.14810079115,857.3194527706481,10716.4931596331,23,2025-09,bearish,0.0028365542644810463,q1_low,"(70.0, 100.0]"
550,v17,550,short,Short1,2025-09-30 00:00:00,114307.86,0.012257306213441291,1,0,,,61248,114311.97,114438.88,114220.73,114307.89,246.79236,62.44998459141666,186.84144857364944,0.0016345455118946684,110354.96643850501,113075.15282882584,107634.78004818423,115795.33921914667,104914.59365786344,870.4596449026582,10880.745561283227,0,2025-09,bearish,0.0035693074205129204,q1_low,"(60.0, 70.0]"
551,v17,551,short,Short1,2025-10-01 02:00:00,114481.06,0.024477803441293453,1,0,,,61352,114549.99,114551.76,114425.22,114481.09,84.19776,63.06837421308511,223.5837093032469,0.0019530186977014885,111843.24688956806,114523.80728534532,109162.68649379081,117204.36768112257,106482.12609801356,857.7793266487215,10722.241583109018,2,2025-10,bearish,0.060184612148616624,q1_low,"(60.0, 70.0]"
552,v17,552,short,Short2,2025-10-01 14:45:00,117292.71,0.0475439333595137,2,0,,,61403,117314.0,117324.3,117058.31,117292.74,327.6545,75.05922804429007,244.0227310335208,0.0020804589528177174,112724.74075383788,115439.7570360908,110009.72447158495,118154.77331834372,107294.70818933201,868.8052103209368,10860.06512901171,14,2025-10,bearish,0.01812558901769603,q1_low,"(70.0, 100.0]"
553,v17,553,short,Short1,2025-10-02 16:15:00,119995.28,0.011525025832163345,1,0,,,61505,120133.44,120222.0,119927.99,119995.31,325.67515,63.810361792322205,268.93583875382313,0.0022412195839472656,115107.30095887944,117839.61814067131,112374.98377708759,120571.93532246318,109642.66659529574,874.3414981733949,10929.268727167437,16,2025-10,bearish,0.11511283232653398,q1_low,"(60.0, 70.0]"
554,v17,554,short,Short2,2025-10-02 16:15:00,119995.28,0.04609844257280083,2,0,,,61505,120133.44,120222.0,119927.99,119995.31,325.67515,63.810361792322205,268.93583875382313,0.0022412195839472656,115107.30095887944,117839.61814067131,112374.98377708759,120571.93532246318,109642.66659529574,874.3414981733949,10929.268727167437,16,2025-10,bearish,0.11511283232653398,q1_low,"(60.0, 70.0]"
555,v17,555,short,Short1,2025-10-03 16:45:00,122553.27,0.011108040950300817,1,0,,,61603,123778.33,123824.2,122508.63,122553.3,763.37593,64.3971842846581,295.94248039776244,0.0024148062956914455,117213.25649714938,119931.91013128843,114494.60286301031,122650.56376542749,111775.94922887125,869.9691629244993,10874.61453655624,16,2025-10,bearish,0.999589566335626,q1_low,"(60.0, 70.0]"
556,v17,556,short,Short2,2025-10-03 16:45:00,122553.27,0.0444305631560366,2,0,,,61603,123778.33,123824.2,122508.63,122553.3,763.37593,64.3971842846581,295.94248039776244,0.0024148062956914455,117213.25649714938,119931.91013128843,114494.60286301031,122650.56376542749,111775.94922887125,869.9691629244993,10874.61453655624,16,2025-10,bearish,0.999589566335626,q1_low,"(60.0, 70.0]"
557,v17,557,short,Short1,2025-10-04 21:30:00,122319.68000000001,0.022211627821480385,1,0,,,61718,122327.32,122347.55,122236.66,122319.71,51.04616,63.666794122004845,212.03315038822072,0.0017334340507202046,120109.22136222215,122941.10594373057,117277.33678071367,125772.990525239,114445.45219920519,906.203066082705,11327.538326033813,21,2025-10,bearish,0.0062214012770309725,q1_low,"(60.0, 70.0]"
558,v17,558,short,Short1,2025-10-06 03:00:00,124006.39,0.021893827908522272,1,0,,,61836,124110.61,124126.31,123944.24,124006.42,88.41636,64.25039286192785,286.1930110611102,0.0023078886646442196,121980.08972589967,124910.38907924571,119049.79037255363,127840.68843259175,116119.49101920759,937.6957930707326,11721.197413384158,3,2025-10,bearish,0.08401984348875029,q1_low,"(60.0, 70.0]"
559,v17,559,long,Long1,2025-10-07 17:30:00,121406.34,0.022342232871264057,1,0,,,61990,121295.55,121426.31,121164.25,121406.31,159.89381,31.02500576382559,340.0043249638767,0.00280054904035776,123577.78224692005,126552.62048168069,120602.94401215945,129527.45871644132,117628.10577739884,951.9482351233985,11899.352939042481,17,2025-10,bullish,0.0912308429438262,q1_low,"(30.0, 40.0]"
560,v17,560,long,Long1,2025-10-09 08:30:00,121330.15,0.022366450231875553,1,0,,,62146,121180.0,121612.0,121168.13,121330.12,276.02749,34.948703145119524,309.9089510247924,0.0025542622971508836,123324.8335613138,126214.71151842218,120434.95560420545,129104.58947553055,117545.07764709709,924.7609462746768,11559.51182843346,8,2025-10,bullish,0.12372855149240382,q1_low,"(30.0, 40.0]"
561,v17,561,long,Long1,2025-10-09 17:30:00,120461.9,0.022537783295006896,1,0,,,62182,120259.08,120609.66,120246.67,120461.87,302.28638,36.89741837430736,372.7140357445124,0.0030940415896292526,123141.37790849007,126003.78984294488,120278.96597403525,128866.2017773997,117416.55403958043,915.9718190255423,11449.64773781928,17,2025-10,bullish,0.1683437256951047,q2,"(30.0, 40.0]"
562,v17,562,long,Long1,2025-10-10 18:00:00,117653.22,0.011536845430128555,1,0,,,62280,117623.8,117800.75,117515.0,117653.19,437.24279,22.235803056721878,365.473694059333,0.003106364511317823,122097.54287516621,124929.55476272406,119265.53098760839,127761.5666502819,116433.51910005057,906.2438040185057,11328.04755023132,18,2025-10,bullish,0.02498019815697255,q2,"(-0.001, 30.0]"
563,v17,563,long,Long1,2025-10-11 19:45:00,111178.34,0.012112204785604678,1,0,,,62383,111060.47,111205.7,110865.82,111178.31,289.43758,35.52702031046968,546.2662830572087,0.004913424957234992,119373.77488831007,122807.15062529966,115940.39915132048,126240.52636228924,112507.02341433088,1098.680235836669,13733.50294795836,19,2025-10,bullish,0.10599189716051316,q4_high,"(30.0, 40.0]"
564,v17,564,long,Long1,2025-10-12 01:00:00,110030.49,0.012227408374758919,1,0,,,62404,109641.54,110043.88,109641.46,110030.46,278.20212,36.50603032724314,524.3544231920328,0.0047655387716458945,118586.34065793136,121990.91205779495,115181.76925806771,125395.48345765856,111777.19785820408,1089.4628479563585,13618.28559945448,1,2025-10,bullish,0.35346575848179934,q4_high,"(30.0, 40.0]"
565,v17,565,long,Long1,2025-10-14 10:45:00,110623.61,0.024320800130023797,1,0,,,62635,110377.23,110700.0,110186.0,110623.58,276.72269,24.607167342605806,402.9494402803435,0.0036425275721536357,113178.71860281998,116296.81302850985,110060.62417713011,119414.90745419971,106942.52975144026,997.7902162207558,12472.377702759448,10,2025-10,bullish,0.22269212404806082,q3,"(-0.001, 30.0]"
566,v17,566,long,Long1,2025-10-15 13:45:00,111389.03,0.024161534141360685,1,0,,,62743,111337.32,111496.72,110725.4,111389.0,878.6235,32.79486833498392,408.2185970628503,0.003664801704502691,113418.47364629769,116062.73367421825,110774.21361837708,118706.99370213882,108129.95359045645,846.1632089345891,10577.040111682363,13,2025-10,bullish,0.04639596369479304,q3,"(30.0, 40.0]"
567,v17,567,long,Long1,2025-10-16 14:15:00,110343.44,0.024383104446136408,1,0,,,62841,110227.07,110466.0,109728.0,110343.41,859.53691,35.92918295661225,415.41823293077033,0.0037647761015430856,112739.87874413084,115304.32564486272,110175.43184339898,117868.77254559462,107610.98494266711,820.6230082342006,10257.787602927507,14,2025-10,bullish,0.1054344795035757,q3,"(30.0, 40.0]"
568,v17,568,long,Long1,2025-10-16 19:30:00,107980.02,0.012460797356702798,1,0,,,62862,107925.43,108060.0,107685.4,107979.99,234.18005,37.710486265091646,489.8275917791728,0.004536281136710355,112443.23146452534,115007.48568815709,109878.97724089364,117571.73991178883,107314.72301726196,820.5613515621494,10257.016894526867,19,2025-10,bullish,0.050527880211891314,q4_high,"(30.0, 40.0]"
569,v17,569,long,Long2,2025-10-16 19:30:00,107980.02,0.04984139368670369,2,0,,,62862,107925.43,108060.0,107685.4,107979.99,234.18005,37.710486265091646,489.8275917791728,0.004536281136710355,112443.23146452534,115007.48568815709,109878.97724089364,117571.73991178883,107314.72301726196,820.5613515621494,10257.016894526867,19,2025-10,bullish,0.050527880211891314,q4_high,"(30.0, 40.0]"
570,v17,570,long,Long1,2025-10-17 10:00:00,104638.9,0.012844516944050716,1,0,,,62920,104530.0,104839.49,104259.99,104638.87,625.19391,20.717568498605743,451.39471545855514,0.004313834003163023,111271.3543860862,113804.33630890689,108738.37246326552,116337.31823172758,106205.39054044486,810.5542153026175,10131.927691282719,10,2025-10,bullish,0.10404355475168582,q3,"(-0.001, 30.0]"
571,v17,571,long,Long1,2025-10-18 16:45:00,106664.04,0.025202205241481514,1,0,,,63043,106578.86,106725.28,106547.34,106664.01,74.47628,39.589352861804336,317.7147877143551,0.0029786503218316575,108860.38828929198,111358.29400754426,106362.4825710397,113856.19972579653,103864.57685278742,799.3298298407288,9991.62287300911,16,2025-10,bullish,0.07983011326875315,q2,"(30.0, 40.0]"
572,v17,572,short,Short1,2025-10-20 06:45:00,111298.52,0.012153448983213284,1,0,,,63195,111319.32,111377.34,111163.54,111298.55,167.64127,77.7485787131157,303.6667243687315,0.0027283978485679416,107262.1283952717,109842.38531140969,104681.87147913374,112422.64222754768,102101.61456299578,825.6822131641524,10321.027664551904,6,2025-10,bearish,0.018661518950609933,q1_low,"(70.0, 100.0]"
573,v17,573,short,Short1,2025-10-21 16:30:00,113444.44,0.011925809836977606,1,0,,,63330,113677.99,114000.0,113363.24,113444.47,707.93787,81.08464993315815,413.1596960052366,0.003641955363758468,108607.08390801786,111220.58112665807,105993.58668937768,113834.07834529829,103380.08947073751,836.319109964862,10453.988874560775,16,2025-10,bearish,0.20584520338453172,q3,"(70.0, 100.0]"
574,v17,574,short,Short2,2025-10-21 16:30:00,113444.44,0.04770152077025228,2,0,,,63330,113677.99,114000.0,113363.24,113444.47,707.93787,81.08464993315815,413.1596960052366,0.003641955363758468,108607.08390801786,111220.58112665807,105993.58668937768,113834.07834529829,103380.08947073751,836.319109964862,10453.988874560775,16,2025-10,bearish,0.20584520338453172,q3,"(70.0, 100.0]"
575,v17,575,short,Short1,2025-10-24 05:00:00,111135.07,0.025015308794508827,1,0,,,63572,111178.54,111233.48,110971.52,111135.1,130.25995,68.93398652905319,345.0767906936593,0.0031050207422646785,109133.35994130431,111722.99691925246,106543.72296335618,114312.6338972006,103954.08598540806,828.6838329434034,10358.547911792542,5,2025-10,bearish,0.03908756099557005,q2,"(60.0, 70.0]"
576,v17,576,short,Short1,2025-10-25 04:30:00,111290.43000000001,0.02498548440945795,1,0,,,63666,111305.83,111370.0,111245.97,111290.46,60.37577,62.94088630220358,273.14972665646366,0.0024543858175845768,109442.32857767952,112034.81070599517,106849.8464493639,114627.29283431082,104257.36432104828,829.594281061003,10369.928513262537,4,2025-10,bearish,0.013810707584455436,q1_low,"(60.0, 70.0]"
577,v17,577,short,Short1,2025-10-26 11:45:00,113286.06,0.02453591643765508,1,0,,,63791,113324.2,113466.23,113076.67,113286.09,391.70753,77.27560631021396,181.13649828961263,0.0015989297387668038,110701.69995871381,113387.76047669763,108015.63944073,116073.82099468145,105329.57892274618,859.5393657548213,10744.242071935267,11,2025-10,bearish,0.03364049372698853,q1_low,"(70.0, 100.0]"
578,v17,579,long,Long1,2025-10-29 16:15:00,111160.67,0.012454888923855191,1,0,,,64097,111052.15,111399.99,110983.8,111160.64,316.86574,24.831900993008404,296.8346754128392,0.0026703217560895584,114087.39091465433,116844.4936191384,111330.28821017026,119601.59632362246,108573.1855056862,882.2728654349013,11028.410817936267,16,2025-10,bullish,0.09759749494065997,q1_low,"(-0.001, 30.0]"
579,v17,578,long,Long2,2025-10-30 04:30:00,108977.43,0.05071599592553554,2,0,,,64146,108390.02,109460.46,107925.06,108977.4,1185.61595,31.878773168260665,388.3798025382845,0.003563856382500266,113854.52780908179,116666.32200639792,111042.73361176564,119478.11620371406,108230.9394144495,899.7741431411647,11247.176789264558,4,2025-10,bullish,0.5389924883507866,q2,"(30.0, 40.0]"
580,v17,581,long,Long1,2025-10-30 17:30:00,107183.12,0.012868336625092795,1,0,,,64198,107149.62,107249.99,106850.0,107183.09,292.61007,31.527203089352525,413.4745878758515,0.003857647581123585,113060.22020190558,115856.78045941709,110263.65994439405,118653.3407169286,107467.09968688253,894.899282403685,11186.241030046061,17,2025-10,bullish,0.031226940742239438,q3,"(30.0, 40.0]"
581,v17,580,long,Long2,2025-10-30 20:30:00,107304.83,0.05141894904581338,2,0,,,64210,107188.33,107470.0,106830.86,107304.8,335.17912,45.57806354995223,428.79859695908937,0.003996080296119925,112796.627053904,115582.05224223658,110011.20186557139,118367.47743056915,107225.77667723878,891.3360602664296,11141.70075333037,20,2025-10,bullish,0.10854127681147643,q3,"(40.0, 50.0]"
582,v17,582,long,Long1,2025-11-03 04:15:00,107836.34,0.02560991590301488,1,0,,,64529,107734.02,107900.0,107480.13,107836.31,235.33666,25.49655261304669,252.65266451720942,0.002342927577151049,109894.19563469334,112589.06068558626,107199.33058380043,115283.92573647917,104504.46553290752,862.3568162857322,10779.460203571653,4,2025-11,bullish,0.094856732393749,q1_low,"(-0.001, 30.0]"
583,v17,584,long,Long1,2025-11-04 06:00:00,104886.11,0.013141338440563534,1,0,,,64632,104215.76,104909.41,104200.0,104886.08,709.14315,33.16827530888466,402.96055127921574,0.003841887801309914,109325.19546542177,111970.49595710298,106679.8949737406,114615.79644878418,104034.5944820594,846.4961573379825,10581.20196672478,6,2025-11,bullish,0.6390933858906797,q3,"(30.0, 40.0]"
584,v17,583,long,Long2,2025-11-04 09:30:00,103883.95,0.05301982608309564,2,0,,,64646,103878.13,104138.65,103774.67,103883.92,348.64274,33.64371140463217,411.77312374475093,0.003963781148658531,109150.85532091976,111793.32969059783,106508.38095124168,114435.80406027593,103865.90658156361,845.5917982969852,10569.897478712315,9,2025-11,bullish,0.005573528607693661,q3,"(30.0, 40.0]"
585,v17,585,long,Long1,2025-11-04 20:30:00,100923.03,0.013617190181740287,1,0,,,64690,100542.13,101119.4,100013.0,100923.0,834.14749,34.74066450533624,489.8042769249466,0.004853247296700916,108330.46135795875,110967.89555721378,105693.02715870371,113605.32975646881,103055.59295944867,843.9789437616116,10549.736797020145,20,2025-11,bullish,0.37738672056914213,q4_high,"(30.0, 40.0]"
586,v17,587,long,Long1,2025-11-05 01:30:00,99349.76,0.013818174482595544,1,0,,,64710,99113.4,99578.14,98966.8,99349.73,809.85322,32.44068596325978,528.2868495752124,0.00531744625350479,107790.23672702543,110435.92442789598,105144.5490261549,113081.61212876652,102498.86132528436,846.6200642785722,10582.750803482151,1,2025-11,bullish,0.2378768417387765,q4_high,"(30.0, 40.0]"
587,v17,586,long,Long2,2025-11-05 11:00:00,101562.89,0.05418676008808869,2,0,,,64748,101401.97,101714.93,101381.68,101562.86,155.27679,46.627579817392345,494.39368380146846,0.004867859016588037,106711.95220551187,109361.8478586069,104062.05655241685,112011.74351170192,101412.16089932183,847.9666089904076,10599.582612380094,11,2025-11,bullish,0.15841420771333087,q4_high,"(40.0, 50.0]"
588,v17,588,long,Long1,2025-11-07 13:00:00,100043.62,0.013737996862819594,1,0,,,64948,99638.29,100334.0,99455.1,100043.59,553.1996,37.64660804849478,403.0453944429312,0.004028697835043017,102643.03813592551,105010.35364919776,100275.72262265322,107377.66916247002,97908.40710938093,757.5409642471268,9469.262053089085,13,2025-11,bullish,0.4051234067070193,q3,"(30.0, 40.0]"
589,v17,589,short,Short1,2025-11-10 01:00:00,106314.39,0.012984474443032296,1,0,,,65188,106314.96,106670.11,106119.42,106314.42,518.1737,76.13412088913637,322.9870325057161,0.003038035973913192,102155.17508190553,104518.81398273227,99791.53618107876,106882.45288355902,97427.897280252,756.3644482645614,9454.555603307017,1,2025-11,bearish,0.000507927334794423,q2,"(70.0, 100.0]"
590,v17,590,short,Short2,2025-11-10 01:00:00,106314.39,0.051936026542743784,2,0,,,65188,106314.96,106670.11,106119.42,106314.42,518.1737,76.13412088913637,322.9870325057161,0.003038035973913192,102155.17508190553,104518.81398273227,99791.53618107876,106882.45288355902,97427.897280252,756.3644482645614,9454.555603307017,1,2025-11,bearish,0.000507927334794423,q2,"(70.0, 100.0]"
591,v17,591,short,Short1,2025-11-11 03:15:00,106773.03,0.012942759669224738,1,0,,,65293,106906.33,107100.0,106773.06,106773.06,162.41744,60.1203227125574,355.50083746928107,0.003329499383732948,103544.51498684146,105943.19672136183,101145.83325232111,108341.8784558822,98747.15151780077,767.578155046514,9594.726938081425,3,2025-11,bearish,0.12481612871262102,q2,"(60.0, 70.0]"
592,v17,592,long,Long1,2025-11-12 18:45:00,101542.2,0.013667166140591653,1,0,,,65451,101500.01,101594.0,101416.69,101542.17,156.09306,27.13399771413978,346.89326260594663,0.003416248270112276,104656.13045232408,107049.42337720227,102262.83752744587,109442.71630208046,99869.54460256766,765.8537359610235,9573.171699512794,18,2025-11,bullish,0.041519695708692746,q2,"(-0.001, 30.0]"
593,v17,594,long,Long1,2025-11-13 19:00:00,98696.11,0.01405756742191952,1,0,,,65548,98591.78,98899.72,98314.39,98696.08,611.47281,18.2648582128282,442.6008670851637,0.004484482738171199,103964.10441234811,106361.58811168444,101566.62071301184,108759.07181102077,99169.13701367557,767.1947837876156,9589.934797345195,19,2025-11,bullish,0.10567795600392935,q4_high,"(-0.001, 30.0]"
594,v17,593,long,Long2,2025-11-13 22:00:00,99301.64,0.05591965879331134,2,0,,,65560,98817.35,99355.98,98701.88,99301.61,284.58788,46.292528266572454,460.2944367907794,0.004635316958010846,103768.40800166273,106167.36471362237,101369.45128970311,108566.321425582,98970.4945777435,767.66614782708,9595.8268478385,22,2025-11,bullish,0.4876658092451822,q4_high,"(40.0, 50.0]"
595,v17,595,long,Long1,2025-11-14 04:45:00,97824.01,0.014183358234885037,1,0,,,65587,97579.56,97978.06,97222.22,97823.98,727.03516,32.47731764319616,482.45040819739654,0.0049318215042712076,103249.38294214339,105644.0780056995,100854.68787858731,108038.7730692556,98459.99281503122,766.302420337951,9578.780254224388,4,2025-11,bullish,0.24985693691873737,q4_high,"(30.0, 40.0]"
596,v17,596,long,Long1,2025-11-14 10:00:00,96950.02,0.014294762438758669,1,0,,,65608,96839.94,97040.0,96727.06,96949.99,136.76526,39.53913088163693,499.8848092529248,0.005156109961980654,102743.18618167104,105148.12578494535,100338.24657839676,107553.06538821966,97933.3069751225,769.5806730477733,9619.758413097166,10,2025-11,bullish,0.11351213135762356,q4_high,"(30.0, 40.0]"
597,v17,597,long,Long1,2025-11-15 21:45:00,95280.02,0.014532526427076262,1,0,,,65751,95225.37,95313.91,95125.29,95279.99,75.0953,35.85920012493166,375.7463404758172,0.003943601804280387,98953.19840235231,101280.35977751127,96626.03702719338,103607.52115267022,94298.87565203445,744.6916400508618,9308.645500635772,21,2025-11,bullish,0.057325782674840634,q3,"(30.0, 40.0]"
598,v17,598,long,Long1,2025-11-16 16:30:00,94330.4,0.01467946133680866,1,0,,,65826,94304.42,94471.18,94022.89,94330.37,641.2819,23.18586350573014,314.4792272053999,0.003333806781478753,97268.67368235238,99562.04204835703,94975.30531634777,101855.41041436169,92681.93695034315,733.8778771214828,9173.473464018534,16,2025-11,bullish,0.027509698096166792,q2,"(-0.001, 30.0]"
599,v17,599,long,Long1,2025-11-16 21:45:00,93505.25,0.014805290309516996,1,0,,,65847,93495.95,93673.97,93404.96,93505.22,227.2334,35.161058608421285,356.7946993880259,0.003815773059386694,96758.53322579486,99038.15407756197,94478.91237402779,101317.77492932907,92199.29152226071,729.4786725654686,9118.483407068357,21,2025-11,bullish,0.009913885021610638,q3,"(30.0, 40.0]"
600,v17,600,long,Long1,2025-11-17 20:15:00,91767.31,0.015079293173407091,1,0,,,65937,91400.01,92110.0,91395.38,91767.28,623.37779,31.78569792859126,438.29912709071016,0.0047762026627650965,95521.55253539438,97772.89600915296,93270.20906163576,100024.23948291154,91018.86558787714,720.4299116027519,9005.373895034398,20,2025-11,bullish,0.40021890155184303,q4_high,"(30.0, 40.0]"
601,v17,601,long,Long2,2025-11-18 03:45:00,90842.75,0.06086747231595235,2,0,,,65967,90627.81,90914.59,90604.0,90842.72,568.96713,41.30015667476841,467.49998875049414,0.005146257055606593,95197.55931747206,97441.4288924605,92953.68974248359,99685.29846744894,90709.82016749513,718.0382639963052,8975.478299953815,3,2025-11,bullish,0.23657371773985136,q4_high,"(40.0, 50.0]"
602,v17,602,long,Long3,2025-11-18 06:45:00,89651.33,0.06126376290233634,3,0,,,65979,89477.16,89795.45,89371.12,89651.3,386.27607,35.59208154578319,466.0211732139338,0.005198152990686513,95042.09042312422,97283.82561796781,92800.35522828059,99525.56081281143,90558.62003343696,717.3552623499569,8966.940779374461,6,2025-11,bullish,0.19424146666027084,q4_high,"(30.0, 40.0]"
603,v17,603,long,Long1,2025-11-19 16:00:00,90124.43,0.015385533953875303,1,0,,,66112,89951.7,90228.81,89900.05,90124.4,588.63983,34.39391757531206,413.82451643307655,0.0045917034280736025,93267.57758496533,95427.0609191074,91108.09425082323,97586.54425324948,88948.61091668112,691.0346669254685,8637.933336568356,16,2025-11,bullish,0.19162402190749353,q4_high,"(30.0, 40.0]"
604,v17,604,long,Long2,2025-11-19 19:45:00,88884.59,0.06231248675923459,2,0,,,66127,88723.33,89100.0,88630.71,88884.56,360.04164,34.53300991446011,429.3814532387123,0.004830776607756312,93027.83346271157,95184.08089633411,90871.58602908901,97340.32832995667,88715.33859546646,689.999178759217,8624.989734490213,19,2025-11,bullish,0.18139258381882742,q4_high,"(30.0, 40.0]"
605,v17,605,long,Long1,2025-11-20 19:15:00,86928.03,0.015933637363183317,1,0,,,66221,86420.78,87146.29,86280.0,86928.0,611.86999,31.744057778990026,483.9493790947624,0.005567243915594082,91850.15448158297,93968.45127048834,89731.85769267761,96086.7480593937,87613.56090377226,677.8549724497158,8473.187155621446,19,2025-11,bullish,0.5834943861586614,q4_high,"(30.0, 40.0]"
606,v17,606,long,Long1,2025-11-21 03:00:00,85786.99,0.016146530311996844,1,0,,,66252,85444.93,86057.98,85439.55,85786.96,794.53588,34.55406003036407,504.79216309783965,0.005884252840966035,91299.74659853117,93401.04205745304,89198.45113960926,95502.33751637493,87097.15568068734,672.4145468550071,8405.181835687588,3,2025-11,bullish,0.398696958139108,q4_high,"(30.0, 40.0]"
607,v17,607,long,Long1,2025-11-21 08:00:00,84505.77,0.01639137247569329,1,0,,,66272,84049.38,84693.21,83702.35,84505.74,1208.89549,31.489813167803305,521.0055582178231,0.006165327446606859,90941.89009392985,93036.13830031053,88847.64188754917,95130.3865066912,86753.3936811685,670.1594260418159,8376.992825522699,8,2025-11,bullish,0.5400343219289016,q4_high,"(30.0, 40.0]"
608,v17,608,short,TrendShort,2025-11-21 08:45:00,83643.42,0.16542267536937802,0,-1,breakout_down,,66275,83791.27,83980.0,83521.07,83643.45,1113.6434,24.811930540386726,524.1098262268696,0.006265999623722714,90887.8416485323,92984.34320573922,88791.3400913254,95080.84476294613,86694.83853411849,670.880498306211,8386.006228827639,8,2025-11,bearish,0.17672633063319004,q4_high,"(-0.001, 30.0]"
609,v17,609,long,RevLong,2025-11-21 09:15:00,83079.81999999999,0.16760730030793777,0,2,breakout_short_tp,rev_long,66277,83702.81,83767.2,83064.76,83079.79,755.72209,21.911297534324007,524.7016805440459,0.006315635614197459,90851.158548372,92948.84722390064,88753.46987284336,95046.53589942926,86655.78119731473,671.2603761691623,8390.75470211453,9,2025-11,bearish,0.7499056027946196,q4_high,"(-0.001, 30.0]"
610,v17,610,short,Short1,2025-11-23 20:30:00,87529.84,0.03319592002122986,1,0,,,66514,87623.91,87650.46,87427.0,87529.87,189.99734,60.626941230031,329.19170138018694,0.0037609070067188147,85556.3407111206,87595.07357093034,83517.60785131092,89633.80643074008,81478.87499150123,652.3945151391079,8154.931439238848,20,2025-11,bearish,0.10743760958402902,q3,"(60.0, 70.0]"
611,v17,611,short,Short1,2025-11-24 18:15:00,88359.16,0.01642540992130446,1,0,,,66601,88488.0,88527.59,88224.82,88359.19,325.38476,68.21734252363461,395.20581618357767,0.004472718866974422,85483.206832333,87529.9182550007,83436.49540966537,89576.62967766839,81389.78398699772,654.9476552536537,8186.845690670671,18,2025-11,bearish,0.14577996923692677,q4_high,"(60.0, 70.0]"
612,v17,612,short,Short1,2025-11-26 18:30:00,89729.95,0.016177451941801875,1,0,,,66794,90349.26,90369.71,89709.68,89729.98,600.13133,71.68736587636315,342.27910628031395,0.0038145456655658896,87266.36624583366,89222.48713022802,85310.2453614393,91178.6080146224,83354.12447704493,625.9586830061977,7824.483537577471,18,2025-11,bearish,0.6901595208201304,q3,"(70.0, 100.0]"
613,v17,613,short,Short2,2025-11-27 02:00:00,91029.86,0.06369104520859166,2,0,,,66824,91145.78,91213.68,90879.76,91029.89,269.17518,69.89806831226215,331.99002216335475,0.0036470440880830984,87481.05956079828,89446.27402340512,85515.84509819142,91411.48848601195,83550.63063558456,628.8686280341913,7860.85785042739,2,2025-11,bearish,0.1273098319683781,q3,"(60.0, 70.0]"
614,v17,614,short,Short1,2025-11-28 09:00:00,91673.96,0.01580202328549509,1,0,,,66948,91689.99,91850.0,91518.42,91673.99,219.73953,60.135711237067476,247.68292204060793,0.002701779665536625,89040.67666971116,91071.8833845457,87009.46995487662,93103.09009938024,84978.26324004208,649.9861487470521,8124.826859338151,9,2025-11,bearish,0.01745315110643706,q1_low,"(60.0, 70.0]"
615,v17,616,long,Long1,2025-12-01 01:00:00,87411.84,0.016573067764827643,1,0,,,67204,87000.0,87697.95,86941.4,87411.81,702.38812,16.868884903786466,236.62958143638897,0.0027070664871988006,91087.29695499917,93241.78313208796,88932.8107779104,95396.26930917677,86778.32460082165,689.4355766684097,8617.94470835512,1,2025-12,bullish,0.4711148299068486,q1_low,"(-0.001, 30.0]"
616,v17,617,long,Long2,2025-12-01 01:00:00,87411.84,0.06628988226156239,2,0,,,67204,87000.0,87697.95,86941.4,87411.81,702.38812,16.868884903786466,236.62958143638897,0.0027070664871988006,91087.29695499917,93241.78313208796,88932.8107779104,95396.26930917677,86778.32460082165,689.4355766684097,8617.94470835512,1,2025-12,bullish,0.4711148299068486,q1_low,"(-0.001, 30.0]"
617,v17,615,long,Long3,2025-12-01 04:30:00,85895.28,0.06686535905688472,3,0,,,67218,85733.66,86009.25,85695.44,85895.25,264.11773,19.549853139763115,259.41240111923065,0.0030201018230837057,91011.8883280586,93170.8769519202,88852.8997041971,95329.8655757818,86693.9110803356,690.8763596356963,8635.954495446204,4,2025-12,bullish,0.18812448883959998,q2,"(-0.001, 30.0]"
618,v17,618,short,Short1,2025-12-02 17:30:00,91723.42,0.015555421631267826,1,0,,,67366,91756.01,91959.52,91605.66,91723.45,320.20795,78.4616770782032,379.53782847182475,0.004137849464578848,88834.96886451555,91008.66564809668,86661.2720809344,93182.36243167782,84487.57529735325,695.5829707459651,8694.787134324564,17,2025-12,bearish,0.03549801059597919,q3,"(70.0, 100.0]"
619,v17,619,short,Short1,2025-12-03 02:15:00,92806.73,0.015376859363432055,1,0,,,67401,92883.92,93051.64,92600.71,92806.76,427.47535,71.77122455864036,371.5481496319237,0.004003459981060903,88757.19949787713,90937.28377185641,86577.11522389784,93117.3680458357,84397.03094991855,697.6269676733716,8720.337095917144,2,2025-12,bearish,0.08314049536909111,q3,"(70.0, 100.0]"
620,v17,620,short,Short2,2025-12-03 02:15:00,92806.73,0.0615052211984535,2,0,,,67401,92883.92,93051.64,92600.71,92806.76,427.47535,71.77122455864036,371.5481496319237,0.004003459981060903,88757.19949787713,90937.28377185641,86577.11522389784,93117.3680458357,84397.03094991855,697.6269676733716,8720.337095917144,2,2025-12,bearish,0.08314049536909111,q3,"(70.0, 100.0]"
621,v17,621,short,Short1,2025-12-03 22:00:00,93688.96,0.0152484671434989,1,0,,,67480,93700.01,93818.45,93440.0,93688.99,302.78508,63.187070807061055,383.75969890245074,0.004096102422519986,89122.82182894096,91302.64178360853,86943.00187427341,93482.46173827609,84763.18191960588,697.5423854936171,8719.279818670213,22,2025-12,bearish,0.011762321271677197,q3,"(60.0, 70.0]"
622,v17,622,long,Long1,2025-12-05 14:45:00,90287.7,0.03164343962339723,1,0,,,67643,90206.44,90503.31,89969.98,90287.67,428.21683,28.834206411107203,308.9743188686837,0.0034221097838573497,91902.77865294293,94037.83732835797,89767.71997752786,96172.89600377301,87632.6613021128,683.2187761328172,8540.234701660214,14,2025-12,bullish,0.08996798787696694,q2,"(-0.001, 30.0]"
623,v17,623,long,Long1,2025-12-05 19:00:00,89123.55,0.016032169526461724,1,0,,,67660,88936.04,89199.99,88814.88,89123.52,235.45668,39.88481036892088,365.6743527797293,0.004103006173675919,92118.54460824381,94258.58707922962,89978.502137258,96398.62955021541,87838.45966627217,684.8135907154589,8560.169883943236,19,2025-12,bullish,0.21035973444497083,q3,"(30.0, 40.0]"
624,v17,624,long,Long1,2025-12-06 23:30:00,89098.02,0.01604041692992027,1,0,,,67774,89013.99,89180.0,89001.43,89097.99,47.26298,33.71456252204129,219.8783846268078,0.002467826542740277,91463.29655612593,93612.11916330103,89314.47394895085,95760.94177047613,87165.65134177575,687.6232342960301,8595.290428700377,23,2025-12,bullish,0.09427822109118286,q1_low,"(30.0, 40.0]"
625,v17,625,long,Long1,2025-12-07 13:30:00,88965.39,0.03213204552161162,1,0,,,67830,88926.38,89055.59,88870.79,88965.36,100.23994,38.94185989574139,190.6029870196736,0.00214244046244149,90777.63075922271,92946.84622918033,88608.4152892651,95116.06169913795,86439.19981930751,694.148950386435,8676.861879830438,13,2025-12,bullish,0.043814806122288406,q1_low,"(30.0, 40.0]"
626,v17,626,short,Short1,2025-12-09 16:15:00,93376.75,0.015411872016320332,1,0,,,68033,93442.26,93718.86,93276.68,93376.78,922.01409,82.35713961097682,318.00019907695815,0.0034055597020689527,90199.79508888937,92363.36500787112,88036.22516990767,94526.93492685289,85872.65525092596,692.3423740741541,8654.279675926926,16,2025-12,bearish,0.07012449990243391,q2,"(70.0, 100.0]"
627,v17,627,short,Short1,2025-12-10 20:15:00,93579.41,0.01538200231709978,1,0,,,68145,94252.99,94476.0,93148.0,93579.44,764.11708,62.659127185807044,353.0102966524118,0.0037723061460125406,91252.66774661146,93434.95327576366,89070.38221745924,95617.23880491585,86888.09668830702,698.331369328706,8729.142116608826,20,2025-12,bearish,0.7197628025985227,q3,"(60.0, 70.0]"
628,v17,628,short,Short1,2025-12-11 21:30:00,93174.33,0.031028773845563854,1,0,,,68246,93280.0,93555.0,92874.7,93174.36,716.45304,73.45630463940623,380.66483920613194,0.004085510640546733,91385.08837206986,93567.02199631423,89203.15474782545,95748.9556205586,87021.22112358104,698.2187597582047,8727.734496977559,21,2025-12,bearish,0.11337883082856637,q3,"(70.0, 100.0]"
629,v17,629,long,Long1,2025-12-14 14:45:00,89118.06999999999,0.03268177986621488,1,0,,,68507,88982.06,89138.21,88884.26,89118.04,228.94026,38.409359823344765,172.64610965827023,0.0019372745367634908,90791.32574291583,93072.1485976656,88510.50288816605,95352.97145241537,86229.68003341627,729.8633135199279,9123.291418999099,14,2025-12,bullish,0.15258414570158405,q1_low,"(30.0, 40.0]"
630,v17,631,long,Long1,2025-12-15 15:30:00,87203.58,0.016704870748538152,1,0,,,68606,86871.24,87203.55,86621.91,87203.55,638.83016,21.65503484673839,252.81568261356153,0.0028991443881993513,90127.29480897152,92372.65625192437,87881.93336601864,94618.01769487723,85636.57192306576,718.5156617449178,8981.445771811472,15,2025-12,bullish,0.3810739356367919,q2,"(-0.001, 30.0]"
631,v17,630,long,Long2,2025-12-15 18:30:00,85757.62,0.06783101446181679,2,0,,,68618,85586.01,85895.0,85146.64,85757.59,573.29082,21.66890713797727,283.2707916163098,0.0033031570921746964,89982.17983996624,92230.85838737275,87733.50129255975,94479.53693477926,85484.82274515326,719.57713517008,8994.714189626,18,2025-12,bullish,0.20007558514645962,q2,"(-0.001, 30.0]"
632,v17,632,long,Long1,2025-12-17 05:30:00,86488.06999999999,0.03371316986477092,1,0,,,68758,86423.92,86519.16,86230.0,86488.04,94.21923,28.45778637867089,287.9464291484296,0.0033293207841041334,88276.30688998994,90448.56912490804,86104.0446550718,92620.83135982614,83931.78242015367,695.1239151737979,8689.048939672473,5,2025-12,bullish,0.0741374183066183,q2,"(-0.001, 30.0]"
633,v17,633,long,Long1,2025-12-17 19:15:00,85709.0,0.03430634419371572,1,0,,,68813,85521.7,85939.92,85493.89,85708.97,284.87527,37.83363933437413,380.55065756262456,0.004440033027612216,87732.60648556877,89913.15777008052,85552.05520105702,92093.70905459228,83371.50391654526,697.7764110437618,8722.205138047022,19,2025-12,bullish,0.2184952170117131,q3,"(30.0, 40.0]"
634,v17,634,long,Long1,2025-12-18 20:00:00,85151.49,0.03454636027209976,1,0,,,68912,84483.8,85268.41,84450.01,85151.46,476.56982,36.202428079555446,422.8127565455514,0.004965419929917248,86941.16850066514,89075.7456065981,84806.59139473215,91210.32271253104,82672.01428879918,683.0646738985483,8538.308423731854,20,2025-12,bullish,0.7840852053505641,q4_high,"(30.0, 40.0]"
635,v17,635,short,Short1,2025-12-19 11:15:00,88281.56,0.033329536484245685,1,0,,,68973,88337.96,88379.43,88180.0,88281.59,83.27155,64.5641165815946,372.9981971092802,0.0042250960490095415,86833.14976997464,88958.24206401364,84708.05747593561,91083.33435805264,82582.9651818966,680.0295340924838,8500.369176156048,11,2025-12,bearish,0.06385249744596795,q3,"(60.0, 70.0]"
636,v17,636,short,Short1,2025-12-22 08:30:00,89746.37,0.03276445714758377,1,0,,,69250,89815.81,89908.71,89581.19,89746.4,216.59589,71.15875456545004,215.7441586742117,0.002403931062128528,88056.87395046919,90296.5971784621,85817.1507224763,92536.32040645504,83577.42749448343,716.7114329577284,8958.892911971605,8,2025-12,bearish,0.07734014957703428,q1_low,"(70.0, 100.0]"
637,v17,637,short,Short1,2025-12-29 03:15:00,89481.39,0.03287646958787426,1,0,,,69901,89495.51,89513.13,89364.18,89481.42,244.53578,77.72668782222318,140.84895940304943,0.0015740581609349678,87821.07333916261,90024.1834081978,85617.96327012745,92227.29347723298,83414.85320109228,704.9952220912558,8812.440276140696,3,2025-12,bearish,0.01574628565348707,q1_low,"(70.0, 100.0]"
638,v17,638,short,Short1,2026-01-02 10:45:00,89666.26,0.03282364978142539,1,0,,,70315,89700.74,89755.0,89620.59,89666.29,161.87238,67.58647711959787,148.73604547916688,0.001658773274540152,88160.13466298823,90295.48902517089,86024.78030080555,92430.84338735355,83889.42593862288,683.3133958984539,8541.417448730674,10,2026-01,bearish,0.03842023574301071,q1_low,"(60.0, 70.0]"
639,v17,639,short,Short1,2026-01-02 17:45:00,90370.49,0.03256944149007475,1,0,,,70343,90519.3,90563.04,90185.43,90370.52,201.75374,61.991357878299,227.48044486453009,0.002517197476173979,88304.81181756187,90448.77599398949,86160.84764113424,92592.7401704171,84016.88346470661,686.0685364568396,8575.856705710496,17,2026-01,bearish,0.1646333339677572,q1_low,"(60.0, 70.0]"
640,v17,640,short,Short1,2026-01-03 21:00:00,90361.47,0.032585775101858123,1,0,,,70452,90372.4,90409.18,90318.29,90361.5,61.6312,66.05677806903992,153.88511800497375,0.001702994284125139,88863.00382104752,91023.69440867465,86702.31323342037,93184.38499630179,84541.62264579324,691.420988040684,8642.76235050855,21,2026-01,bearish,0.012062659429064567,q1_low,"(60.0, 70.0]"
641,v17,641,short,Short1,2026-01-05 00:15:00,91847.35,0.03198311515001763,1,0,,,70561,91895.35,91999.99,91703.15,91847.38,307.72942,69.4670652910068,162.52292244416822,0.0017694889330993242,89966.88068959062,92153.71984141924,87780.04153776198,94340.55899324786,85593.20238593334,699.7885285851615,8747.35660731452,0,2026-01,bearish,0.05222794596862879,q1_low,"(60.0, 70.0]"
642,v17,642,short,Short1,2026-01-06 11:30:00,93804.27,0.031177653170706227,1,0,,,70702,93833.57,93833.57,93776.0,93804.3,111.83016,60.2503282789517,208.38253309310954,0.0022214603498252163,91747.27505154687,93960.990852523,89533.55925057076,96174.70665349913,87319.84344959466,708.389056312358,8854.863203904475,11,2026-01,bearish,0.031203260404911153,q1_low,"(60.0, 70.0]"
643,v17,643,long,Long1,2026-01-07 19:15:00,90909.03,0.03217855202956392,1,0,,,70829,90787.34,90915.44,90675.52,90909.0,235.66994,34.872710165887824,267.33757382485334,0.0029407162527896394,92773.2504725305,95000.79448373325,90545.70646132776,97228.33849493599,88318.16245012503,712.8140835848765,8910.176044810956,19,2026-01,bullish,0.13382613382613767,q2,"(30.0, 40.0]"
644,v17,644,long,Long1,2026-01-08 06:30:00,90376.98,0.016181113705663618,1,0,,,70874,90276.86,90419.98,90219.69,90376.95,181.20324,32.29871773503049,249.5913063631025,0.002761669943089499,92780.19590973196,94983.89537106891,90576.49644839505,97187.59483240587,88372.79698705811,705.1838276278204,8814.797845347755,6,2026-01,bullish,0.11074726465099399,q1_low,"(30.0, 40.0]"
645,v17,645,long,Long1,2026-01-09 09:00:00,90158.12,0.03244621056071706,1,0,,,70980,90033.52,90263.17,90014.6,90158.09,190.61993,28.70292074764137,244.65686901697794,0.002713642991072437,91987.29430255228,94125.35956764533,89849.22903745924,96263.42483273837,87711.1637723662,684.1808848297736,8552.26106037217,9,2026-01,bullish,0.13816841062182267,q1_low,"(-0.001, 30.0]"
646,v17,646,short,Short1,2026-01-12 03:15:00,92381.87,0.031673648339521375,1,0,,,71245,92433.31,92519.95,92352.24,92381.9,245.49544,75.82586729893907,159.01760292812006,0.0017213069110737066,90751.16949228168,93037.87007044633,88464.46891411705,95324.57064861097,86177.76833595241,731.744185012685,9146.802312658561,3,2026-01,bearish,0.05564942916307577,q1_low,"(70.0, 100.0]"
647,v17,648,short,Short1,2026-01-13 16:00:00,93289.38,0.03137216885756619,1,0,,,71392,93449.99,93702.12,93289.41,93289.41,644.44382,67.3718616436632,239.40475679013468,0.0025662586652668794,91081.95977406621,93395.94236144827,88767.97718668418,95709.92494883032,86453.99459930212,740.4744279622554,9255.930349528193,16,2026-01,bearish,0.17213100608097076,q1_low,"(60.0, 70.0]"
648,v17,647,short,Short2,2026-01-13 22:15:00,95316.74,0.061138447665937345,2,0,,,71417,95604.1,95691.47,94999.53,95316.77,669.83747,73.21041694956978,282.3279521117581,0.0029619966361822594,91256.49076961061,93565.79454124422,88947.18699797709,95875.09831287782,86637.88322634355,738.9772069227416,9237.21508653427,22,2026-01,bearish,0.3014474787595108,q2,"(70.0, 100.0]"
649,v17,649,short,Short1,2026-01-14 16:15:00,97248.34,0.014926407098938641,1,0,,,71489,97374.48,97460.17,97109.26,97248.37,475.36415,72.89849539875448,287.5160728003824,0.0029565130274202276,92227.4473831687,94599.78097845869,89855.11378787874,96972.11457374867,87482.78019258879,759.14675049279,9489.334381159875,16,2026-01,bearish,0.12967826607273786,q2,"(70.0, 100.0]"
650,v17,650,short,Short1,2026-01-15 09:45:00,97040.72,0.014961176755875244,1,0,,,71559,97080.4,97193.34,96983.81,97040.75,375.74566,64.81859362601935,286.7468462760993,0.0029549116868542264,93507.574683454,95869.73011210795,91145.41925480004,98231.8855407619,88783.26382614608,755.8897371692653,9448.621714615816,9,2026-01,bearish,0.04085912361558848,q2,"(60.0, 70.0]"
651,v17,651,long,Long1,2026-01-19 00:15:00,92638.39,0.015675031478133702,1,0,,,71905,92448.61,92815.57,92125.3,92638.36,1036.80795,15.12735422913984,152.15788462923598,0.0016424932892727805,95369.87518882073,97797.54877154788,92942.20160609359,100225.22235427503,90514.52802336644,776.8555464726873,9710.694330908591,0,2026-01,bullish,0.20482875560404998,q1_low,"(-0.001, 30.0]"
652,v17,652,long,Long1,2026-01-20 02:15:00,92494.62,0.0314037066995017,1,0,,,72009,92480.8,92539.22,92370.68,92494.59,95.60605,39.319746000508594,177.0346771231991,0.001914000344487165,94591.2403871309,96989.65054963382,92192.83022462799,99388.06071213674,89794.42006212508,767.4912520009326,9593.640650011657,2,2026-01,bullish,0.014908980081963279,q1_low,"(30.0, 40.0]"
653,v17,653,long,Long2,2026-01-20 17:45:00,89775.49,0.0643246049311645,2,0,,,72071,89688.01,89842.84,89431.1,89775.46,522.87431,32.85565200778875,245.7808149232997,0.0027377282714374247,93892.27262294089,96269.43446496408,91515.11078091772,98646.59630698727,89137.94893889454,760.6917894474184,9508.64736809273,17,2026-01,bullish,0.09740969302748394,q1_low,"(30.0, 40.0]"
654,v17,654,long,Long1,2026-01-21 18:15:00,88015.7,0.01639070421481992,1,0,,,72169,87905.81,88050.0,87843.95,88015.67,132.54196,39.323178338489676,327.26244534987865,0.0037182293260947584,92072.06150540945,94452.78290552567,89691.34010529323,96833.50430564188,87310.61870517701,761.8308480371896,9522.88560046487,18,2026-01,bullish,0.12481868285499684,q3,"(30.0, 40.0]"
655,v17,655,long,Long2,2026-01-21 18:15:00,88015.7,0.06556045436237015,2,0,,,72169,87905.81,88050.0,87843.95,88015.67,132.54196,39.323178338489676,327.26244534987865,0.0037182293260947584,92072.06150540945,94452.78290552567,89691.34010529323,96833.50430564188,87310.61870517701,761.8308480371896,9522.88560046487,18,2026-01,bullish,0.12481868285499684,q3,"(30.0, 40.0]"
656,v17,656,long,Long1,2026-01-25 17:15:00,87888.63,0.03286619887829047,1,0,,,72549,87863.05,88020.2,87767.18,87888.6,160.33503,31.389749655852228,147.85307024920846,0.0016822781367459311,89462.77655917057,91723.57279942122,87201.98031891993,93984.36903967187,84941.18407866928,723.4547968802077,9043.184961002597,17,2026-01,bullish,0.02907089201557757,q1_low,"(30.0, 40.0]"
657,v17,657,short,Short1,2026-01-28 12:00:00,89928.83,0.032085813822722936,1,0,,,72816,90079.99,90176.88,89898.16,89928.86,429.03788,65.31203538042587,230.24594841193397,0.0025603121001637735,88207.56618068524,90381.45947386997,86033.67288750052,92555.35276705469,83859.77959431581,695.6458538191102,8695.573172738877,12,2026-01,bearish,0.1680550604110901,q1_low,"(60.0, 70.0]"
658,v17,658,long,Long1,2026-01-29 15:15:00,85454.9,0.01688715825400985,1,0,,,72925,85340.58,85804.82,85224.71,85454.87,2369.43368,14.761711913034517,264.3331271417175,0.0030932482507049336,88583.00690582972,90688.8457197707,86477.16809188871,92794.6845337117,84371.32927794772,673.8684204611183,8423.355255763978,15,2026-01,bullish,0.1337431090820144,q2,"(-0.001, 30.0]"
659,v17,659,long,Long2,2026-01-29 21:00:00,84427.23,0.06828616695837164,2,0,,,72948,84216.91,84468.56,84200.0,84427.2,249.10897,43.219211956432055,325.3539405672144,0.003853662570441924,88500.04873650197,90612.18965662539,86387.90781637857,92724.33057674879,84275.76689625517,675.8850944394898,8448.563680493622,21,2026-01,bullish,0.24907849602970794,q3,"(40.0, 50.0]"
660,v17,660,long,Long1,2026-01-31 07:45:00,83546.84,0.01698835473936849,1,0,,,73087,83482.07,83573.19,83482.06,83546.81,65.97889,35.40652777912484,313.91111078832614,0.0037573081580053883,86410.51690238595,88539.82972989828,84281.20407487365,90669.14255741061,82151.89124736135,681.3801048039412,8517.251310049265,7,2026-01,bullish,0.07748949361440693,q3,"(30.0, 40.0]"
661,v17,661,short,TrendShort,2026-01-31 18:15:00,78436.91,0.1799793576543766,0,-1,breakout_down,,73129,78622.95,78664.73,78000.0,78436.94,860.14051,16.335130725331638,393.0967038391516,0.005011627223590716,85569.39828076464,87675.71118131708,83463.0853802122,89782.02408186953,81356.77247965976,674.0201281767816,8425.25160220977,18,2026-01,bearish,0.23714591619713207,q4_high,"(-0.001, 30.0]"
662,v17,662,long,RevLong,2026-01-31 18:30:00,77540.31,0.1840762354758633,0,2,breakout_short_tp,rev_long,73130,78436.94,78729.43,75719.9,77540.28,4653.93953,13.033626011301166,425.8021200411622,0.005491366810142576,85542.83520876063,87650.68406827796,83434.98634924332,89758.53292779528,81327.137489726,674.5116350455431,8431.395438069289,18,2026-01,bearish,1.156379626176232,q4_high,"(-0.001, 30.0]"
663,v17,663,long,Long1,2026-02-03 03:00:00,78021.56,0.03604968684467454,1,0,,,73356,77808.02,78102.0,77644.09,78021.53,333.24447,39.32707287579429,431.6340875698695,0.005532243312453236,79537.63740517566,81479.83524924025,77595.43956111105,83422.03309330484,75653.24171704645,621.5033101006713,7768.791376258392,3,2026-02,bullish,0.27365523336955166,q4_high,"(30.0, 40.0]"
664,v17,665,long,Long1,2026-02-03 16:30:00,76753.48,0.0366605553296031,1,0,,,73410,76693.53,76904.75,76400.0,76753.45,1321.10839,35.352422226987386,414.96238615454774,0.005406433015773855,78587.45338729564,80480.15619315288,76694.7505814384,82372.85899901012,74802.04777558117,605.6648978743156,7570.811223428944,16,2026-02,bullish,0.07806815198534822,q4_high,"(30.0, 40.0]"
665,v17,664,long,Long2,2026-02-03 19:45:00,74935.03,0.07473912611509573,2,0,,,73423,74912.83,75056.58,74316.13,74935.0,502.83317,39.89410645737754,470.91738365193066,0.006284344880922541,78348.87151710076,80233.86310290782,76463.87993129372,82118.85468871488,74578.88834548669,603.1973074582556,7539.966343228196,19,2026-02,bullish,0.029585640888767934,q4_high,"(30.0, 40.0]"
666,v17,666,long,Long1,2026-02-04 16:45:00,73636.04,0.018909991021007905,1,0,,,73507,73113.01,73891.62,73076.92,73636.01,603.33915,33.8470240721347,455.4265672018567,0.0061848349360843526,77430.50631760435,79280.20250747137,75580.81012773729,81129.89869733839,73731.11393787024,591.9027807574521,7398.784759468152,16,2026-02,bullish,0.7102503245355093,q4_high,"(30.0, 40.0]"
667,v17,667,long,Long1,2026-02-04 21:45:00,72800.02,0.019098248674065562,1,0,,,73527,72639.97,72850.0,72210.0,72799.99,570.47658,39.02194891861601,500.14192298224606,0.0068700823033388606,77188.13272074044,79024.76563433892,75351.49980714191,80861.39854793741,73514.86689354338,587.7225323515222,7346.531654394028,21,2026-02,bullish,0.2198077225010664,q4_high,"(30.0, 40.0]"
668,v17,668,long,Long1,2026-02-05 03:00:00,71525.55,0.019436956531182277,1,0,,,73548,71454.44,71884.47,71345.95,71525.52,1025.94965,36.37401020796419,537.5188013296989,0.007515063173671424,76904.86127265633,78717.55422672078,75092.16831859187,80530.24718078523,73279.47536452739,580.0617453006271,7250.7718162578385,3,2026-02,bullish,0.0993771174260624,q4_high,"(30.0, 40.0]"
669,v17,669,short,TrendShort,2026-02-05 04:15:00,71028.29000000001,0.19563336144575233,0,-1,breakout_down,,73553,70950.64,71353.83,70701.0,71028.32,977.59261,33.00696376067775,535.9189478593627,0.007545144638918148,76830.44816186381,78639.04707319706,75021.84925053052,80447.64598453032,73213.25033919723,578.7516516266472,7234.39564533309,4,2026-02,bullish,0.1093648280010108,q4_high,"(30.0, 40.0]"
670,v17,670,short,TrendShort,2026-02-05 11:30:00,70493.68000000001,0.19737399144828033,0,-1,breakout_down,,73582,70067.21,70728.88,69922.0,70493.71,977.8994,40.838767249296964,530.3395305398442,0.00752321775290085,76358.51732023382,78146.22146387199,74570.8131765956,79933.92560751016,72783.1090329574,572.0653259642202,7150.816574552751,11,2026-02,bullish,0.60501851867351,q4_high,"(40.0, 50.0]"
671,v17,671,short,TrendShort,2026-02-05 17:30:00,67109.9,0.20734621263841382,0,-1,breakout_down,,73606,67408.2,67539.9,66533.97,67109.93,1191.60292,36.48098886078583,629.2215315680013,0.009375982534447606,75857.86002628255,77631.94606428215,74083.7739882829,79406.03210228174,72309.68795028326,567.7075321598782,7096.344151998477,17,2026-02,bearish,0.44444987500360095,q4_high,"(30.0, 40.0]"
672,v17,672,long,RevLong,2026-02-06 00:00:00,60255.68,0.25443561225895855,0,2,breakout_short_tp,rev_long,73632,62909.87,63074.76,60100.0,60255.65,6300.6132,21.89076034170499,757.0378929374949,0.012563766102224354,74983.38052800445,76749.69471263164,73217.06634337723,78516.00889725884,71450.75215875,565.2205390807078,7065.256738508848,0,2026-02,bearish,4.404931321793062,q4_high,"(-0.001, 30.0]"
673,v17,674,short,Short1,2026-02-08 09:00:00,70403.36,0.025185246532340094,1,0,,,73860,70665.59,70712.71,70342.4,70403.39,262.80444,70.03436290531975,407.67228396108095,0.005790520654773598,68589.90281577554,70210.17940026929,66969.62623128179,71830.45598476304,65349.34964678802,518.4885070380021,6481.106337975027,9,2026-02,bearish,0.37242524827284185,q4_high,"(70.0, 100.0]"
674,v17,673,short,Short2,2026-02-08 13:30:00,71221.98,0.09946369731041842,2,0,,,73878,71454.93,71490.0,71199.72,71222.01,209.58346,64.15688298303229,395.3578150146696,0.005551062305243416,68457.9175285688,70076.27423908333,66839.56081805426,71694.63094959786,65221.20410753972,517.8741473646514,6473.426842058143,13,2026-02,bearish,0.32703373577914785,q4_high,"(60.0, 70.0]"
675,v17,675,long,Long1,2026-02-10 12:00:00,68636.51,0.05163915762591164,1,0,,,74064,68535.02,68828.92,68535.01,68636.48,248.71881,32.93183770754901,335.8589931503609,0.004893301538050333,69882.67741029464,71526.1502214697,68239.20459911958,73169.62303264474,66595.73178794452,525.9112995760178,6573.891244700222,12,2026-02,bullish,0.1478222659436962,q4_high,"(30.0, 40.0]"
676,v17,677,long,Long1,2026-02-11 03:30:00,68427.66,0.051727918200862394,1,0,,,74126,68288.18,68559.64,68262.0,68427.63,127.93351,39.09710577359116,330.6734142847413,0.004832454584277451,69878.38029938994,71501.99825909834,68254.76233968155,73125.61621880674,66631.14437997315,519.5577471066872,6494.47183883359,3,2026-02,bullish,0.20379194778485185,q4_high,"(30.0, 40.0]"
677,v17,676,long,Long2,2026-02-11 07:15:00,67006.01,0.10520421864736784,2,0,,,74141,66748.14,67019.66,66672.33,67005.98,330.47507,32.57113973430789,334.5642311122165,0.004993050338376015,69843.94453595488,71464.11309101847,68223.77598089128,73084.28164608206,66603.6074258277,518.4539376203495,6480.674220254368,7,2026-02,bullish,0.3848014759279642,q4_high,"(30.0, 40.0]"
678,v17,678,long,Long1,2026-02-12 05:15:00,66877.04,0.026313971276666775,1,0,,,74229,66805.98,66986.0,66670.45,66877.01,166.70247,38.263255565715916,362.9474147863522,0.005427087945264782,69024.26479666622,70601.11864903777,67447.41094429466,72177.97250140933,65870.55709192311,504.5932327588974,6307.415409486217,5,2026-02,bullish,0.10620989185969713,q4_high,"(30.0, 40.0]"
679,v17,679,long,Long1,2026-02-12 20:30:00,65546.70999999999,0.026833316278284797,1,0,,,74290,65505.7,65685.31,65395.46,65546.68,218.68823,38.65414818314982,379.32808260816665,0.005787144102617657,68416.14825487495,69982.44922524621,66849.84728450366,71548.75019561745,65283.546314132356,501.21631051880775,6265.203881485097,20,2026-02,bullish,0.06252032902352328,q4_high,"(30.0, 40.0]"
680,v17,680,long,Long2,2026-02-12 20:30:00,65546.70999999999,0.10732939620130022,2,0,,,74290,65505.7,65685.31,65395.46,65546.68,218.68823,38.65414818314982,379.32808260816665,0.005787144102617657,68416.14825487495,69982.44922524621,66849.84728450366,71548.75019561745,65283.546314132356,501.21631051880775,6265.203881485097,20,2026-02,bullish,0.06252032902352328,q4_high,"(30.0, 40.0]"
681,v17,682,short,Short1,2026-02-15 04:15:00,70198.14,0.02590234130694831,1,0,,,74513,70424.51,70518.57,70172.29,70198.17,261.19796,60.627778928201906,239.83018135729333,0.003416473411732718,67920.02836840472,69510.91386787192,66329.1428689375,71101.79936733912,64738.25736947029,509.0833598295064,6363.54199786883,4,2026-02,bearish,0.322430057649646,q2,"(60.0, 70.0]"
682,v17,681,short,Short2,2026-02-15 08:00:00,70741.79000000001,0.10272979922249516,2,0,,,74528,70828.43,70983.0,70732.01,70741.82,302.98276,68.33939429313266,236.37162853422365,0.0033413280649865046,68044.23202522963,69642.42285053595,66446.0411999233,71240.61367584227,64847.850374616966,511.4210640980239,6392.763301225299,8,2026-02,bearish,0.12243111641739783,q2,"(60.0, 70.0]"
683,v17,683,long,Long1,2026-02-16 15:45:00,67539.55,0.05388933843775577,1,0,,,74655,67449.07,67709.99,67360.0,67539.52,310.42919,30.94909784722681,271.2845718675049,0.00401667900316,69047.49968746318,70663.37571458964,67431.62366033671,72279.2517417161,65815.74763321025,517.0803286804678,6463.504108505847,15,2026-02,bullish,0.1339215913882673,q3,"(30.0, 40.0]"
684,v17,684,long,Long1,2026-02-17 15:15:00,66845.03,0.027237021087620196,1,0,,,74749,66800.02,67166.41,66734.99,66845.0,715.50346,25.208916316644476,254.6012864766091,0.0038088306750932617,69087.83631240296,70699.63382030219,67476.03880450373,72311.43132820142,65864.2412966045,515.775202527754,6447.190031596925,15,2026-02,bullish,0.0672899992519948,q3,"(-0.001, 30.0]"
685,v17,685,long,Long1,2026-02-18 01:30:00,67176.1,0.02710735764539061,1,0,,,74790,67053.19,67189.45,66892.03,67176.07,181.78198,39.81614818381521,264.66928999335227,0.003939934116320771,68846.49829983419,70456.88296497284,67236.11363469555,72067.26763011148,65625.7289695569,515.3230928443663,6441.538660554579,1,2026-02,bullish,0.18292228169942756,q3,"(30.0, 40.0]"
686,v17,686,long,Long1,2026-02-18 14:45:00,67223.79,0.05418796297085071,1,0,,,74843,67144.67,67311.4,66717.3,67223.76,689.61156,38.60869211049659,237.5012505749591,0.003532995633909188,68453.04255408405,70052.13674705182,66853.94836111624,71651.23094001958,65254.854168148435,511.7101417496917,6396.376771871146,14,2026-02,bullish,0.11765185404683778,q2,"(30.0, 40.0]"
687,v17,687,long,Long1,2026-02-18 19:00:00,66371.93,0.027425381850499815,1,0,,,74860,66360.0,66619.0,66310.78,66371.9,249.04616,31.369530606681167,265.3782810706061,0.003998352933554804,68311.48883287124,69909.02752294092,66713.95014280152,71506.56621301059,65116.41145273181,511.2123808223027,6390.154760278783,19,2026-02,bullish,0.017929274286247916,q3,"(30.0, 40.0]"
688,v17,688,short,Short1,2026-02-21 14:45:00,68449.98,0.05319162871142094,1,0,,,75131,68541.68,68586.48,68438.0,68450.01,90.00778,64.16849923721523,184.82875995925806,0.002700200627571246,67257.73080946112,68851.78703618533,65663.67458273692,70445.84326290953,64069.618356012696,510.09799255174704,6376.224906896838,14,2026-02,bearish,0.13392255165484745,q1_low,"(60.0, 70.0]"
689,v17,689,long,Long1,2026-02-23 04:00:00,65023.06,0.028236390788113158,1,0,,,75280,64934.18,65040.29,64828.62,65023.03,263.76164,32.47615002447836,184.00092871662983,0.0028297809055749914,67747.20300452328,69399.16280364642,66095.24320540014,71051.12260276957,64443.283406277,528.6271357194055,6607.839196492569,4,2026-02,bullish,0.13664389370965724,q1_low,"(30.0, 40.0]"
690,v17,690,long,Long1,2026-02-23 20:15:00,64004.39,0.028686280666949966,1,0,,,75345,63961.56,64174.86,63888.79,64004.36,503.48641,28.278991560251683,253.4492256087369,0.003959874383694125,67451.61365383206,69113.66174760889,65789.56556005526,70775.7098413857,64127.51746627847,531.8553900085785,6648.192375107232,20,2026-02,bullish,0.06687044445097631,q3,"(-0.001, 30.0]"
691,v17,691,long,Long2,2026-02-24 01:15:00,64432.93,0.11405416630057803,2,0,,,75365,64324.95,64535.09,63433.84,64432.9,1390.44722,41.84320098450986,262.0383534943015,0.004066840907274102,67293.0583816952,68950.59086342598,65635.52589996443,70608.12334515675,63977.99341823366,530.4103941538476,6630.129926923095,1,2026-02,bullish,0.1675386332137842,q3,"(40.0, 50.0]"
692,v17,692,long,Long3,2026-02-24 04:45:00,63378.869999999995,0.11512200981610385,3,0,,,75379,63338.78,63394.16,63239.75,63378.84,355.13702,33.47724904818595,277.3870971808775,0.004376651531976248,67154.61947777166,68813.57119621278,65495.66775933053,70472.52291465392,63836.7160408894,530.8645499011618,6635.806873764523,4,2026-02,bullish,0.06320721553123673,q3,"(30.0, 40.0]"
693,v17,693,short,Short1,2026-02-25 20:00:00,68644.66,0.028274508558696725,1,0,,,75536,69038.26,69091.4,68619.22,68644.69,290.756,60.83074601170742,305.4272869180529,0.004449394219976125,65322.590609763734,66936.61430814129,63708.566911386166,68550.63800651886,62094.5432130086,516.4875834808207,6456.0947935102595,20,2026-02,bearish,0.5733436919884005,q3,"(60.0, 70.0]"
694,v17,694,short,Short1,2026-02-27 08:30:00,67924.35,0.028577578739610494,1,0,,,75682,67967.9,68030.21,67745.08,67924.38,125.934,60.16622584690087,271.6803694893004,0.003999747505818977,66145.12425413636,67696.27596875156,64593.9725395212,69247.42768336677,63042.82082490605,496.36854867685764,6204.60685846072,8,2026-02,bearish,0.0640712509999937,q3,"(60.0, 70.0]"
695,v17,695,long,Long1,2026-02-28 07:00:00,63769.74,0.030559146545179865,1,0,,,75772,63216.01,63824.55,63038.0,63769.71,616.27397,25.200915671706525,268.4138578405869,0.004209112097900192,66913.09285512092,68459.92027842678,65366.26543181504,70006.74770173266,63819.438008509154,494.98477545788046,6187.309693223506,7,2026-02,bullish,0.868280567686441,q3,"(-0.001, 30.0]"
696,v17,696,long,Long1,2026-03-01 20:45:00,65300.03,0.05968696402262267,1,0,,,75923,65257.78,65407.11,65206.8,65300.0,149.38209,29.431619121520086,316.1617888009447,0.004841681298636213,66361.3467094146,67902.81771017802,64819.87570865121,69444.28871094143,63278.40470788782,493.27072024428867,6165.8840030536085,20,2026-03,bullish,0.0646554364471687,q4_high,"(-0.001, 30.0]"
697,v17,697,short,Short1,2026-03-02 15:45:00,69130.17,0.02819438411846044,1,0,,,75999,69516.47,69617.74,68791.59,69130.2,1367.26718,76.82561011925394,362.4520247477008,0.005243034516719188,66039.24092740538,67577.33302904048,64501.14882577028,69115.4251306756,62963.05672413518,492.18947252323386,6152.368406540423,15,2026-03,bearish,0.5587572435780659,q4_high,"(70.0, 100.0]"
698,v17,698,short,Short2,2026-03-02 18:45:00,68877.64,0.11322828743844371,2,0,,,76011,69125.47,69174.8,68820.5,68877.67,230.78219,58.90399040052197,380.42883161368184,0.005523253495852602,66050.7135790764,67595.44806302426,64505.979095128525,69140.18254697214,62961.24461118065,494.315034863319,6178.937935791488,18,2026-03,bearish,0.35976826742252305,q4_high,"(50.0, 60.0]"
699,v17,699,short,Short1,2026-03-04 08:00:00,69418.71,0.028081667190747575,1,0,,,76160,69493.14,69717.6,69362.23,69418.74,768.74925,69.14353694713125,363.8398616434214,0.005241234018989993,67283.03835241111,68863.930254145,65702.14645067725,70444.82215587888,64121.2545489434,505.88540855483853,6323.567606935481,8,2026-03,bearish,0.10717567043134774,q4_high,"(60.0, 70.0]"
700,v17,700,short,Short1,2026-03-04 13:00:00,71299.97,0.027255939425012827,1,0,,,76180,71339.72,71624.99,71279.82,71300.0,354.4233,64.05510677306847,380.1568169929759,0.00533179266469812,67436.62480772441,69013.1350292374,65860.11458621144,70589.6452507504,64283.60436469846,504.48327088415505,6306.040886051938,13,2026-03,bearish,0.05570827489481229,q4_high,"(60.0, 70.0]"
701,v17,701,long,TrendLong,2026-03-04 15:30:00,72705.68,0.2670804394959501,0,1,breakout_up,,76190,72972.15,73097.08,72576.1,72705.65,1131.11311,71.02147640744802,400.7743798703793,0.0055122865949259695,67551.67289184718,69128.14869263791,65975.19709105644,70704.62449342867,64398.72129026571,504.47225625303633,6305.903203162954,15,2026-03,bearish,0.36654647884999314,q4_high,"(70.0, 100.0]"
702,v17,702,short,Short1,2026-03-05 11:00:00,73190.7,0.026589008725083366,1,0,,,76268,73388.91,73449.96,73053.54,73190.73,630.39613,61.691498422693535,364.15106400206275,0.004975371389273789,69068.82188433448,70666.43936875567,67471.2043999133,72264.05685317685,65873.58691549212,511.2375950147782,6390.4699376847275,11,2026-03,bearish,0.2707719953059733,q4_high,"(60.0, 70.0]"
703,v17,703,long,Long1,2026-03-06 17:45:00,67955.13,0.028806345437183023,1,0,,,76391,67832.33,68052.61,67832.33,67955.1,248.02145,28.884727698979646,338.5330150909066,0.0049817160903435735,70618.72342729878,72242.34369931772,68995.10315527988,73865.96397133665,67371.48288326096,519.5584870460548,6494.481088075685,17,2026-03,bullish,0.18066340863305927,q4_high,"(-0.001, 30.0]"
704,v17,704,long,Long1,2026-03-07 07:15:00,67727.63,0.02890905432374428,1,0,,,76445,67636.18,67770.59,67608.14,67727.6,126.20378,37.23123973990246,258.2877647330995,0.003813626420146284,70770.63176555578,72396.8672557626,69144.39627534903,74023.1027459694,67518.16078514229,520.395356866169,6504.941960827113,7,2026-03,bullish,0.13498189807406846,q3,"(30.0, 40.0]"
705,v17,705,long,Long2,2026-03-07 07:15:00,67727.63,0.11563204926719413,2,0,,,76445,67636.18,67770.59,67608.14,67727.6,126.20378,37.23123973990246,258.2877647330995,0.003813626420146284,70770.63176555578,72396.8672557626,69144.39627534903,74023.1027459694,67518.16078514229,520.395356866169,6504.941960827113,7,2026-03,bullish,0.13498189807406846,q3,"(30.0, 40.0]"
706,v17,706,long,Long1,2026-03-08 22:30:00,66045.12,0.02955619414562066,1,0,,,76602,65915.09,66282.87,65728.7,66045.09,360.02452,32.87822996422376,240.24221318305288,0.0036375484261290717,68802.84841766651,70434.16866705328,67171.5281682797,72065.48891644004,65540.20791889292,522.0224798037694,6525.280997547117,22,2026-03,bullish,0.19683522272435391,q3,"(30.0, 40.0]"
707,v17,707,long,Long2,2026-03-08 22:30:00,66045.12,0.11822051511840771,2,0,,,76602,65915.09,66282.87,65728.7,66045.09,360.02452,32.87822996422376,240.24221318305288,0.0036375484261290717,68802.84841766651,70434.16866705328,67171.5281682797,72065.48891644004,65540.20791889292,522.0224798037694,6525.280997547117,22,2026-03,bullish,0.19683522272435391,q3,"(30.0, 40.0]"
708,v17,708,short,Short1,2026-03-09 14:45:00,69151.47,0.05646934785351374,1,0,,,76667,69416.37,69426.67,69062.0,69151.5,462.23545,65.71175912540548,296.2674531468785,0.004284324319022414,67905.79499164165,69515.24153455316,66296.34844873013,71124.68807746467,64686.90190581862,515.0228937316843,6437.786171646054,14,2026-03,bearish,0.38302856771002125,q3,"(60.0, 70.0]"
709,v17,710,short,Short1,2026-03-10 00:45:00,69157.34,0.0564690667701568,1,0,,,76707,69195.56,69290.42,69068.0,69157.37,160.37086,60.50728542529277,294.283300503016,0.004255270269864456,67717.40427583379,69312.59970515547,66122.2088465121,70907.79513447717,64527.013417190414,510.46253738294064,6380.781717286758,0,2026-03,bearish,0.05522188018428452,q3,"(60.0, 70.0]"
710,v17,709,short,Short2,2026-03-10 08:15:00,70842.19,0.10970695853128518,2,0,,,76737,70899.36,70986.0,70745.0,70842.22,352.54999,69.96917279919494,302.7806417211099,0.004274014023291617,67768.94172552052,69364.05223006014,66173.8312209809,70959.16273459977,64578.72071644127,510.43536145268007,6380.442018158501,8,2026-03,bearish,0.08065811602177264,q3,"(60.0, 70.0]"
711,v17,711,short,Short1,2026-03-11 13:45:00,70186.06,0.055502226821357734,1,0,,,76855,70442.01,70562.38,69793.17,70186.09,639.69715,61.33825163724507,301.97655145620246,0.004302512812099982,68692.39409977224,70321.3602025058,67063.4279970387,71950.32630523936,65434.46189430515,521.2691528747371,6515.864410934213,13,2026-03,bearish,0.3646306554475371,q3,"(60.0, 70.0]"
712,v17,712,short,Short1,2026-03-13 00:45:00,71475.58,0.054478690285022516,1,0,,,76995,71512.02,71554.91,71244.4,71475.61,341.64505,74.18708211017193,290.1044013861424,0.004058788744666081,69942.91398668794,71562.66409273064,68323.16388064521,73182.41419877336,66703.41377460248,518.3200339336705,6479.000424170881,0,2026-03,bearish,0.050940453673642645,q3,"(70.0, 100.0]"
713,v17,713,short,Short1,2026-03-15 23:15:00,72479.01,0.053735157812495396,1,0,,,77277,72992.0,73119.92,72473.55,72479.04,482.41778,60.756554710141835,196.46580039705836,0.002710656769143995,71163.02929382367,72847.27859891328,69478.77998873408,74531.52790400291,67794.53068364448,538.9597776286746,6736.997220358433,23,2026-03,bearish,0.7077356432977127,q1_low,"(60.0, 70.0]"
714,v17,714,short,Short2,2026-03-16 22:15:00,74660.28,0.10369498161033552,2,0,,,77369,74874.6,74894.67,74583.45,74660.31,246.35293,62.58812451598592,284.37790414001336,0.0038089569161983573,71739.94403342805,73459.22569769477,70020.66236916135,75178.50736196149,68301.38070489465,550.170132565347,6877.126657066838,22,2026-03,bearish,0.2870199708519937,q3,"(60.0, 70.0]"
715,v17,715,short,Short3,2026-03-17 01:30:00,75678.13,0.1017336709859592,3,0,,,77382,75933.8,76000.0,75507.51,75678.16,542.19866,65.3823115141716,307.86948494234434,0.004068141785454936,71847.09134922748,73570.71593399494,70123.46676446003,75294.3405187624,68399.84217969255,551.5598671255877,6894.498339069847,1,2026-03,bearish,0.3377989105443359,q3,"(60.0, 70.0]"
716,v17,717,long,Long1,2026-03-18 17:15:00,71479.94,0.02762427171356004,1,0,,,77541,71285.72,71513.81,71204.09,71479.91,182.38085,34.11762109971795,268.99315448451017,0.0037631994008457785,73496.00267766588,75251.64918849256,71740.35616683919,77007.29569931923,69984.70965601252,561.8068834645371,7022.586043306714,17,2026-03,bullish,0.27167073937278646,q3,"(30.0, 40.0]"
717,v17,718,long,Long2,2026-03-19 07:30:00,70096.98,0.11245504757743996,2,0,,,77598,69810.8,70242.4,69794.46,70096.95,418.15054,32.86504268416401,258.9169181213099,0.003693697345195617,73488.19681415688,75221.59721230273,71754.79641601103,76954.99761044858,70021.39601786516,554.6881274066737,6933.601592583422,7,2026-03,bullish,0.40822032912986117,q3,"(30.0, 40.0]"
718,v17,716,long,Long3,2026-03-19 13:15:00,69333.03,0.11306036003210737,3,0,,,77621,69094.99,69521.7,69087.18,69333.0,386.20659,31.244124066854752,257.8318817740285,0.003718746942639558,73318.18702928601,75037.74064460247,71598.63341396957,76757.29425991893,69879.07979865311,550.2571569012653,6878.214461265816,13,2026-03,bullish,0.3432853042562629,q3,"(30.0, 40.0]"
719,v17,719,long,Long1,2026-03-20 14:15:00,69940.51,0.02816559247214878,1,0,,,77721,69810.33,69982.75,69589.38,69940.48,540.65675,37.749289669171006,269.62447333326435,0.0038550560895959586,72077.05729938115,73721.5302128978,70432.58438586447,75366.00312641443,68788.11147234778,526.2313323253323,6577.891654066654,14,2026-03,bullish,0.1860867983748384,q3,"(30.0, 40.0]"
720,v17,720,long,Long1,2026-03-22 00:15:00,68904.28,0.028595679016535033,1,0,,,77857,68690.36,69066.5,68658.0,68904.25,500.73164,19.11652506850926,182.44436653249215,0.00264779555009295,70539.33552216858,72169.2163329848,68909.45471135236,73799.097143801,67279.57390053612,521.5618594611902,6519.523243264877,0,2026-03,bullish,0.3104162660503516,q1_low,"(-0.001, 30.0]"
721,v17,721,long,Long1,2026-03-22 10:45:00,68648.2,0.057404504776072875,1,0,,,77899,68620.11,68687.19,68584.27,68648.17,80.59018,37.21899825280236,182.46534793577615,0.0026579783253621496,70281.83176145585,71936.35946711083,68627.30405580085,73590.8871727658,66972.77635014585,529.4488658095954,6618.110822619943,10,2026-03,bullish,0.04087508814874114,q1_low,"(30.0, 40.0]"
722,v17,722,short,Short1,2026-03-23 14:15:00,71353.16,0.055204694883853926,1,0,,,78009,71524.82,71734.81,71288.71,71353.19,406.99711,71.44031261299955,316.41373459431304,0.0044344721601698965,69666.36439590604,71357.2664876162,67975.46230419585,73048.16857932635,66284.56021248568,541.0886693472531,6763.6083668406645,14,2026-03,bearish,0.24053584710088596,q3,"(70.0, 100.0]"
723,v17,723,short,Short1,2026-03-25 00:45:00,70840.72,0.05560559920316623,1,0,,,78147,70923.9,70995.3,70791.05,70840.75,158.44754,64.212585270641,278.9106357992318,0.003937149674435008,69634.07155459358,71367.99715128125,67900.14595790594,73101.9227479689,66166.2203612183,554.8561909400486,6935.702386750607,0,2026-03,bearish,0.11737594534218536,q3,"(60.0, 70.0]"
724,v17,724,long,Long1,2026-03-26 15:15:00,69030.52,0.05698168094105105,1,0,,,78301,68950.76,69082.87,68632.4,69030.49,685.63862,31.678764716353953,238.85028484792397,0.003460069381630117,70559.18446455328,72261.22452494671,68857.14440415983,73963.26458534012,67155.10434376636,544.6528193259006,6808.160241573758,15,2026-03,bullish,0.11549968716723649,q2,"(30.0, 40.0]"
725,v17,725,long,Long1,2026-03-27 15:15:00,66333.01,0.029413540509057222,1,0,,,78397,66243.15,66458.57,65958.75,66332.98,681.0996,39.6346389480711,256.3213275927487,0.0038641611999453165,70091.39266043944,71768.59173221004,68414.1935886688,73445.79080398066,66736.99451689818,536.7037029665988,6708.796287082485,15,2026-03,bullish,0.13542283190051427,q3,"(30.0, 40.0]"
726,v17,726,long,Long1,2026-03-29 00:00:00,66412.31,0.02934530717032943,1,0,,,78528,66377.04,66471.29,66361.94,66412.28,69.48811,35.582627935669024,164.18826858451231,0.0024722576695832806,68279.24041685618,69870.46803819627,66688.01279551609,71461.69565953634,65096.785174176,509.1928388288274,6364.910485360342,0,2026-03,bullish,0.053062475795146974,q1_low,"(30.0, 40.0]"
727,v17,727,long,Long1,2026-03-29 22:45:00,65860.34,0.05919517076549815,1,0,,,78619,65684.24,65983.35,65000.0,65860.31,1331.79608,34.4430113094929,170.44111776946824,0.0025879185471411876,67118.30229177435,68706.00470923324,65530.59987431548,70293.70712669214,63942.89745685661,508.06477358684236,6350.809669835529,22,2026-03,bullish,0.26733855337151075,q1_low,"(30.0, 40.0]"
728,v17,728,short,Short1,2026-03-30 13:15:00,67878.82,0.05745268006145215,1,0,,,78677,67915.01,68169.65,67878.85,67878.85,525.54884,64.45791769663604,198.45548321890416,0.0029236718538823824,66713.7945284351,68314.99183776604,65112.59721910418,69916.18914709697,63511.39990977327,512.3831389858964,6404.789237323705,13,2026-03,bearish,0.05327137981858699,q2,"(60.0, 70.0]"
729,v17,729,short,Short1,2026-03-31 02:00:00,67916.56,0.057425898895907136,1,0,,,78728,67938.05,67986.41,67775.18,67916.59,129.57183,74.0618704034821,230.17347839043404,0.003389061176222688,66721.13541869356,68324.57022577767,65117.700611609456,69928.00503286178,63514.26580452534,513.0991382669151,6413.739228336439,2,2026-03,bearish,0.03159758168071513,q2,"(70.0, 100.0]"
730,v17,730,short,Short1,2026-03-31 17:15:00,68033.97,0.0573486919552937,1,0,,,78789,68454.0,68589.49,67989.02,68034.0,636.3346,60.6126730814155,287.368743058774,0.0042238989778459884,66895.20709144456,68503.05579072265,65287.35839216647,70110.90449000073,63679.50969288838,514.511583768988,6431.394797112349,17,2026-03,bearish,0.617338389628715,q3,"(60.0, 70.0]"
731,v17,731,short,Short1,2026-04-01 05:30:00,68507.84,0.05697393749925942,1,0,,,78838,68585.98,68649.54,68476.04,68507.87,163.45608,63.4433134850643,262.93590623313054,0.0038380394286544094,67056.67271914669,68677.54922038542,65435.79621790792,70298.42572162415,63814.91971666914,518.6804803964012,6483.506004955016,5,2026-04,bearish,0.11401609771257022,q3,"(60.0, 70.0]"
732,v17,732,long,Long1,2026-04-02 04:45:00,66330.3,0.05883427989674017,1,0,,,78931,66287.02,66387.23,66271.21,66330.27,182.72615,26.567170686615754,263.58856916722766,0.003973880540019325,67578.80182432647,69193.51952790434,65964.08412074856,70808.2372314822,64349.36641717067,516.7096651449224,6458.870814311529,4,2026-04,bullish,0.06520401620557251,q3,"(-0.001, 30.0]"
733,v17,733,long,Long1,2026-04-02 12:30:00,66224.37,0.05895202373701766,1,0,,,78962,66149.4,66224.35,66109.43,66224.34,137.24487,39.58889041671229,237.00069255145627,0.003578755070287696,67609.36847598528,69214.178096974,66004.55885499653,70818.98771796274,64399.74923400779,513.5390787163959,6419.238483954949,12,2026-04,bullish,0.11316081066266924,q2,"(30.0, 40.0]"
734,v17,734,short,Short1,2026-04-06 00:15:00,69181.98,0.028222450582648093,1,0,,,79297,69234.56,69349.99,69075.11,69182.01,373.03636,84.14166679206899,141.9071088040823,0.002051214019426182,66992.27532713758,68665.91574744535,65318.6349068298,70339.55616775312,63644.99448652201,535.564934498489,6694.561681231113,0,2026-04,bearish,0.07595905351695176,q1_low,"(70.0, 100.0]"
735,v17,735,short,Short1,2026-04-07 09:45:00,69150.02,0.05648386564413931,1,0,,,79431,69185.88,69196.96,69120.7,69150.05,49.98654,65.09200060976126,184.92755115352267,0.002674293816902846,67963.58960364439,69628.32528182084,66298.85392546793,71293.06095999728,64634.118247291495,532.7154170164629,6658.942712705786,9,2026-04,bearish,0.05181485768991019,q1_low,"(60.0, 70.0]"
736,v17,736,short,Short1,2026-04-07 23:00:00,71487.31,0.027325587412300893,1,0,,,79484,71514.1,71731.11,71194.9,71487.34,762.12711,82.18549990754377,257.2780100110413,0.0035989310836162225,68251.55137558699,69940.66011121511,66562.44263995884,71629.76884684325,64873.3339043307,540.5147954010038,6756.434942512547,23,2026-04,bearish,0.037433201459180485,q2,"(70.0, 100.0]"
737,v17,737,short,Short2,2026-04-07 23:00:00,71487.31,0.10929841017934275,2,0,,,79484,71514.1,71731.11,71194.9,71487.34,762.12711,82.18549990754377,257.2780100110413,0.0035989310836162225,68251.55137558699,69940.66011121511,66562.44263995884,71629.76884684325,64873.3339043307,540.5147954010038,6756.434942512547,23,2026-04,bearish,0.037433201459180485,q2,"(70.0, 100.0]"
738,v17,738,short,Short1,2026-04-09 09:15:00,71292.41,0.054848825056583096,1,0,,,79621,71324.6,71535.76,71233.77,71292.44,196.14225,60.305747254463235,220.43601422894704,0.0030919970508646783,69953.76849651894,71678.5999960144,68228.93699702347,73403.43149550985,66504.10549752798,551.9460798385495,6899.325997981869,9,2026-04,bearish,0.04510997238978423,q2,"(60.0, 70.0]"
739,v17,739,short,Short1,2026-04-09 17:45:00,72347.46,0.027033380300198747,1,0,,,79655,72424.41,72481.38,72263.26,72347.49,137.06151,67.71997628339996,241.63538645931717,0.0033399277080561765,70202.47865316951,71901.90806821603,68503.049238123,73601.33748326256,66803.61982307647,543.8174128148868,6797.717660186085,17,2026-04,bearish,0.10632020544181733,q2,"(60.0, 70.0]"
740,v17,740,short,Short1,2026-04-10 11:30:00,72185.98,0.054196142948982284,1,0,,,79726,72214.38,72261.93,72140.67,72186.01,111.37643,63.54129961178458,215.8724075878657,0.002990502004306177,70809.87065168806,72480.84227484696,69138.89902852914,74151.81389800586,67467.92740537021,534.7109194108518,6683.886492635647,11,2026-04,bearish,0.039301244105346585,q2,"(60.0, 70.0]"
741,v17,741,short,Short1,2026-04-11 19:45:00,73687.12,0.052986991594799984,1,0,,,79855,73692.43,73692.44,73609.34,73687.15,65.33873,80.30645838584978,159.636791580014,0.002166412889900261,71995.52210051578,73701.00310686893,70290.04109416263,75406.48411322208,68584.56008780948,545.7539220330073,6821.924025412591,19,2026-04,bearish,0.0071654284362997304,q1_low,"(70.0, 100.0]"
742,v17,742,long,Long1,2026-04-12 23:15:00,70719.5,0.05562864945488603,1,0,,,79965,70632.51,70760.74,70600.0,70719.47,228.92436,39.84846233165982,167.40971085075068,0.0023672365029142706,72303.86920450945,74019.94389400161,70587.79451501726,75736.01858349377,68871.71982552507,549.1439006374962,6864.298757968703,23,2026-04,bullish,0.12296472244490295,q1_low,"(30.0, 40.0]"
743,v17,743,short,Short1,2026-04-13 23:30:00,74562.62,0.026389629142878315,1,0,,,80062,74730.84,74877.48,74547.51,74562.65,328.97798,76.78804104699802,229.04155034606754,0.003071800027843264,72066.47959889895,73792.5437628369,70340.41543496096,75518.60792677486,68614.35127102297,552.340532460151,6904.256655751888,23,2026-04,bearish,0.22556869961033083,q2,"(70.0, 100.0]"
744,v17,745,short,Short1,2026-04-14 07:15:00,74669.7,0.026356130360805603,1,0,,,80093,74775.03,74796.49,74615.0,74669.73,143.06414,64.11988131515298,209.66554454715606,0.0028079054865627084,72136.18045860472,73863.26432288036,70409.09659432905,75590.34818715599,68682.01273005338,552.6668365682091,6908.335457102614,7,2026-04,bearish,0.1410210000759383,q1_low,"(60.0, 70.0]"
745,v17,744,short,Short2,2026-04-14 14:30:00,75376.41,0.10433348120832123,2,0,,,80122,75855.08,76038.0,75231.02,75376.44,1528.20974,64.46168972679479,216.15960235265865,0.002867734299373367,72271.42363520578,74002.65724054516,70540.19002986638,75733.89084588454,68808.956424527,553.9947537086031,6924.934421357539,14,2026-04,bearish,0.6349994772902506,q1_low,"(60.0, 70.0]"
746,v17,746,short,Short1,2026-04-15 19:45:00,75002.57,0.02624705222232749,1,0,,,80239,75068.15,75136.9,74939.92,75002.6,269.24926,68.47872093816298,235.89846373177983,0.003145203816024775,72980.8267791568,74733.10183138633,71228.55172692722,76485.37688361586,69476.27667469764,560.7280167134572,7009.100208918215,19,2026-04,bearish,0.08739697023834954,q2,"(60.0, 70.0]"
747,v17,747,short,Short1,2026-04-17 09:30:00,75752.88,0.051983142940776515,1,0,,,80390,76284.96,76322.73,75518.78,75752.91,529.47254,64.89146205019966,228.30201507180792,0.003013772211150805,74483.63218300471,76225.07337785646,72742.19098815294,77966.51457270821,71000.74979330118,557.261182352563,6965.764779407036,9,2026-04,bearish,0.7023492562859999,q2,"(60.0, 70.0]"
748,v17,748,short,Short1,2026-04-17 14:45:00,77886.74,0.025286734291445602,1,0,,,80411,77983.12,78052.49,77701.13,77886.77,919.87747,75.08583006706337,273.85518064239307,0.0035160680131220367,74564.94224471202,76308.33199305966,72821.55249636437,78051.7217414073,71078.16274801672,557.8847194712458,6973.558993390572,14,2026-04,bearish,0.12370521976966212,q2,"(70.0, 100.0]"
749,v17,749,short,Short2,2026-04-17 14:45:00,77886.74,0.10114329198152457,2,0,,,80411,77983.12,78052.49,77701.13,77886.77,919.87747,75.08583006706337,273.85518064239307,0.0035160680131220367,74564.94224471202,76308.33199305966,72821.55249636437,78051.7217414073,71078.16274801672,557.8847194712458,6973.558993390572,14,2026-04,bearish,0.12370521976966212,q2,"(70.0, 100.0]"
750,v17,750,short,Short1,2026-04-22 03:15:00,77529.06,0.026024851620431142,1,0,,,80845,77606.78,77606.78,77402.94,77529.09,173.05274,75.74270082490902,262.7362724604407,0.0033888734210660893,75484.79425585865,77244.37240045892,73725.21611125837,79003.95054505918,71965.6379666581,563.0650062720862,7038.312578401077,3,2026-04,bearish,0.1002075479023452,q2,"(70.0, 100.0]"
751,v17,751,short,Short2,2026-04-22 14:15:00,79008.28,0.10195184282660494,2,0,,,80889,79057.81,79174.68,78778.2,79008.31,506.95283,74.78131495771207,239.89270329589834,0.003036297109707806,75703.61287339395,77472.82002379672,73934.4057229912,79242.02717419948,72165.19857258844,566.1462881288829,7076.828601611036,14,2026-04,bearish,0.06265163753028005,q2,"(70.0, 100.0]"
752,v17,752,short,Short1,2026-04-27 01:00:00,79127.8,0.051030366859804006,1,0,,,81316,79309.0,79485.66,79111.59,79127.83,365.58217,65.85811875434148,162.24954259944846,0.002050473804215893,77774.71250715578,79678.1997382255,75871.22527608604,81581.68696929523,73967.7380450163,609.1159139423143,7613.948924278928,1,2026-04,bearish,0.22895863566585645,q1_low,"(60.0, 70.0]"
753,v17,753,long,Long1,2026-04-29 16:00:00,76031.8,0.05354365835397746,1,0,,,81568,75924.24,76125.47,75847.71,76031.77,235.95717,29.528431093231944,190.8841603854653,0.0025105841990192427,77311.90585395136,79190.24599934576,75433.56570855703,81068.58614474015,73555.22556316268,601.0688465261983,7513.360581577479,16,2026-04,bullish,0.1414277215958524,q1_low,"(-0.001, 30.0]"
754,v17,754,short,Short1,2026-05-01 12:45:00,77895.98,0.05228604109223929,1,0,,,81747,77959.08,78042.37,77896.0,77896.01,233.43565,74.26266239682604,166.556750653243,0.0021381936077758414,76435.34845023518,78237.74523967119,74632.95166079915,80040.1420291072,72830.55487136313,576.7669726195256,7209.58715774407,12,2026-05,bearish,0.08096691987177133,q1_low,"(70.0, 100.0]"
